Year,water_condition,totalWater_m,GDD,FIPS,Crop,yield_kgHa_pred_fixed
2006,dry,0.4501735351671465,2658.5670654296923,20005,Wheat,3575.7871672857086
2006,median,0.5967868857319554,2658.5670654296923,20005,Wheat,3178.4373829112633
2006,wet,0.7921389414914338,2658.5670654296923,20005,Wheat,1683.676265295867
2007,dry,0.4501735351671465,2658.5670654296923,20005,Wheat,3573.303355758498
2007,median,0.5967868857319554,2658.5670654296923,20005,Wheat,3217.596746067947
2007,wet,0.7921389414914338,2658.5670654296923,20005,Wheat,1778.3222519524602
2008,dry,0.4501735351671465,2658.5670654296923,20005,Wheat,3570.819544231288
2008,median,0.5967868857319554,2658.5670654296923,20005,Wheat,3256.756109224631
2008,wet,0.7921389414914338,2658.5670654296923,20005,Wheat,1872.9682386090533
2009,dry,0.4501735351671465,2658.5670654296923,20005,Wheat,3568.335732704078
2009,median,0.5967868857319554,2658.5670654296923,20005,Wheat,3295.915472381315
2009,wet,0.7921389414914338,2658.5670654296923,20005,Wheat,1967.6142252656464
2010,dry,0.4501735351671465,2658.5670654296923,20005,Wheat,3565.851921176868
2010,median,0.5967868857319554,2658.5670654296923,20005,Wheat,3335.0748355379983
2010,wet,0.7921389414914338,2658.5670654296923,20005,Wheat,2062.2602119222397
2011,dry,0.4501735351671465,2658.5670654296923,20005,Wheat,3563.368109649658
2011,median,0.5967868857319554,2658.5670654296923,20005,Wheat,3374.2341986946826
2011,wet,0.7921389414914338,2658.5670654296923,20005,Wheat,2156.9061985788326
2012,dry,0.4501735351671465,2658.5670654296923,20005,Wheat,3560.884298122448
2012,median,0.5967868857319554,2658.5670654296923,20005,Wheat,3413.3935618513665
2012,wet,0.7921389414914338,2658.5670654296923,20005,Wheat,2251.5521852354254
2013,dry,0.4501735351671465,2658.5670654296923,20005,Wheat,3558.4004865952375
2013,median,0.5967868857319554,2658.5670654296923,20005,Wheat,3452.55292500805
2013,wet,0.7921389414914338,2658.5670654296923,20005,Wheat,2346.1981718920188
2014,dry,0.4501735351671465,2658.5670654296923,20005,Wheat,3555.9166750680274
2014,median,0.5967868857319554,2658.5670654296923,20005,Wheat,3491.7122881647338
2014,wet,0.7921389414914338,2658.5670654296923,20005,Wheat,2440.8441585486116
2015,dry,0.4501735351671465,2658.5670654296923,20005,Wheat,3553.4328635408174
2015,median,0.5967868857319554,2658.5670654296923,20005,Wheat,3530.871651321418
2015,wet,0.7921389414914338,2658.5670654296923,20005,Wheat,2535.490145205205
2016,dry,0.4501735351671465,2658.5670654296923,20005,Wheat,3550.949052013607
2016,median,0.5967868857319554,2658.5670654296923,20005,Wheat,3570.0310144781015
2016,wet,0.7921389414914338,2658.5670654296923,20005,Wheat,2630.1361318617983
2017,dry,0.4501735351671465,2658.5670654296923,20005,Wheat,3548.4652404863978
2017,median,0.5967868857319554,2658.5670654296923,20005,Wheat,3609.1903776347854
2017,wet,0.7921389414914338,2658.5670654296923,20005,Wheat,2724.782118518391
2018,dry,0.4501735351671465,2658.5670654296923,20005,Wheat,3545.981428959187
2018,median,0.5967868857319554,2658.5670654296923,20005,Wheat,3648.3497407914692
2018,wet,0.7921389414914338,2658.5670654296923,20005,Wheat,2819.428105174984
2019,dry,0.4501735351671465,2658.5670654296923,20005,Wheat,3543.497617431977
2019,median,0.5967868857319554,2658.5670654296923,20005,Wheat,3687.509103948153
2019,wet,0.7921389414914338,2658.5670654296923,20005,Wheat,2914.0740918315773
2020,dry,0.4501735351671465,2658.5670654296923,20005,Wheat,3541.0138059047667
2020,median,0.5967868857319554,2658.5670654296923,20005,Wheat,3726.668467104837
2020,wet,0.7921389414914338,2658.5670654296923,20005,Wheat,3008.72007848817
2021,dry,0.4501735351671465,2658.5670654296923,20005,Wheat,3538.529994377557
2021,median,0.5967868857319554,2658.5670654296923,20005,Wheat,3765.827830261521
2021,wet,0.7921389414914338,2658.5670654296923,20005,Wheat,3103.3660651447635
2022,dry,0.4501735351671465,2658.5670654296923,20005,Wheat,3536.046182850347
2022,median,0.5967868857319554,2658.5670654296923,20005,Wheat,3804.987193418205
2022,wet,0.7921389414914338,2658.5670654296923,20005,Wheat,3198.012051801357
2023,dry,0.4501735351671465,2658.5670654296923,20005,Wheat,3533.562371323136
2023,median,0.5967868857319554,2658.5670654296923,20005,Wheat,3844.1465565748886
2023,wet,0.7921389414914338,2658.5670654296923,20005,Wheat,3292.65803845795
2024,dry,0.4501735351671465,2658.5670654296923,20005,Wheat,3531.078559795926
2024,median,0.5967868857319554,2658.5670654296923,20005,Wheat,3883.3059197315724
2024,wet,0.7921389414914338,2658.5670654296923,20005,Wheat,3387.304025114543
2025,dry,0.4501735351671465,2658.5670654296923,20005,Wheat,3528.594748268716
2025,median,0.5967868857319554,2658.5670654296923,20005,Wheat,3922.465282888256
2025,wet,0.7921389414914338,2658.5670654296923,20005,Wheat,3481.950011771136
2026,dry,0.4501735351671465,2658.5670654296923,20005,Wheat,3526.110936741506
2026,median,0.5967868857319554,2658.5670654296923,20005,Wheat,3961.62464604494
2026,wet,0.7921389414914338,2658.5670654296923,20005,Wheat,3576.595998427729
2027,dry,0.4501735351671465,2658.5670654296923,20005,Wheat,3523.627125214296
2027,median,0.5967868857319554,2658.5670654296923,20005,Wheat,4000.784009201624
2027,wet,0.7921389414914338,2658.5670654296923,20005,Wheat,3671.241985084322
2028,dry,0.4501735351671465,2658.5670654296923,20005,Wheat,3521.1433136870864
2028,median,0.5967868857319554,2658.5670654296923,20005,Wheat,4039.943372358308
2028,wet,0.7921389414914338,2658.5670654296923,20005,Wheat,3765.8879717409154
2029,dry,0.4501735351671465,2658.5670654296923,20005,Wheat,3518.659502159876
2029,median,0.5967868857319554,2658.5670654296923,20005,Wheat,4079.102735514991
2029,wet,0.7921389414914338,2658.5670654296923,20005,Wheat,3860.5339583975083
2030,dry,0.4501735351671465,2658.5670654296923,20005,Wheat,3516.1756906326664
2030,median,0.5967868857319554,2658.5670654296923,20005,Wheat,4118.262098671675
2030,wet,0.7921389414914338,2658.5670654296923,20005,Wheat,3955.1799450541016
2031,dry,0.4501735351671465,2658.5670654296923,20005,Wheat,3513.6918791054554
2031,median,0.5967868857319554,2658.5670654296923,20005,Wheat,4157.421461828359
2031,wet,0.7921389414914338,2658.5670654296923,20005,Wheat,4049.8259317106945
2032,dry,0.4501735351671465,2658.5670654296923,20005,Wheat,3511.2080675782454
2032,median,0.5967868857319554,2658.5670654296923,20005,Wheat,4196.580824985043
2032,wet,0.7921389414914338,2658.5670654296923,20005,Wheat,4144.471918367287
2033,dry,0.4501735351671465,2658.5670654296923,20005,Wheat,3508.724256051035
2033,median,0.5967868857319554,2658.5670654296923,20005,Wheat,4235.740188141727
2033,wet,0.7921389414914338,2658.5670654296923,20005,Wheat,4239.117905023881
2034,dry,0.4501735351671465,2658.5670654296923,20005,Wheat,3506.2404445238253
2034,median,0.5967868857319554,2658.5670654296923,20005,Wheat,4274.899551298411
2034,wet,0.7921389414914338,2658.5670654296923,20005,Wheat,4333.7638916804735
2035,dry,0.4501735351671465,2658.5670654296923,20005,Wheat,3503.7566329966144
2035,median,0.5967868857319554,2658.5670654296923,20005,Wheat,4314.058914455095
2035,wet,0.7921389414914338,2658.5670654296923,20005,Wheat,4428.409878337066
2036,dry,0.4501735351671465,2658.5670654296923,20005,Wheat,3501.2728214694043
2036,median,0.5967868857319554,2658.5670654296923,20005,Wheat,4353.218277611779
2036,wet,0.7921389414914338,2658.5670654296923,20005,Wheat,4523.05586499366
2037,dry,0.4501735351671465,2658.5670654296923,20005,Wheat,3498.7890099421948
2037,median,0.5967868857319554,2658.5670654296923,20005,Wheat,4392.377640768462
2037,wet,0.7921389414914338,2658.5670654296923,20005,Wheat,4617.701851650253
2038,dry,0.4501735351671465,2658.5670654296923,20005,Wheat,3496.3051984149843
2038,median,0.5967868857319554,2658.5670654296923,20005,Wheat,4431.537003925146
2038,wet,0.7921389414914338,2658.5670654296923,20005,Wheat,4712.347838306846
2039,dry,0.4501735351671465,2658.5670654296923,20005,Wheat,3493.8213868877747
2039,median,0.5967868857319554,2658.5670654296923,20005,Wheat,4470.69636708183
2039,wet,0.7921389414914338,2658.5670654296923,20005,Wheat,4806.993824963439
2040,dry,0.4501735351671465,2658.5670654296923,20005,Wheat,3491.337575360564
2040,median,0.5967868857319554,2658.5670654296923,20005,Wheat,4509.855730238514
2040,wet,0.7921389414914338,2658.5670654296923,20005,Wheat,4901.639811620033
2041,dry,0.4501735351671465,2658.5670654296923,20005,Wheat,3488.8537638333546
2041,median,0.5967868857319554,2658.5670654296923,20005,Wheat,4549.015093395197
2041,wet,0.7921389414914338,2658.5670654296923,20005,Wheat,4996.285798276625
2042,dry,0.4501735351671465,2658.5670654296923,20005,Wheat,3486.369952306144
2042,median,0.5967868857319554,2658.5670654296923,20005,Wheat,4588.174456551881
2042,wet,0.7921389414914338,2658.5670654296923,20005,Wheat,5090.931784933218
2043,dry,0.4501735351671465,2658.5670654296923,20005,Wheat,3483.8861407789336
2043,median,0.5967868857319554,2658.5670654296923,20005,Wheat,4627.333819708565
2043,wet,0.7921389414914338,2658.5670654296923,20005,Wheat,5185.577771589811
2044,dry,0.4501735351671465,2658.5670654296923,20005,Wheat,3481.4023292517236
2044,median,0.5967868857319554,2658.5670654296923,20005,Wheat,4666.493182865249
2044,wet,0.7921389414914338,2658.5670654296923,20005,Wheat,5280.223758246404
2045,dry,0.4501735351671465,2658.5670654296923,20005,Wheat,3478.9185177245135
2045,median,0.5967868857319554,2658.5670654296923,20005,Wheat,4705.652546021933
2045,wet,0.7921389414914338,2658.5670654296923,20005,Wheat,5374.869744902998
2046,dry,0.4501735351671465,2658.5670654296923,20005,Wheat,3476.434706197304
2046,median,0.5967868857319554,2658.5670654296923,20005,Wheat,4744.811909178617
2046,wet,0.7921389414914338,2658.5670654296923,20005,Wheat,5469.515731559591
2047,dry,0.4501735351671465,2658.5670654296923,20005,Wheat,3473.9508946700926
2047,median,0.5967868857319554,2658.5670654296923,20005,Wheat,4783.971272335301
2047,wet,0.7921389414914338,2658.5670654296923,20005,Wheat,5564.1617182161845
2048,dry,0.4501735351671465,2658.5670654296923,20005,Wheat,3471.467083142883
2048,median,0.5967868857319554,2658.5670654296923,20005,Wheat,4823.130635491985
2048,wet,0.7921389414914338,2658.5670654296923,20005,Wheat,5658.807704872777
2049,dry,0.4501735351671465,2658.5670654296923,20005,Wheat,3468.9832716156725
2049,median,0.5967868857319554,2658.5670654296923,20005,Wheat,4862.289998648668
2049,wet,0.7921389414914338,2658.5670654296923,20005,Wheat,5753.45369152937
2050,dry,0.4501735351671465,2658.5670654296923,20005,Wheat,3466.499460088463
2050,median,0.5967868857319554,2658.5670654296923,20005,Wheat,4901.449361805352
2050,wet,0.7921389414914338,2658.5670654296923,20005,Wheat,5848.099678185963
2051,dry,0.4501735351671465,2658.5670654296923,20005,Wheat,3464.015648561253
2051,median,0.5967868857319554,2658.5670654296923,20005,Wheat,4940.608724962036
2051,wet,0.7921389414914338,2658.5670654296923,20005,Wheat,5942.745664842556
2052,dry,0.4501735351671465,2658.5670654296923,20005,Wheat,3461.531837034043
2052,median,0.5967868857319554,2658.5670654296923,20005,Wheat,4979.76808811872
2052,wet,0.7921389414914338,2658.5670654296923,20005,Wheat,6037.391651499149
2053,dry,0.4501735351671465,2658.5670654296923,20005,Wheat,3459.048025506833
2053,median,0.5967868857319554,2658.5670654296923,20005,Wheat,5018.927451275403
2053,wet,0.7921389414914338,2658.5670654296923,20005,Wheat,6132.037638155742
2054,dry,0.4501735351671465,2658.5670654296923,20005,Wheat,3456.5642139796228
2054,median,0.5967868857319554,2658.5670654296923,20005,Wheat,5058.086814432087
2054,wet,0.7921389414914338,2658.5670654296923,20005,Wheat,6226.683624812335
2055,dry,0.4501735351671465,2658.5670654296923,20005,Wheat,3454.0804024524127
2055,median,0.5967868857319554,2658.5670654296923,20005,Wheat,5097.246177588771
2055,wet,0.7921389414914338,2658.5670654296923,20005,Wheat,6321.329611468929
2056,dry,0.4501735351671465,2658.5670654296923,20005,Wheat,3451.596590925202
2056,median,0.5967868857319554,2658.5670654296923,20005,Wheat,5136.405540745455
2056,wet,0.7921389414914338,2658.5670654296923,20005,Wheat,6415.975598125521
2057,dry,0.4501735351671465,2658.5670654296923,20005,Wheat,3449.112779397992
2057,median,0.5967868857319554,2658.5670654296923,20005,Wheat,5175.564903902139
2057,wet,0.7921389414914338,2658.5670654296923,20005,Wheat,6510.621584782115
2058,dry,0.4501735351671465,2658.5670654296923,20005,Wheat,3446.6289678707817
2058,median,0.5967868857319554,2658.5670654296923,20005,Wheat,5214.724267058823
2058,wet,0.7921389414914338,2658.5670654296923,20005,Wheat,6605.267571438708
2059,dry,0.4501735351671465,2658.5670654296923,20005,Wheat,3444.145156343571
2059,median,0.5967868857319554,2658.5670654296923,20005,Wheat,5253.883630215507
2059,wet,0.7921389414914338,2658.5670654296923,20005,Wheat,6699.913558095301
2060,dry,0.4501735351671465,2658.5670654296923,20005,Wheat,3441.661344816361
2060,median,0.5967868857319554,2658.5670654296923,20005,Wheat,5293.042993372191
2060,wet,0.7921389414914338,2658.5670654296923,20005,Wheat,6794.559544751894
2061,dry,0.4501735351671465,2658.5670654296923,20005,Wheat,3439.1775332891507
2061,median,0.5967868857319554,2658.5670654296923,20005,Wheat,5332.202356528875
2061,wet,0.7921389414914338,2658.5670654296923,20005,Wheat,6889.205531408486
2062,dry,0.4501735351671465,2658.5670654296923,20005,Wheat,3436.6937217619407
2062,median,0.5967868857319554,2658.5670654296923,20005,Wheat,5371.3617196855585
2062,wet,0.7921389414914338,2658.5670654296923,20005,Wheat,6983.851518065079
2063,dry,0.4501735351671465,2658.5670654296923,20005,Wheat,3434.209910234731
2063,median,0.5967868857319554,2658.5670654296923,20005,Wheat,5410.521082842242
2063,wet,0.7921389414914338,2658.5670654296923,20005,Wheat,7078.497504721672
2064,dry,0.4501735351671465,2658.5670654296923,20005,Wheat,3431.726098707521
2064,median,0.5967868857319554,2658.5670654296923,20005,Wheat,5449.680445998926
2064,wet,0.7921389414914338,2658.5670654296923,20005,Wheat,7173.143491378266
2065,dry,0.4501735351671465,2658.5670654296923,20005,Wheat,3429.242287180311
2065,median,0.5967868857319554,2658.5670654296923,20005,Wheat,5488.839809155609
2065,wet,0.7921389414914338,2658.5670654296923,20005,Wheat,7267.789478034859
2066,dry,0.4501735351671465,2658.5670654296923,20005,Wheat,3426.758475653101
2066,median,0.5967868857319554,2658.5670654296923,20005,Wheat,5527.999172312293
2066,wet,0.7921389414914338,2658.5670654296923,20005,Wheat,7362.435464691453
2067,dry,0.4501735351671465,2658.5670654296923,20005,Wheat,3424.2746641258914
2067,median,0.5967868857319554,2658.5670654296923,20005,Wheat,5567.158535468977
2067,wet,0.7921389414914338,2658.5670654296923,20005,Wheat,7457.081451348045
2068,dry,0.4501735351671465,2658.5670654296923,20005,Wheat,3421.7908525986804
2068,median,0.5967868857319554,2658.5670654296923,20005,Wheat,5606.317898625661
2068,wet,0.7921389414914338,2658.5670654296923,20005,Wheat,7551.727438004638
2069,dry,0.4501735351671465,2658.5670654296923,20005,Wheat,3419.3070410714704
2069,median,0.5967868857319554,2658.5670654296923,20005,Wheat,5645.4772617823455
2069,wet,0.7921389414914338,2658.5670654296923,20005,Wheat,7646.373424661231
2070,dry,0.4501735351671465,2658.5670654296923,20005,Wheat,3416.82322954426
2070,median,0.5967868857319554,2658.5670654296923,20005,Wheat,5684.636624939029
2070,wet,0.7921389414914338,2658.5670654296923,20005,Wheat,7741.019411317824
2071,dry,0.4501735351671465,2658.5670654296923,20005,Wheat,3414.339418017049
2071,median,0.5967868857319554,2658.5670654296923,20005,Wheat,5723.795988095713
2071,wet,0.7921389414914338,2658.5670654296923,20005,Wheat,7835.665397974417
2072,dry,0.4501735351671465,2658.5670654296923,20005,Wheat,3411.8556064898394
2072,median,0.5967868857319554,2658.5670654296923,20005,Wheat,5762.955351252397
2072,wet,0.7921389414914338,2658.5670654296923,20005,Wheat,7930.311384631011
2073,dry,0.4501735351671465,2658.5670654296923,20005,Wheat,3409.3717949626293
2073,median,0.5967868857319554,2658.5670654296923,20005,Wheat,5802.114714409081
2073,wet,0.7921389414914338,2658.5670654296923,20005,Wheat,8024.9573712876045
2074,dry,0.4501735351671465,2658.5670654296923,20005,Wheat,3406.8879834354193
2074,median,0.5967868857319554,2658.5670654296923,20005,Wheat,5841.274077565764
2074,wet,0.7921389414914338,2658.5670654296923,20005,Wheat,8119.603357944196
2075,dry,0.4501735351671465,2658.5670654296923,20005,Wheat,3404.4041719082093
2075,median,0.5967868857319554,2658.5670654296923,20005,Wheat,5880.433440722448
2075,wet,0.7921389414914338,2658.5670654296923,20005,Wheat,8214.24934460079
2076,dry,0.4501735351671465,2658.5670654296923,20005,Wheat,3401.9203603809997
2076,median,0.5967868857319554,2658.5670654296923,20005,Wheat,5919.592803879132
2076,wet,0.7921389414914338,2658.5670654296923,20005,Wheat,8308.895331257383
2077,dry,0.4501735351671465,2658.5670654296923,20005,Wheat,3399.4365488537896
2077,median,0.5967868857319554,2658.5670654296923,20005,Wheat,5958.752167035816
2077,wet,0.7921389414914338,2658.5670654296923,20005,Wheat,8403.541317913976
2078,dry,0.4501735351671465,2658.5670654296923,20005,Wheat,3396.9527373265796
2078,median,0.5967868857319554,2658.5670654296923,20005,Wheat,5997.911530192499
2078,wet,0.7921389414914338,2658.5670654296923,20005,Wheat,8498.187304570569
2079,dry,0.4501735351671465,2658.5670654296923,20005,Wheat,3394.468925799369
2079,median,0.5967868857319554,2658.5670654296923,20005,Wheat,6037.070893349183
2079,wet,0.7921389414914338,2658.5670654296923,20005,Wheat,8592.833291227162
2080,dry,0.4501735351671465,2658.5670654296923,20005,Wheat,3391.985114272158
2080,median,0.5967868857319554,2658.5670654296923,20005,Wheat,6076.230256505867
2080,wet,0.7921389414914338,2658.5670654296923,20005,Wheat,8687.479277883755
2081,dry,0.4501735351671465,2658.5670654296923,20005,Wheat,3389.5013027449486
2081,median,0.5967868857319554,2658.5670654296923,20005,Wheat,6115.389619662551
2081,wet,0.7921389414914338,2658.5670654296923,20005,Wheat,8782.125264540347
2082,dry,0.4501735351671465,2658.5670654296923,20005,Wheat,3387.0174912177386
2082,median,0.5967868857319554,2658.5670654296923,20005,Wheat,6154.548982819235
2082,wet,0.7921389414914338,2658.5670654296923,20005,Wheat,8876.77125119694
2083,dry,0.4501735351671465,2658.5670654296923,20005,Wheat,3384.5336796905276
2083,median,0.5967868857319554,2658.5670654296923,20005,Wheat,6193.708345975919
2083,wet,0.7921389414914338,2658.5670654296923,20005,Wheat,8971.417237853535
2084,dry,0.4501735351671465,2658.5670654296923,20005,Wheat,3382.0498681633176
2084,median,0.5967868857319554,2658.5670654296923,20005,Wheat,6232.867709132603
2084,wet,0.7921389414914338,2658.5670654296923,20005,Wheat,9066.063224510128
2085,dry,0.4501735351671465,2658.5670654296923,20005,Wheat,3379.566056636108
2085,median,0.5967868857319554,2658.5670654296923,20005,Wheat,6272.027072289287
2085,wet,0.7921389414914338,2658.5670654296923,20005,Wheat,9160.70921116672
2086,dry,0.4501735351671465,2658.5670654296923,20005,Wheat,3377.082245108898
2086,median,0.5967868857319554,2658.5670654296923,20005,Wheat,6311.18643544597
2086,wet,0.7921389414914338,2658.5670654296923,20005,Wheat,9255.355197823314
2087,dry,0.4501735351671465,2658.5670654296923,20005,Wheat,3374.598433581688
2087,median,0.5967868857319554,2658.5670654296923,20005,Wheat,6350.345798602654
2087,wet,0.7921389414914338,2658.5670654296923,20005,Wheat,9350.001184479906
2088,dry,0.4501735351671465,2658.5670654296923,20005,Wheat,3372.1146220544774
2088,median,0.5967868857319554,2658.5670654296923,20005,Wheat,6389.505161759338
2088,wet,0.7921389414914338,2658.5670654296923,20005,Wheat,9444.647171136501
2089,dry,0.4501735351671465,2658.5670654296923,20005,Wheat,3369.6308105272674
2089,median,0.5967868857319554,2658.5670654296923,20005,Wheat,6428.664524916021
2089,wet,0.7921389414914338,2658.5670654296923,20005,Wheat,9539.293157793094
2090,dry,0.4501735351671465,2658.5670654296923,20005,Wheat,3367.146999000058
2090,median,0.5967868857319554,2658.5670654296923,20005,Wheat,6467.823888072705
2090,wet,0.7921389414914338,2658.5670654296923,20005,Wheat,9633.939144449687
2091,dry,0.4501735351671465,2658.5670654296923,20005,Wheat,3364.663187472848
2091,median,0.5967868857319554,2658.5670654296923,20005,Wheat,6506.983251229389
2091,wet,0.7921389414914338,2658.5670654296923,20005,Wheat,9728.58513110628
2092,dry,0.4501735351671465,2658.5670654296923,20005,Wheat,3362.179375945637
2092,median,0.5967868857319554,2658.5670654296923,20005,Wheat,6546.142614386074
2092,wet,0.7921389414914338,2658.5670654296923,20005,Wheat,9823.231117762873
2093,dry,0.4501735351671465,2658.5670654296923,20005,Wheat,3359.6955644184263
2093,median,0.5967868857319554,2658.5670654296923,20005,Wheat,6585.301977542757
2093,wet,0.7921389414914338,2658.5670654296923,20005,Wheat,9917.877104419465
2094,dry,0.4501735351671465,2658.5670654296923,20005,Wheat,3357.2117528912167
2094,median,0.5967868857319554,2658.5670654296923,20005,Wheat,6624.461340699441
2094,wet,0.7921389414914338,2658.5670654296923,20005,Wheat,10012.523091076058
2095,dry,0.4501735351671465,2658.5670654296923,20005,Wheat,3354.7279413640063
2095,median,0.5967868857319554,2658.5670654296923,20005,Wheat,6663.620703856125
2095,wet,0.7921389414914338,2658.5670654296923,20005,Wheat,10107.169077732651
2096,dry,0.4501735351671465,2658.5670654296923,20005,Wheat,3352.2441298367958
2096,median,0.5967868857319554,2658.5670654296923,20005,Wheat,6702.780067012809
2096,wet,0.7921389414914338,2658.5670654296923,20005,Wheat,10201.815064389244
2097,dry,0.4501735351671465,2658.5670654296923,20005,Wheat,3349.760318309586
2097,median,0.5967868857319554,2658.5670654296923,20005,Wheat,6741.939430169493
2097,wet,0.7921389414914338,2658.5670654296923,20005,Wheat,10296.461051045837
2098,dry,0.4501735351671465,2658.5670654296923,20005,Wheat,3347.2765067823757
2098,median,0.5967868857319554,2658.5670654296923,20005,Wheat,6781.098793326177
2098,wet,0.7921389414914338,2658.5670654296923,20005,Wheat,10391.107037702432
2099,dry,0.4501735351671465,2658.5670654296923,20005,Wheat,3344.792695255166
2099,median,0.5967868857319554,2658.5670654296923,20005,Wheat,6820.2581564828615
2099,wet,0.7921389414914338,2658.5670654296923,20005,Wheat,10485.753024359024
2100,dry,0.4501735351671465,2658.5670654296923,20005,Wheat,3342.3088837279565
2100,median,0.5967868857319554,2658.5670654296923,20005,Wheat,6859.417519639544
2100,wet,0.7921389414914338,2658.5670654296923,20005,Wheat,10580.399011015617
