Year,FIPS,Crop,observed_difference_kgHa,detrended_difference_kgHa
1990,20005,Corn,2165.4867596387394,3037.958236710576
1991,20005,Corn,3540.1000940181125,5504.730110733837
1992,20005,Corn,1732.3894077109917,2090.165481042608
1993,20005,Corn,1675.8984487638936,2334.959636480031
1994,20005,Corn,2347.5131829127195,3081.895649224987
1995,20005,Corn,1732.3894077109908,2259.6383578838995
1996,20005,Corn,960.3463021006573,866.1947038554954
1997,20005,Corn,3295.305938580692,4469.062530037047
1998,20005,Corn,759.489559177644,621.4005484180761
1999,20005,Corn,2705.2892562443376,3577.760733316176
2000,20005,Corn,2071.3351613935747,2510.709286537669
2001,20005,Corn,1456.2113861918479,1644.5145826821754
2002,20005,Corn,3973.197445945861,5222.275315998351
2003,20005,Corn,5121.846944536843,6709.870568271918
2004,20005,Corn,1795.1571398744327,1977.1835631484137
2005,20005,Corn,2793.1640812731575,3370.627217176818
2006,20005,Corn,2931.253092032729,3477.332361854671
2007,20005,Corn,3132.1098349557424,3709.5729708594063
2008,20005,Corn,2736.6731223260576,3169.7704742538062
2009,20005,Corn,1675.8984487638972,1807.7106863071203
2010,20005,Corn,2190.593852504114,2479.3254204559453
2011,20005,Corn,-257.34770187011054,-464.481218009465
2012,20005,Corn,6653.379609324818,7663.940097156232
2013,20005,Corn,4098.732910272742,4569.490901498553
2014,20005,Corn,1123.542405725606,1117.2656325092612
2015,20005,Corn,2046.2280685282021,2184.3170792877736
2016,20005,Corn,1826.541005956151,1920.6926042013147
2017,20005,Corn,3634.2516922632767,3853.9387548353207
2018,20005,Corn,3420.841402907572,3590.3142797488654
2019,20005,Corn,1418.550746893783,1449.9346129755068
2020,20005,Corn,2090.16548104261,2134.1028935570157
2021,20005,Corn,2730.3963491097147,2780.610534840467
1990,20013,Corn,-100.4283714615085,1675.8984487638918
1991,20013,Corn,2473.0486472396033,6546.674464646971
1992,20013,Corn,407.9902590623715,3019.127917061547
1993,20013,Corn,-483.31153765850104,150.64255719225912
1994,20013,Corn,891.3017967208716,3358.073670744132
1995,20013,Corn,263.6244750864562,1581.7468505187317
1996,20013,Corn,-841.0876109901183,112.98191789419434
1997,20013,Corn,1374.6133343793745,3464.7788154219816
1998,20013,Corn,125.53546432688381,1487.5952522735697
1999,20013,Corn,721.8289198795801,2058.781614960886
2000,20013,Corn,1274.184962917865,3031.6814634942384
2001,20013,Corn,822.2572913410822,2309.8525436146556
2002,20013,Corn,4280.7593335467245,6885.620218329555
2003,20013,Corn,4117.563229921776,6571.781557512342
2004,20013,Corn,1186.3101378890442,2655.0750705135815
2005,20013,Corn,1939.522923850347,3433.3949493402615
2006,20013,Corn,2667.6286169462746,4230.545147815972
2007,20013,Corn,3050.511783143268,4613.428314012965
2008,20013,Corn,1412.2739736774383,2391.45059542713
2009,20013,Corn,790.8734252593658,1581.7468505187298
2010,20013,Corn,288.7315679518324,765.7663323939869
2011,20013,Corn,790.8734252593658,1399.7204272447507
2012,20013,Corn,5724.417173305883,7180.628559497733
2013,20013,Corn,2146.6564399897034,2918.6995456000386
2014,20013,Corn,2341.2364096963756,3081.8956492249854
2015,20013,Corn,1531.5326647879774,2021.1209756628214
2016,20013,Corn,2221.9777185858366,2711.5660294606823
2017,20013,Corn,5172.061130267599,5887.613276930833
2018,20013,Corn,7262.226611310207,8002.885850838817
2019,20013,Corn,2008.56742923013,2259.6383578839013
2020,20013,Corn,1575.4700773023906,1751.2197273600214
2021,20013,Corn,1368.3365611630252,1481.318479057225
1990,20045,Corn,1920.6926042013156,2862.2085866529414
1991,20045,Corn,4167.777415652528,5743.247492954914
1992,20045,Corn,1889.3087381195965,2824.547947354875
1993,20045,Corn,2077.6119346099204,2881.038906301973
1994,20045,Corn,1029.390807480444,1556.6397576533545
1995,20045,Corn,2083.888707826265,2862.2085866529405
1996,20045,Corn,2441.664781157884,3351.796897527787
1997,20045,Corn,3376.9039903931653,4462.7857568207055
1998,20045,Corn,2127.8261203406737,2855.931813436595
1999,20045,Corn,4079.9025906237102,5172.061130267597
2000,20045,Corn,2994.020824196168,3822.5548887536015
2001,20045,Corn,3558.930413667147,4456.50898360436
2002,20045,Corn,5253.6591820800695,6377.201587805678
2003,20045,Corn,6176.344844882661,7419.145941718808
2004,20045,Corn,1744.9429541436803,2240.808038234867
2005,20045,Corn,4431.401890738982,5278.766274945443
2006,20045,Corn,4456.508983604362,5228.552089214695
2007,20045,Corn,3496.1626815037034,4111.28645670543
2008,20045,Corn,3797.4477958882235,4412.571571089949
2009,20045,Corn,3433.3949493402615,3966.920672729517
2010,20045,Corn,2673.9053901626166,3044.2350099269242
2011,20045,Corn,6182.621618099007,6866.78989868052
2012,20045,Corn,7965.225211540754,8743.54509036743
2013,20045,Corn,2749.226668758747,3044.2350099269206
2014,20045,Corn,2579.753791917452,2849.6550402202574
2015,20045,Corn,1933.246150634006,2121.5493471243262
2016,20045,Corn,1782.6035934417423,1926.9693774176612
2017,20045,Corn,2316.1293168310003,2479.325420455947
2018,20045,Corn,6414.862227103741,6697.317021839229
2019,20045,Corn,3527.5465475854235,3665.6355583449968
2020,20045,Corn,2046.2280685282003,2115.272573907987
2021,20045,Corn,3728.403290508435,3803.7245691045664
1990,20061,Corn,2648.7982972972404,6082.193246637502
1991,20061,Corn,1776.3268202253994,4418.848344306295
1992,20061,Corn,1161.203045023668,4192.884508517904
1993,20061,Corn,-458.2044447931248,822.2572913410859
1994,20061,Corn,-746.9360127449563,1154.9262718073278
1995,20061,Corn,1481.318479057224,3678.1891047776835
1996,20061,Corn,2667.628616946271,5611.435255411689
1997,20061,Corn,2962.63695811445,5774.631359036637
1998,20061,Corn,2516.9860597540137,4990.034706993615
1999,20061,Corn,2184.317079287771,4318.419972844791
2000,20061,Corn,3646.8052386959635,5994.318421608683
2001,20061,Corn,3427.118176123917,5529.837203599216
2002,20061,Corn,6954.66472370934,9251.963720891306
2003,20061,Corn,5454.515925003083,7714.154282886984
2004,20061,Corn,2372.6202757780957,4368.634158575542
2005,20061,Corn,3565.20718688349,5416.855285705021
2006,20061,Corn,5931.550689445241,7770.645241834083
2007,20061,Corn,2272.19190431659,3621.6981458305836
2008,20061,Corn,2755.503441975092,4224.268374599629
2009,20061,Corn,1701.0055416292707,2950.0834116817587
2010,20061,Corn,1418.550746893783,2316.1293168309994
2011,20061,Corn,5184.614676700285,6295.603535993205
2012,20061,Corn,7011.155682656439,8166.081954463767
2013,20061,Corn,3464.7788154219834,4393.741251440921
2014,20061,Corn,5454.515925003086,6433.692546752775
2015,20061,Corn,1889.3087381195928,2523.262832970355
2016,20061,Corn,2699.012483027993,3263.922072498968
2017,20061,Corn,3722.1265172920903,4287.036106763067
2018,20061,Corn,9176.642442295177,9747.828804982495
2019,20061,Corn,3791.1710226718824,4136.393549570806
2020,20061,Corn,2943.806638465414,3207.4311135518674
2021,20061,Corn,4356.080612142854,4544.38380863318
1990,20085,Corn,2793.1640812731557,2975.190504547136
1991,20085,Corn,5253.65918208007,7218.289198795794
1992,20085,Corn,2548.369925835731,2334.9596364800327
1993,20085,Corn,885.0250235045278,690.4450537978582
1994,20085,Corn,885.0250235045296,75.32127859612774
1995,20085,Corn,2510.709286537667,2818.271174138533
1996,20085,Corn,2560.9234722684205,2391.450595427128
1997,20085,Corn,3697.019424426716,4192.884508517907
1998,20085,Corn,1864.2016452542184,1569.1933040860386
1999,20085,Corn,4010.8580852439245,4745.240551556195
2000,20085,Corn,1569.1933040860404,1255.3546432688327
2001,20085,Corn,2447.9415543742252,2447.941554374227
2002,20085,Corn,5686.756534007817,6910.727311194931
2003,20085,Corn,6345.817721723957,7594.895591776447
2004,20085,Corn,1795.1571398744345,1424.8275201101242
2005,20085,Corn,3596.59105296521,3897.8761673497283
2006,20085,Corn,3201.1543403355263,3402.011083258538
2007,20085,Corn,2485.602193672291,2504.4325133213224
2008,20085,Corn,3665.635558344993,3853.9387548353243
2009,20085,Corn,1726.1126344946442,1537.809438004324
2010,20085,Corn,3157.2169278211177,3364.350443960476
2011,20085,Corn,4048.518724541991,4374.910931791887
2012,20085,Corn,7155.521466632355,7927.564572242688
2013,20085,Corn,4795.454737286946,5096.7398516714675
2014,20085,Corn,1801.4339130907738,1688.4519951965776
2015,20085,Corn,2253.3615846675584,2240.808038234867
2016,20085,Corn,2039.9512953118556,2008.5674292301355
2017,20085,Corn,4387.464478224576,4525.553488984146
2018,20085,Corn,4456.5089836043635,4600.874767580277
2019,20085,Corn,2184.317079287772,2184.31707928777
2020,20085,Corn,2535.8163794030443,2529.539606186705
2021,20085,Corn,2755.503441975092,2755.503441975092
1990,20087,Corn,1462.4881594081917,1575.470077302387
1991,20087,Corn,4224.268374599627,5674.202987575131
1992,20087,Corn,1412.2739736774365,1374.6133343793736
1993,20087,Corn,2159.2099864223946,2711.5660294606805
1994,20087,Corn,495.8650840911896,251.0709286537658
1995,20087,Corn,2096.4422542589527,2504.432513321324
1996,20087,Corn,2309.8525436146556,2648.7982972972422
1997,20087,Corn,4023.411631676615,4952.374067695551
1998,20087,Corn,2027.397748879168,2272.191904316589
1999,20087,Corn,3910.4297137824187,4782.90119085426
2000,20087,Corn,1826.5410059561527,1996.0138827974442
2001,20087,Corn,2906.145999167349,3364.350443960475
2002,20087,Corn,5441.962378570395,6621.995743243101
2003,20087,Corn,5661.64944114244,6778.9150736517
2004,20087,Corn,2108.9958006916386,2247.0848114512137
2005,20087,Corn,4105.009683489087,4726.410231907161
2006,20087,Corn,4117.563229921777,4726.41023190716
2007,20087,Corn,2673.9053901626166,2943.8066384654176
2008,20087,Corn,3125.8330617393967,3445.948495772951
2009,20087,Corn,2460.4951008069165,2636.2447508645546
2010,20087,Corn,1914.4158309849727,2052.504841744544
2011,20087,Corn,3000.297597412513,3257.6452992826253
2012,20087,Corn,7412.869168502464,8203.742593761834
2013,20087,Corn,4199.161281734249,4525.553488984146
2014,20087,Corn,1123.542405725606,1104.7120860765735
2015,20087,Corn,3339.243351095097,3527.5465475854235
2016,20087,Corn,1625.6842630331375,1663.3449023312041
2017,20087,Corn,2479.325420455949,2548.369925835732
2018,20087,Corn,4619.705087229309,4808.008283719634
2019,20087,Corn,2473.0486472396024,2529.5396061866995
2020,20087,Corn,1318.1223754322746,1318.1223754322764
2021,20087,Corn,2699.0124830279965,2730.3963491097147
1990,20091,Corn,0,0
1991,20091,Corn,0,0
1992,20091,Corn,0,0
1993,20091,Corn,0,0
1994,20091,Corn,0,0
1995,20091,Corn,0,0
1996,20091,Corn,0,0
1997,20091,Corn,0,0
1998,20091,Corn,0,0
1999,20091,Corn,0,0
2000,20091,Corn,0,0
2001,20091,Corn,0,0
2002,20091,Corn,0,0
2003,20091,Corn,0,0
2004,20091,Corn,0,0
2005,20091,Corn,0,0
2006,20091,Corn,0,0
2007,20091,Corn,0,0
2008,20091,Corn,0,0
2009,20091,Corn,0,0
2010,20091,Corn,0,0
2011,20091,Corn,0,0
2012,20091,Corn,0,0
2013,20091,Corn,0,0
2014,20091,Corn,0,0
2015,20091,Corn,0,0
2016,20091,Corn,0,0
2017,20091,Corn,0,0
2018,20091,Corn,0,0
2019,20091,Corn,0,0
2020,20091,Corn,0,0
2021,20091,Corn,0,0
1990,20103,Corn,2083.888707826266,2259.6383578839013
1991,20103,Corn,3489.8859082873587,4456.508983604361
1992,20103,Corn,2102.7190274752966,2096.4422542589527
1993,20103,Corn,1996.0138827974465,2410.2809150761614
1994,20103,Corn,3590.3142797488663,4324.696746061134
1995,20103,Corn,1989.7371095811013,2171.7635328550823
1996,20103,Corn,2673.9053901626166,2994.020824196172
1997,20103,Corn,3245.091752849936,3747.2336101574674
1998,20103,Corn,1977.1835631484155,2071.335161393572
1999,20103,Corn,3872.769074484355,4676.196046176407
2000,20103,Corn,2680.1821633789605,2937.529865249071
2001,20103,Corn,3653.0820119123073,4243.098694248659
2002,20103,Corn,5322.703687459856,6452.522866401805
2003,20103,Corn,4757.794097988883,5617.712028628033
2004,20103,Corn,2240.808038234869,2253.3615846675566
2005,20103,Corn,4142.670322787153,4701.3031390417855
2006,20103,Corn,5291.319821378134,6050.80938055578
2007,20103,Corn,3458.502042205636,3784.894249455532
2008,20103,Corn,2837.101493787567,3025.40469027789
2009,20103,Corn,1996.013882797446,2008.567429230132
2010,20103,Corn,2755.50344197509,2962.636958114448
2011,20103,Corn,2579.7537919174556,2755.503441975089
2012,20103,Corn,7061.3698683871935,7802.029107915806
2013,20103,Corn,3276.4756189316568,3458.502042205637
2014,20103,Corn,3081.8956492249854,3194.8775671191815
2015,20103,Corn,2071.3351613935774,2102.7190274752975
2016,20103,Corn,2611.1376579991747,2692.7357098116463
2017,20103,Corn,3427.118176123913,3521.269774369077
2018,20103,Corn,4914.713428397484,5090.463078455121
2019,20103,Corn,2140.3796667733623,2165.4867596387385
2020,20103,Corn,2573.477018701111,2592.307338350145
2021,20103,Corn,3728.403290508437,3766.0639298065
1990,20117,Corn,2096.4422542589546,4864.49924266673
1991,20117,Corn,2780.6105348404676,5655.372667926097
1992,20117,Corn,772.0431056103334,2441.6647811578805
1993,20117,Corn,935.239209235282,2096.442254258952
1994,20117,Corn,1123.542405725606,2780.610534840469
1995,20117,Corn,1631.961036249484,3358.073670744132
1996,20117,Corn,2699.0124830279938,5178.33790348394
1997,20117,Corn,1952.0764702830365,3791.1710226718806
1998,20117,Corn,1926.9693774176576,3659.358785128652
1999,20117,Corn,2686.4589365953034,4607.15154079662
2000,20117,Corn,2002.2906560137899,3508.716227936393
2001,20117,Corn,1933.246150634005,3358.07367074413
2002,20117,Corn,6716.147341488263,9741.552031766152
2003,20117,Corn,6672.209928973854,9528.14174241045
2004,20117,Corn,2422.83446150885,3853.9387548353225
2005,20117,Corn,4594.597994363933,6578.058330728691
2006,20117,Corn,4613.4283140129655,6358.371268156645
2007,20117,Corn,3207.43111355187,4469.062530037052
2008,20117,Corn,2002.2906560137908,2881.038906301972
2009,20117,Corn,3332.9665778787567,4475.339303253395
2010,20117,Corn,3150.940154604771,4086.179363840057
2011,20117,Corn,3389.45753682585,4299.589653195757
2012,20117,Corn,4525.553488984146,5492.176564301149
2013,20117,Corn,3094.449195657673,3803.7245691045646
2014,20117,Corn,4456.508983604361,5272.4895017291
2015,20117,Corn,1029.390807480444,1311.8456022159298
2016,20117,Corn,3169.7704742538044,3627.974919046932
2017,20117,Corn,7230.842745228487,7984.055531189783
2018,20117,Corn,6075.916473421158,6615.718970026759
2019,20117,Corn,1644.51458268217,1801.4339130907792
2020,20117,Corn,2466.7718740232576,2629.967977648206
2021,20117,Corn,3935.536806647793,4079.902590623713
1990,20127,Corn,3546.376867234456,5793.461678685669
1991,20127,Corn,4494.1696229024265,6992.325363007406
1992,20127,Corn,1242.8010968361468,2303.5757703983127
1993,20127,Corn,-338.94575368258575,-244.7941554374229
1994,20127,Corn,244.7941554374229,684.1682805815144
1995,20127,Corn,2454.218327590572,3728.4032905084387
1996,20127,Corn,4512.999942551459,6596.888650377721
1997,20127,Corn,2190.5938525041156,3351.796897527787
1998,20127,Corn,3665.635558344996,5241.105635647382
1999,20127,Corn,3973.197445945859,5536.113976815557
2000,20127,Corn,4845.6689230177,6578.058330728689
2001,20127,Corn,3565.207186883489,4820.561830152325
2002,20127,Corn,6879.343445113211,8925.57151364141
2003,20127,Corn,6879.343445113211,8843.973461828935
2004,20127,Corn,4029.6884048929587,5253.6591820800695
2005,20127,Corn,5115.570171320499,6471.353186050843
2006,20127,Corn,6031.979060906746,7463.083354233218
2007,20127,Corn,4017.134858460272,4964.927614128239
2008,20127,Corn,5303.873367810825,6433.692546752775
2009,20127,Corn,2447.9415543742234,3019.127917061547
2010,20127,Corn,2259.6383578839013,2717.842802677027
2011,20127,Corn,7638.833004290856,8787.48250288184
2012,20127,Corn,8002.885850838817,9095.044390482703
2013,20127,Corn,4638.53540687834,5266.21272851276
2014,20127,Corn,5159.507583834908,5774.631359036635
2015,20127,Corn,2115.272573907985,2385.173822210787
2016,20127,Corn,3552.6536404508042,3891.5993941333863
2017,20127,Corn,4688.749592609094,5052.802439157058
2018,20127,Corn,9666.230753170023,10224.863569424653
2019,20127,Corn,4155.223869219842,4368.63415857554
2020,20127,Corn,3941.8135798641397,4098.732910272742
2021,20127,Corn,5121.846944536842,5247.382408863727
1990,20131,Corn,433.0973519277486,2228.2544918021795
1991,20131,Corn,4613.428314012965,9798.042990713247
1992,20131,Corn,1230.2475504034564,3929.260033431454
1993,20131,Corn,728.1056930959244,1895.5855113359403
1994,20131,Corn,1757.496500576366,4312.143199628443
1995,20131,Corn,1079.6049932111964,2629.967977648206
1996,20131,Corn,-232.24060900473705,778.3198788266782
1997,20131,Corn,935.239209235282,2391.4505954271244
1998,20131,Corn,985.4533949660354,2504.432513321324
1999,20131,Corn,1864.2016452542184,3533.823320801768
2000,20131,Corn,2021.1209756628232,3847.661981618974
2001,20131,Corn,1977.1835631484155,3734.6800637247816
2002,20131,Corn,7155.5214666323545,10733.282199948531
2003,20131,Corn,7607.449138209133,11185.209871525312
2004,20131,Corn,2353.7899561290633,4029.6884048929587
2005,20131,Corn,4569.49090149856,6753.807980786327
2006,20131,Corn,4964.927614128239,7073.923414819879
2007,20131,Corn,2943.8066384654167,4318.419972844789
2008,20131,Corn,1581.7468505187353,2473.0486472396024
2009,20131,Corn,1437.3810665428118,2247.084811451212
2010,20131,Corn,-188.30319649032572,31.383866081721862
2011,20131,Corn,1933.2461506340042,2661.35184372993
2012,20131,Corn,7965.225211540752,9716.444938900775
2013,20131,Corn,2874.762133085629,3653.0820119123073
2014,20131,Corn,5115.570171320502,6144.96097880094
2015,20131,Corn,1964.6300167157224,2441.6647811578823
2016,20131,Corn,2968.9137313307892,3477.332361854669
2017,20131,Corn,8938.1250600741,9917.301681823792
2018,20131,Corn,8793.759276098184,9584.63270135755
2019,20131,Corn,2592.3073383501433,2843.378267003909
2020,20131,Corn,1832.817779172501,1989.737109581105
2021,20131,Corn,1977.1835631484173,2090.1654810426135
1990,20139,Corn,3182.324020686494,5868.782957281801
1991,20139,Corn,3464.778815421982,5831.122317983736
1992,20139,Corn,1443.6578397591602,3477.3323618546674
1993,20139,Corn,175.74965005763806,998.0069413987221
1994,20139,Corn,891.3017967208707,2209.424172153148
1995,20139,Corn,2165.4867596387403,3797.4477958882226
1996,20139,Corn,2924.9763188163824,5096.739851671464
1997,20139,Corn,2473.0486472396033,4374.910931791888
1998,20139,Corn,2749.226668758746,4588.321221147589
1999,20139,Corn,4713.856685474471,6791.4686200843935
2000,20139,Corn,4600.874767580277,6578.058330728691
2001,20139,Corn,3063.065329575955,4544.383808633178
2002,20139,Corn,4889.606335532109,6578.058330728689
2003,20139,Corn,5247.382408863727,7048.816321954503
2004,20139,Corn,2322.4060900473414,3671.9123315613397
2005,20139,Corn,4274.482560330381,5724.417173305884
2006,20139,Corn,4487.8928496860835,5831.122317983735
2007,20139,Corn,2755.503441975088,3766.0639298065025
2008,20139,Corn,5975.48810195965,7425.422714935153
2009,20139,Corn,2881.038906301973,3816.278115537256
2010,20139,Corn,3433.3949493402615,4205.438054950594
2011,20139,Corn,5780.908132252982,6760.084754002673
2012,20139,Corn,8216.296140194518,9339.838545920127
2013,20139,Corn,4249.375467465003,4996.311480209961
2014,20139,Corn,3897.8761673497283,4556.937355065867
2015,20139,Corn,2014.8442024464784,2435.3880079415358
2016,20139,Corn,2956.360184898106,3370.6272171768196
2017,20139,Corn,2611.1376579991756,2968.913731330793
2018,20139,Corn,6967.218270142026,7412.869168502463
2019,20139,Corn,4651.088953311029,4939.8205212628645
2020,20139,Corn,3998.3045388112387,4211.71482816694
2021,20139,Corn,5172.061130267595,5328.980460676203
1990,20149,Corn,1399.7204272447489,2404.0041418598157
1991,20149,Corn,3169.770474253807,4851.945696234045
1992,20149,Corn,1067.051446778507,1901.862284552284
1993,20149,Corn,-119.25869111053908,0
1994,20149,Corn,2667.6286169462737,3948.0903530804826
1995,20149,Corn,1562.9165308696975,2353.7899561290633
1996,20149,Corn,2083.8887078262633,3113.2795153067073
1997,20149,Corn,2887.3156795183195,4105.009683489092
1998,20149,Corn,1330.675921864964,1996.0138827974442
1999,20149,Corn,2353.7899561290633,3257.6452992826244
2000,20149,Corn,1732.3894077109917,2422.834461508848
2001,20149,Corn,2629.967977648207,3527.5465475854216
2002,20149,Corn,6728.70088792095,8548.96512066076
2003,20149,Corn,4192.884508517905,5354.087553541576
2004,20149,Corn,1631.961036249484,2203.147398936804
2005,20149,Corn,3037.9582367105804,3828.8316619699417
2006,20149,Corn,5140.677264185874,6264.21966991148
2007,20149,Corn,2165.486759638741,2686.4589365953034
2008,20149,Corn,2780.610534840469,3389.4575368258484
2009,20149,Corn,1249.077870052488,1569.1933040860422
2010,20149,Corn,2334.959636480031,2755.5034419750928
2011,20149,Corn,3803.724569104569,4374.9109317918865
2012,20149,Corn,5460.792698219427,6170.06807166632
2013,20149,Corn,2724.11957589337,3094.449195657673
2014,20149,Corn,3188.6007939028386,3558.930413667147
2015,20149,Corn,1349.5062415139946,1525.2558915716309
2016,20149,Corn,2165.4867596387394,2372.6202757780957
2017,20149,Corn,3778.6174762391893,4054.795497758336
2018,20149,Corn,5623.988801844378,5931.550689445242
2019,20149,Corn,1807.7106863071185,1901.8622845522823
2020,20149,Corn,2184.317079287768,2272.1919043165926
2021,20149,Corn,3025.404690277888,3094.449195657675
1990,20161,Corn,2912.4227723836966,3860.2155280516636
1991,20161,Corn,3489.8859082873582,4964.927614128239
1992,20161,Corn,985.4533949660345,533.5257233892571
1993,20161,Corn,1142.3727253746388,1349.5062415139964
1994,20161,Corn,175.74965005763625,-502.1418573075334
1995,20161,Corn,1964.630016715725,2316.1293168309985
1996,20161,Corn,3828.8316619699444,4889.606335532108
1997,20161,Corn,3709.5729708594044,4669.919272960064
1998,20161,Corn,1776.3268202253967,1864.2016452542175
1999,20161,Corn,1726.112634494646,1832.817779172501
2000,20161,Corn,4199.161281734248,5266.212728512759
2001,20161,Corn,4098.732910272742,5115.5701713205
2002,20161,Corn,7067.6466416035355,9120.15148334808
2003,20161,Corn,6383.47836102202,7984.055531189782
2004,20161,Corn,2799.4408544894995,3088.1724224413338
2005,20161,Corn,4054.795497758335,4751.51732477254
2006,20161,Corn,6195.175164531696,7463.083354233217
2007,20161,Corn,2347.5131829127204,2560.923472268423
2008,20161,Corn,3276.4756189316595,3640.5284654796196
2009,20161,Corn,2510.709286537667,2686.458936595305
2010,20161,Corn,1901.8622845522823,2027.397748879166
2011,20161,Corn,3514.993001152735,3904.152940566074
2012,20161,Corn,5862.506184065456,6578.05833072869
2013,20161,Corn,4067.3490441910226,4418.848344306296
2014,20161,Corn,5159.507583834909,5605.158482195343
2015,20161,Corn,1192.5869111053908,1161.2030450236707
2016,20161,Corn,2303.5757703983145,2385.173822210787
2017,20161,Corn,4651.08895331103,4902.159881964798
2018,20161,Corn,5021.418573075334,5259.935955296413
2019,20161,Corn,2849.655040220252,2918.6995456000404
2020,20161,Corn,2504.4325133213224,2542.093152619391
2021,20161,Corn,2906.145999167351,2937.529865249069
1990,20177,Corn,1500.1487987062565,4299.589653195756
1991,20177,Corn,2950.0834116817596,5693.033307224163
1992,20177,Corn,1738.6661809273355,4864.499242666732
1993,20177,Corn,1462.4881594081917,3364.3504439604767
1994,20177,Corn,916.4088895862487,2906.145999167351
1995,20177,Corn,1701.0055416292707,3728.4032905084377
1996,20177,Corn,2774.3337616241242,5429.408832137711
1997,20177,Corn,2950.0834116817596,5511.00688395018
1998,20177,Corn,1569.193304086043,3703.2961976430597
1999,20177,Corn,3590.3142797488636,5630.265575060722
2000,20177,Corn,2473.0486472396024,4356.080612142855
2001,20177,Corn,3684.4658779940273,5642.819121493409
2002,20177,Corn,5448.23915178674,7168.075013065045
2003,20177,Corn,5366.641099974264,7180.628559497732
2004,20177,Corn,1851.6480988215299,3609.1445993978978
2005,20177,Corn,3596.591052965209,5172.061130267595
2006,20177,Corn,3897.87616734973,5197.168223132975
2007,20177,Corn,2761.780215191432,3998.304538811235
2008,20177,Corn,3125.8330617393985,4343.527065710165
2009,20177,Corn,3728.403290508435,4877.052789099418
2010,20177,Corn,2805.717627705845,3533.823320801768
2011,20177,Corn,5661.649441142443,6546.674464646969
2012,20177,Corn,6515.290598565251,7343.824663122679
2013,20177,Corn,4236.821921032315,4895.88310874845
2014,20177,Corn,4820.561830152322,5416.855285705019
2015,20177,Corn,2265.9151311002443,2604.8608847828327
2016,20177,Corn,2134.1028935570184,2353.789956129065
2017,20177,Corn,3326.68980466241,3521.2697743690787
2018,20177,Corn,6082.193246637503,6314.433855642234
2019,20177,Corn,3489.8859082873605,3496.1626815037007
2020,20177,Corn,2385.173822210785,2228.2544918021795
2021,20177,Corn,3609.1445993978978,3370.6272171768196
1990,20197,Corn,1958.3532434993804,4418.848344306298
1991,20197,Corn,2523.2628329703566,4726.410231907158
1992,20197,Corn,878.748250288183,2912.422772383692
1993,20197,Corn,508.41863052387816,1500.1487987062583
1994,20197,Corn,1029.390807480444,2498.1557401049795
1995,20197,Corn,1682.1752219802383,3295.305938580689
1996,20197,Corn,3602.867826181554,6094.746793070186
1997,20197,Corn,3389.457536825852,5642.819121493409
1998,20197,Corn,1889.3087381195955,3653.0820119123055
1999,20197,Corn,3000.297597412513,4820.561830152323
2000,20197,Corn,3194.8775671191815,4983.757933777272
2001,20197,Corn,2837.1014937875652,4356.080612142854
2002,20197,Corn,5824.845544767391,7770.645241834083
2003,20197,Corn,4895.883108748451,6728.700887920951
2004,20197,Corn,2378.8970489944386,3841.385208402633
2005,20197,Corn,3527.5465475854235,4964.927614128242
2006,20197,Corn,5052.802439157057,6552.951237863313
2007,20197,Corn,1945.7996970666927,2912.422772383692
2008,20197,Corn,3000.297597412513,4142.670322787153
2009,20197,Corn,2341.2364096963756,3276.4756189316595
2010,20197,Corn,2247.0848114512137,2943.8066384654157
2011,20197,Corn,6314.433855642237,7381.485302420746
2012,20197,Corn,6672.2099289738535,7701.600736454298
2013,20197,Corn,3251.368526066278,3960.643899513172
2014,20197,Corn,4952.3740676955495,5730.693946522225
2015,20197,Corn,1462.4881594081926,1876.7551916869052
2016,20197,Corn,2975.1905045471385,3414.56462969123
2017,20197,Corn,2962.6369581144463,3358.073670744132
2018,20197,Corn,7858.520066862901,8360.661924170436
2019,20197,Corn,3634.251692263275,3904.152940566075
2020,20197,Corn,3452.225268989292,3665.635558344993
2021,20197,Corn,3753.5103833738103,3897.87616734973
1990,20209,Corn,0,0
1991,20209,Corn,0,0
1992,20209,Corn,0,0
1993,20209,Corn,0,0
1994,20209,Corn,0,0
1995,20209,Corn,0,0
1996,20209,Corn,0,0
1997,20209,Corn,0,0
1998,20209,Corn,0,0
1999,20209,Corn,0,0
2000,20209,Corn,0,0
2001,20209,Corn,0,0
2002,20209,Corn,0,0
2003,20209,Corn,0,0
2004,20209,Corn,0,0
2005,20209,Corn,0,0
2006,20209,Corn,0,0
2007,20209,Corn,0,0
2008,20209,Corn,0,0
2009,20209,Corn,0,0
2010,20209,Corn,0,0
2011,20209,Corn,0,0
2012,20209,Corn,0,0
2013,20209,Corn,0,0
2014,20209,Corn,0,0
2015,20209,Corn,0,0
2016,20209,Corn,0,0
2017,20209,Corn,0,0
2018,20209,Corn,0,0
2019,20209,Corn,0,0
2020,20209,Corn,0,0
2021,20209,Corn,0,0
1990,20005,Soybeans,954.9637044177789,874.2625462979668
1991,20005,Soybeans,1492.971425216528,1889.7521193056068
1992,20005,Soybeans,766.6610021382176,544.7328173087344
1993,20005,Soybeans,-255.55366737940585,-854.0872567680144
1994,20005,Soybeans,847.3621602580292,645.6092649584989
1995,20005,Soybeans,564.9081068386868,390.0555975790935
1996,20005,Soybeans,87.42625462979731,-410.23088710904585
1997,20005,Soybeans,1109.6409241474198,1170.1667927372787
1998,20005,Soybeans,497.6571417388427,289.1791499293272
1999,20005,Soybeans,894.4378358279196,934.7884148878265
2000,20005,Soybeans,907.8880288478895,981.8640904577164
2001,20005,Soybeans,416.9559836190306,208.47799180951506
2002,20005,Soybeans,1163.4416962272942,1331.5691089769039
2003,20005,Soybeans,1398.8200740767477,1674.549030986106
2004,20005,Soybeans,679.2347475084212,544.7328173087344
2005,20005,Soybeans,706.1351335483582,625.4339754285447
2006,20005,Soybeans,396.78069408907777,255.5536673794054
2007,20005,Soybeans,376.6054045591245,242.10347435943777
2008,20005,Soybeans,457.3065626789371,363.15521153915506
2009,20005,Soybeans,383.3305010691083,228.65328133946787
2010,20005,Soybeans,867.537449787983,880.987642807951
2011,20005,Soybeans,221.92818482948405,100.87644764976585
2012,20005,Soybeans,1264.3181438770603,1358.4694950168414
2013,20005,Soybeans,813.736677708107,786.8362916681699
2014,20005,Soybeans,221.92818482948496,114.32664066973393
2015,20005,Soybeans,1076.0154415974976,1102.9158276374355
2016,20005,Soybeans,618.7088789185609,578.3582998586548
2017,20005,Soybeans,564.9081068386863,517.8324312687955
2018,20005,Soybeans,538.0077207987488,511.10733475881216
2019,20005,Soybeans,67.25096509984314,20.175289529953716
2020,20005,Soybeans,880.9876428079515,880.9876428079519
2021,20005,Soybeans,941.5135113978104,941.5135113978108
1990,20013,Soybeans,0,0
1991,20013,Soybeans,0,0
1992,20013,Soybeans,0,0
1993,20013,Soybeans,0,0
1994,20013,Soybeans,0,0
1995,20013,Soybeans,0,0
1996,20013,Soybeans,0,0
1997,20013,Soybeans,0,0
1998,20013,Soybeans,0,0
1999,20013,Soybeans,0,0
2000,20013,Soybeans,0,0
2001,20013,Soybeans,0,0
2002,20013,Soybeans,0,0
2003,20013,Soybeans,0,0
2004,20013,Soybeans,0,0
2005,20013,Soybeans,0,0
2006,20013,Soybeans,0,0
2007,20013,Soybeans,0,0
2008,20013,Soybeans,0,0
2009,20013,Soybeans,0,0
2010,20013,Soybeans,0,0
2011,20013,Soybeans,0,0
2012,20013,Soybeans,0,0
2013,20013,Soybeans,0,0
2014,20013,Soybeans,0,0
2015,20013,Soybeans,0,0
2016,20013,Soybeans,0,0
2017,20013,Soybeans,0,0
2018,20013,Soybeans,0,0
2019,20013,Soybeans,0,0
2020,20013,Soybeans,0,0
2021,20013,Soybeans,0,0
1990,20045,Soybeans,1492.9714252165281,618.7088789185618
1991,20045,Soybeans,2017.5289529953088,1492.9714252165277
1992,20045,Soybeans,854.0872567680144,-262.27876388938967
1993,20045,Soybeans,887.7127393179358,302.6293429492962
1994,20045,Soybeans,1291.2185299169969,571.6332033486706
1995,20045,Soybeans,100.87644764976562,-504.382238248827
1996,20045,Soybeans,1015.4895730076387,248.82857086942158
1997,20045,Soybeans,1136.5413101873573,511.10733475881125
1998,20045,Soybeans,1203.792275287201,759.9359056282328
1999,20045,Soybeans,1223.9675648171537,894.43783582792
2000,20045,Soybeans,1869.5768297756524,1883.027022795621
2001,20045,Soybeans,1136.5413101873569,847.3621602580297
2002,20045,Soybeans,1755.2501891059183,1761.9752856159027
2003,20045,Soybeans,1923.3776018555275,1997.3536634653549
2004,20045,Soybeans,759.9359056282337,511.1073347588108
2005,20045,Soybeans,840.637063748045,726.310423078311
2006,20045,Soybeans,1378.644784546794,1445.8957496466378
2007,20045,Soybeans,1587.1227763563093,1748.525092595934
2008,20045,Soybeans,1291.2185299169973,1439.170653136653
2009,20045,Soybeans,719.5853265683272,759.9359056282328
2010,20045,Soybeans,497.6571417388427,524.5575277787798
2011,20045,Soybeans,1533.3220042764342,1687.9992240060747
2012,20045,Soybeans,1856.1266367556834,2037.7042425252614
2013,20045,Soybeans,880.9876428079515,934.7884148878265
2014,20045,Soybeans,221.9281848294845,208.47799180951552
2015,20045,Soybeans,706.1351335483573,726.310423078311
2016,20045,Soybeans,585.0833963686391,598.5335893886077
2017,20045,Soybeans,585.0833963686396,598.5335893886077
2018,20045,Soybeans,1062.5652485775295,1096.1907311274517
2019,20045,Soybeans,679.2347475084207,692.6849405283892
2020,20045,Soybeans,860.8123532779978,880.987642807951
2021,20045,Soybeans,901.1629323379047,914.6131253578728
1990,20061,Soybeans,1687.9992240060749,1842.6764437357156
1991,20061,Soybeans,1620.7482589062313,1809.0509611857938
1992,20061,Soybeans,894.4378358279196,524.5575277787798
1993,20061,Soybeans,-363.15521153915597,-1049.11505555756
1994,20061,Soybeans,995.3142834776859,739.76061609828
1995,20061,Soybeans,840.6370637480454,618.7088789185614
1996,20061,Soybeans,544.7328173087326,67.25096509984269
1997,20061,Soybeans,1015.4895730076387,733.0355195882958
1998,20061,Soybeans,914.6131253578733,679.2347475084202
1999,20061,Soybeans,901.1629323379047,699.410037038374
2000,20061,Soybeans,1620.7482589062313,1822.5011542057623
2001,20061,Soybeans,1291.2185299169978,1244.1428543471065
2002,20061,Soybeans,2037.7042425252614,2320.1582959446055
2003,20061,Soybeans,1916.6525053455427,2152.0308831949956
2004,20061,Soybeans,1304.6687229369663,1210.5173717971838
2005,20061,Soybeans,1002.0393799876697,867.537449787983
2006,20061,Soybeans,1472.7961356865753,1506.4216182364967
2007,20061,Soybeans,1365.1945915268252,1378.6447845467942
2008,20061,Soybeans,490.9320452288589,302.6293429492962
2009,20061,Soybeans,390.05559757909214,147.95212321965482
2010,20061,Soybeans,672.5096509984364,578.3582998586548
2011,20061,Soybeans,1190.3420822672324,1197.0671787772162
2012,20061,Soybeans,1761.9752856159034,1842.6764437357147
2013,20061,Soybeans,934.7884148878265,867.5374497879834
2014,20061,Soybeans,1237.4177578371223,1223.9675648171542
2015,20061,Soybeans,551.4579138187182,470.7567556989061
2016,20061,Soybeans,638.8841684485142,558.183010328702
2017,20061,Soybeans,1143.2664066973416,1123.0911171673888
2018,20061,Soybeans,901.1629323379043,880.9876428079519
2019,20061,Soybeans,638.8841684485142,605.2586858985924
2020,20061,Soybeans,813.7366777081083,793.5613881781542
2021,20061,Soybeans,1432.4455566266693,1432.4455566266697
1990,20085,Soybeans,1802.3258646758086,511.1073347588108
1991,20085,Soybeans,2293.257909904667,1418.9953636067007
1992,20085,Soybeans,1223.9675648171537,-464.03165918892
1993,20085,Soybeans,800.2864846881391,-363.15521153915506
1994,20085,Soybeans,1318.1189159569349,0
1995,20085,Soybeans,107.60154415974944,-894.43783582792
1996,20085,Soybeans,1210.5173717971857,-80.70115811981213
1997,20085,Soybeans,1627.4733554162158,706.1351335483578
1998,20085,Soybeans,1123.091117167388,221.9281848294845
1999,20085,Soybeans,1513.1467147464814,941.5135113978108
2000,20085,Soybeans,1412.2702670967158,1055.840152067545
2001,20085,Soybeans,1197.0671787772162,564.9081068386868
2002,20085,Soybeans,1318.1189159569346,975.1389939477322
2003,20085,Soybeans,1802.3258646758086,1661.0988379661371
2004,20085,Soybeans,1049.1150555575605,497.65714173884317
2005,20085,Soybeans,914.6131253578728,517.832431268796
2006,20085,Soybeans,726.3104230783119,403.50579059906204
2007,20085,Soybeans,759.9359056282328,531.282624288764
2008,20085,Soybeans,1102.915827637435,941.5135113978104
2009,20085,Soybeans,457.30656267893664,141.22702670967192
2010,20085,Soybeans,786.8362916681704,659.0594579784674
2011,20085,Soybeans,430.40617663899866,215.20308831949887
2012,20085,Soybeans,1674.5490309861057,1687.9992240060747
2013,20085,Soybeans,1028.9397660276072,921.3382218678571
2014,20085,Soybeans,-336.25482549921844,-558.1830103287025
2015,20085,Soybeans,1176.8918892472625,1109.6409241474198
2016,20085,Soybeans,504.38223824882743,369.8803080491398
2017,20085,Soybeans,531.282624288765,430.4061766389991
2018,20085,Soybeans,645.6092649584989,585.0833963686387
2019,20085,Soybeans,275.7289569093582,201.7528952995308
2020,20085,Soybeans,786.8362916681704,746.4857126082638
2021,20085,Soybeans,672.5096509984364,638.8841684485137
1990,20087,Soybeans,0,0
1991,20087,Soybeans,0,0
1992,20087,Soybeans,0,0
1993,20087,Soybeans,0,0
1994,20087,Soybeans,0,0
1995,20087,Soybeans,0,0
1996,20087,Soybeans,0,0
1997,20087,Soybeans,0,0
1998,20087,Soybeans,0,0
1999,20087,Soybeans,0,0
2000,20087,Soybeans,0,0
2001,20087,Soybeans,0,0
2002,20087,Soybeans,0,0
2003,20087,Soybeans,0,0
2004,20087,Soybeans,0,0
2005,20087,Soybeans,0,0
2006,20087,Soybeans,0,0
2007,20087,Soybeans,0,0
2008,20087,Soybeans,0,0
2009,20087,Soybeans,0,0
2010,20087,Soybeans,0,0
2011,20087,Soybeans,0,0
2012,20087,Soybeans,0,0
2013,20087,Soybeans,0,0
2014,20087,Soybeans,0,0
2015,20087,Soybeans,0,0
2016,20087,Soybeans,0,0
2017,20087,Soybeans,0,0
2018,20087,Soybeans,0,0
2019,20087,Soybeans,0,0
2020,20087,Soybeans,0,0
2021,20087,Soybeans,0,0
1990,20091,Soybeans,759.9359056282326,1304.6687229369663
1991,20091,Soybeans,1210.5173717971854,1842.6764437357149
1992,20091,Soybeans,181.57760576957844,665.7845544884526
1993,20091,Soybeans,-121.0517371797182,121.05173717971866
1994,20091,Soybeans,847.3621602580301,1600.5729693762783
1995,20091,Soybeans,484.2069487188742,975.1389939477322
1996,20091,Soybeans,-121.05173717971866,322.804632479249
1997,20091,Soybeans,988.5891869677016,1788.8756716558396
1998,20091,Soybeans,685.959844018404,1392.0949775667627
1999,20091,Soybeans,295.9042464393119,887.7127393179358
2000,20091,Soybeans,1089.4656346174668,1829.2262507157461
2001,20091,Soybeans,531.282624288765,1271.043240387045
2002,20091,Soybeans,1197.0671787772167,1930.1026983655124
2003,20091,Soybeans,1163.4416962272946,1809.0509611857933
2004,20091,Soybeans,134.5019301996872,531.2826242887645
2005,20091,Soybeans,558.1830103287016,961.6888009277632
2006,20091,Soybeans,766.6610021382176,1143.2664066973412
2007,20091,Soybeans,894.43783582792,1237.4177578371223
2008,20091,Soybeans,954.9637044177789,1237.4177578371227
2009,20091,Soybeans,786.8362916681708,941.5135113978113
2010,20091,Soybeans,901.1629323379047,1022.2146695176234
2011,20091,Soybeans,1526.5969077664502,1795.6007681658243
2012,20091,Soybeans,1358.4694950168412,1587.1227763563095
2013,20091,Soybeans,1015.4895730076382,1123.0911171673888
2014,20091,Soybeans,1076.015441597498,1170.1667927372791
2015,20091,Soybeans,793.5613881781542,840.637063748045
2016,20091,Soybeans,1028.9397660276072,1089.465634617466
2017,20091,Soybeans,948.2386079077946,988.5891869677012
2018,20091,Soybeans,1721.624706555996,1829.2262507157461
2019,20091,Soybeans,235.3783778494526,215.20308831949978
2020,20091,Soybeans,874.2625462979672,887.7127393179358
2021,20091,Soybeans,1163.4416962272944,1183.6169857572477
1990,20103,Soybeans,652.3343614684827,605.2586858985928
1991,20103,Soybeans,1089.4656346174663,1203.7922752872005
1992,20103,Soybeans,1237.4177578371232,1358.469495016841
1993,20103,Soybeans,0,-228.65328133946923
1994,20103,Soybeans,860.8123532779978,692.6849405283883
1995,20103,Soybeans,524.5575277787802,309.3544394592809
1996,20103,Soybeans,215.20308831950024,-208.47799180951506
1997,20103,Soybeans,907.888028847889,652.3343614684827
1998,20103,Soybeans,860.8123532779978,638.8841684485142
1999,20103,Soybeans,934.7884148878265,746.4857126082643
2000,20103,Soybeans,907.8880288478886,733.0355195882962
2001,20103,Soybeans,780.1111951581861,396.7806940890764
2002,20103,Soybeans,1257.5930473670758,1143.2664066973412
2003,20103,Soybeans,1250.8679508570908,1237.4177578371227
2004,20103,Soybeans,659.059457978467,161.40231623962427
2005,20103,Soybeans,1008.764476497654,860.8123532779987
2006,20103,Soybeans,1008.764476497654,961.6888009277641
2007,20103,Soybeans,780.1111951581861,733.0355195882953
2008,20103,Soybeans,611.9837824085771,524.5575277787807
2009,20103,Soybeans,685.959844018405,571.6332033486706
2010,20103,Soybeans,928.0633183778418,948.2386079077946
2011,20103,Soybeans,531.2826242887645,464.0316591889209
2012,20103,Soybeans,1351.744398506857,1472.7961356865744
2013,20103,Soybeans,759.9359056282328,719.5853265683272
2014,20103,Soybeans,464.03165918892046,376.60540455912496
2015,20103,Soybeans,934.7884148878256,934.7884148878261
2016,20103,Soybeans,1035.664862537592,1049.11505555756
2017,20103,Soybeans,800.2864846881384,780.1111951581865
2018,20103,Soybeans,827.1868707280764,820.4617742180926
2019,20103,Soybeans,578.3582998586553,558.183010328702
2020,20103,Soybeans,840.637063748045,840.6370637480454
2021,20103,Soybeans,1116.3660206574045,1129.8162136773722
1990,20117,Soybeans,423.6810801290155,948.2386079077946
1991,20117,Soybeans,907.8880288478888,1634.1984519261996
1992,20117,Soybeans,53.80077207987506,403.50579059906295
1993,20117,Soybeans,753.2108091182483,1405.5451705867313
1994,20117,Soybeans,598.5335893886081,1197.0671787772167
1995,20117,Soybeans,490.932045228858,934.7884148878261
1996,20117,Soybeans,349.7050185191865,807.0115811981241
1997,20117,Soybeans,766.6610021382166,1331.569108976903
1998,20117,Soybeans,739.76061609828,1271.043240387045
1999,20117,Soybeans,1176.8918892472634,1829.226250715747
2000,20117,Soybeans,1102.9158276374353,1620.7482589062313
2001,20117,Soybeans,659.0594579784674,1062.565248577529
2002,20117,Soybeans,1425.7204601166845,1970.4532774254183
2003,20117,Soybeans,2219.281848294839,2985.942850433057
2004,20117,Soybeans,793.5613881781542,1170.1667927372782
2005,20117,Soybeans,706.1351335483573,1042.3899590475767
2006,20117,Soybeans,1123.0911171673888,1526.59690776645
2007,20117,Soybeans,591.8084928786234,840.637063748045
2008,20117,Soybeans,833.9119672380602,1123.0911171673883
2009,20117,Soybeans,840.637063748045,1109.6409241474203
2010,20117,Soybeans,981.8640904577169,1237.4177578371227
2011,20117,Soybeans,659.059457978467,854.0872567680144
2012,20117,Soybeans,1593.847872866294,1889.7521193056054
2013,20117,Soybeans,1183.6169857572477,1405.5451705867313
2014,20117,Soybeans,793.5613881781546,934.7884148878265
2015,20117,Soybeans,1049.1150555575605,1203.7922752872005
2016,20117,Soybeans,961.6888009277641,1096.1907311274508
2017,20117,Soybeans,1748.525092595934,1903.2023123255744
2018,20117,Soybeans,1425.7204601166845,1540.0471007864185
2019,20117,Soybeans,242.1034743594364,275.7289569093591
2020,20117,Soybeans,1371.9196880368108,1439.1706531366535
2021,20117,Soybeans,1062.5652485775295,1096.1907311274517
1990,20127,Soybeans,1889.7521193056057,2273.0826203747147
1991,20127,Soybeans,1903.2023123255744,2353.783778494527
1992,20127,Soybeans,753.2108091182486,517.8324312687951
1993,20127,Soybeans,-369.88030804914,-874.2625462979663
1994,20127,Soybeans,1129.816213677373,1096.1907311274513
1995,20127,Soybeans,1244.142854347107,1351.7443985068571
1996,20127,Soybeans,1042.3899590475767,928.0633183778423
1997,20127,Soybeans,941.5135113978108,773.3860986482014
1998,20127,Soybeans,1607.298065886262,1761.9752856159025
1999,20127,Soybeans,1546.7721972964034,1694.7243205160594
2000,20127,Soybeans,1943.5528913854803,2299.9830064146518
2001,20127,Soybeans,1432.4455566266688,1506.4216182364971
2002,20127,Soybeans,2051.15443554523,2353.783778494527
2003,20127,Soybeans,2057.8795320552144,2353.783778494527
2004,20127,Soybeans,1802.325864675809,1916.6525053455434
2005,20127,Soybeans,1223.9675648171533,1223.9675648171537
2006,20127,Soybeans,1661.0988379661376,1782.1505751458562
2007,20127,Soybeans,2078.0548215851677,2279.8077168846985
2008,20127,Soybeans,1210.5173717971852,1230.6926613271376
2009,20127,Soybeans,995.3142834776854,941.5135113978108
2010,20127,Soybeans,1264.3181438770594,1318.1189159569346
2011,20127,Soybeans,1923.377601855527,2078.0548215851686
2012,20127,Soybeans,2407.584550574402,2589.1621563439794
2013,20127,Soybeans,1573.6725833363403,1627.4733554162158
2014,20127,Soybeans,1640.9235484361839,1701.4494170260432
2015,20127,Soybeans,1210.5173717971857,1217.2424683071695
2016,20127,Soybeans,833.9119672380607,793.5613881781546
2017,20127,Soybeans,1533.3220042764347,1553.497293806388
2018,20127,Soybeans,1277.7683368970288,1291.2185299169973
2019,20127,Soybeans,733.0355195882953,712.8602300583425
2020,20127,Soybeans,1681.2741274960904,1694.7243205160594
2021,20127,Soybeans,1869.5768297756517,1876.301926285636
1990,20131,Soybeans,0,0
1991,20131,Soybeans,0,0
1992,20131,Soybeans,0,0
1993,20131,Soybeans,0,0
1994,20131,Soybeans,0,0
1995,20131,Soybeans,0,0
1996,20131,Soybeans,0,0
1997,20131,Soybeans,0,0
1998,20131,Soybeans,0,0
1999,20131,Soybeans,0,0
2000,20131,Soybeans,0,0
2001,20131,Soybeans,0,0
2002,20131,Soybeans,0,0
2003,20131,Soybeans,0,0
2004,20131,Soybeans,0,0
2005,20131,Soybeans,0,0
2006,20131,Soybeans,0,0
2007,20131,Soybeans,0,0
2008,20131,Soybeans,0,0
2009,20131,Soybeans,0,0
2010,20131,Soybeans,0,0
2011,20131,Soybeans,0,0
2012,20131,Soybeans,0,0
2013,20131,Soybeans,0,0
2014,20131,Soybeans,0,0
2015,20131,Soybeans,0,0
2016,20131,Soybeans,0,0
2017,20131,Soybeans,0,0
2018,20131,Soybeans,0,0
2019,20131,Soybeans,0,0
2020,20131,Soybeans,0,0
2021,20131,Soybeans,0,0
1990,20139,Soybeans,1640.9235484361843,1876.3019262856365
1991,20139,Soybeans,1761.9752856159027,2104.9552076251057
1992,20139,Soybeans,598.5335893886081,316.0795359692647
1993,20139,Soybeans,-316.0795359692654,-739.7606160982796
1994,20139,Soybeans,1123.091117167388,1096.1907311274513
1995,20139,Soybeans,901.1629323379047,867.537449787983
1996,20139,Soybeans,759.9359056282333,551.4579138187173
1997,20139,Soybeans,1156.7165997173106,1096.1907311274513
1998,20139,Soybeans,1614.0231623962468,1768.7003821258868
1999,20139,Soybeans,1324.8440124669191,1392.0949775667636
2000,20139,Soybeans,2004.0787599753398,2360.5088750045115
2001,20139,Soybeans,1445.8957496466376,1526.5969077664504
2002,20139,Soybeans,1842.6764437357144,2064.604628565199
2003,20139,Soybeans,1687.9992240060742,1876.3019262856371
2004,20139,Soybeans,1183.6169857572472,1143.2664066973412
2005,20139,Soybeans,1143.2664066973412,1123.0911171673893
2006,20139,Soybeans,1398.8200740767475,1466.071039176591
2007,20139,Soybeans,1869.5768297756529,2024.2540495052926
2008,20139,Soybeans,1143.2664066973412,1149.9915032073259
2009,20139,Soybeans,1123.091117167388,1096.1907311274508
2010,20139,Soybeans,995.3142834776854,1002.0393799876692
2011,20139,Soybeans,1580.3976798463245,1667.8239344761212
2012,20139,Soybeans,2226.0069448048234,2373.959068024479
2013,20139,Soybeans,1156.7165997173097,1156.7165997173106
2014,20139,Soybeans,1533.3220042764347,1573.6725833363407
2015,20139,Soybeans,1035.6648625375924,1028.9397660276077
2016,20139,Soybeans,894.43783582792,860.8123532779987
2017,20139,Soybeans,746.4857126082647,712.860230058342
2018,20139,Soybeans,1028.9397660276068,1022.2146695176225
2019,20139,Soybeans,847.3621602580297,833.9119672380607
2020,20139,Soybeans,1809.0509611857933,1822.5011542057618
2021,20139,Soybeans,1566.947486826356,1573.6725833363407
1990,20149,Soybeans,0,0
1991,20149,Soybeans,0,0
1992,20149,Soybeans,0,0
1993,20149,Soybeans,0,0
1994,20149,Soybeans,0,0
1995,20149,Soybeans,0,0
1996,20149,Soybeans,0,0
1997,20149,Soybeans,0,0
1998,20149,Soybeans,0,0
1999,20149,Soybeans,0,0
2000,20149,Soybeans,0,0
2001,20149,Soybeans,0,0
2002,20149,Soybeans,0,0
2003,20149,Soybeans,0,0
2004,20149,Soybeans,0,0
2005,20149,Soybeans,0,0
2006,20149,Soybeans,0,0
2007,20149,Soybeans,0,0
2008,20149,Soybeans,0,0
2009,20149,Soybeans,0,0
2010,20149,Soybeans,0,0
2011,20149,Soybeans,0,0
2012,20149,Soybeans,0,0
2013,20149,Soybeans,0,0
2014,20149,Soybeans,0,0
2015,20149,Soybeans,0,0
2016,20149,Soybeans,0,0
2017,20149,Soybeans,0,0
2018,20149,Soybeans,0,0
2019,20149,Soybeans,0,0
2020,20149,Soybeans,0,0
2021,20149,Soybeans,0,0
1990,20161,Soybeans,1378.6447845467942,1277.7683368970283
1991,20161,Soybeans,1714.8996100460122,1809.0509611857942
1992,20161,Soybeans,887.7127393179353,497.6571417388436
1993,20161,Soybeans,-147.95212321965573,-679.2347475084207
1994,20161,Soybeans,692.6849405283892,282.4540534193429
1995,20161,Soybeans,887.7127393179358,706.1351335483578
1996,20161,Soybeans,975.1389939477331,685.9598440184054
1997,20161,Soybeans,1351.7443985068567,1237.4177578371227
1998,20161,Soybeans,793.5613881781546,524.5575277787802
1999,20161,Soybeans,880.9876428079515,692.6849405283888
2000,20161,Soybeans,1304.6687229369663,1378.6447845467942
2001,20161,Soybeans,1116.3660206574036,995.3142834776854
2002,20161,Soybeans,1869.5768297756524,2037.7042425252616
2003,20161,Soybeans,1795.600768165825,1950.2779878954645
2004,20161,Soybeans,1022.214669517623,854.087256768014
2005,20161,Soybeans,544.732817308734,309.35443945928046
2006,20161,Soybeans,1049.1150555575605,975.1389939477322
2007,20161,Soybeans,746.4857126082638,611.9837824085771
2008,20161,Soybeans,504.382238248827,322.80463247924945
2009,20161,Soybeans,511.10733475881216,295.9042464393124
2010,20161,Soybeans,692.6849405283897,605.2586858985928
2011,20161,Soybeans,470.7567556989047,356.4301150291708
2012,20161,Soybeans,1540.0471007864192,1560.2223903163722
2013,20161,Soybeans,1062.565248577529,1008.764476497654
2014,20161,Soybeans,1102.9158276374355,1062.565248577529
2015,20161,Soybeans,672.509650998436,598.5335893886086
2016,20161,Soybeans,598.5335893886081,517.8324312687955
2017,20161,Soybeans,1593.8478728662926,1600.5729693762783
2018,20161,Soybeans,961.6888009277636,941.5135113978108
2019,20161,Soybeans,342.97992200920226,295.9042464393119
2020,20161,Soybeans,1156.7165997173101,1143.2664066973407
2021,20161,Soybeans,1096.1907311274508,1082.7405381074818
1990,20177,Soybeans,1190.3420822672315,423.6810801290144
1991,20177,Soybeans,1674.549030986106,1096.1907311274508
1992,20177,Soybeans,880.9876428079519,33.62548254992225
1993,20177,Soybeans,390.0555975790935,-221.9281848294836
1994,20177,Soybeans,1452.6208461566216,907.8880288478881
1995,20177,Soybeans,201.7528952995308,-215.20308831949978
1996,20177,Soybeans,901.1629323379043,275.72895690935866
1997,20177,Soybeans,1331.5691089769039,894.4378358279196
1998,20177,Soybeans,1149.9915032073259,786.8362916681708
1999,20177,Soybeans,1492.9714252165284,1277.7683368970293
2000,20177,Soybeans,1533.3220042764349,1439.1706531366528
2001,20177,Soybeans,1035.6648625375924,780.1111951581852
2002,20177,Soybeans,1378.644784546794,1291.218529916997
2003,20177,Soybeans,1620.7482589062313,1607.298065886262
2004,20177,Soybeans,699.410037038373,511.1073347588117
2005,20177,Soybeans,867.5374497879825,786.8362916681704
2006,20177,Soybeans,840.637063748045,820.4617742180917
2007,20177,Soybeans,1129.8162136773722,1190.3420822672315
2008,20177,Soybeans,1102.9158276374355,1156.7165997173097
2009,20177,Soybeans,538.0077207987483,517.832431268796
2010,20177,Soybeans,766.6610021382171,786.8362916681708
2011,20177,Soybeans,1230.6926613271376,1291.2185299169978
2012,20177,Soybeans,1452.620846156622,1526.5969077664504
2013,20177,Soybeans,1129.8162136773722,1163.4416962272944
2014,20177,Soybeans,295.9042464393119,282.45405341934384
2015,20177,Soybeans,538.0077207987488,531.282624288764
2016,20177,Soybeans,625.4339754285456,618.7088789185614
2017,20177,Soybeans,578.3582998586548,578.3582998586553
2018,20177,Soybeans,1028.9397660276077,1042.3899590475758
2019,20177,Soybeans,531.282624288765,531.282624288765
2020,20177,Soybeans,1062.5652485775286,1069.2903450875133
2021,20177,Soybeans,921.3382218678571,928.0633183778423
1990,20197,Soybeans,995.3142834776854,1499.6965217265124
1991,20197,Soybeans,1116.3660206574039,1607.298065886262
1992,20197,Soybeans,591.8084928786238,961.6888009277636
1993,20197,Soybeans,-558.1830103287023,-571.6332033486706
1994,20197,Soybeans,800.2864846881389,1190.342082267232
1995,20197,Soybeans,948.2386079077946,1318.1189159569349
1996,20197,Soybeans,699.4100370383735,1049.115055557561
1997,20197,Soybeans,1082.7405381074823,1492.9714252165286
1998,20197,Soybeans,1223.9675648171542,1627.4733554162153
1999,20197,Soybeans,1250.8679508570917,1627.4733554162149
2000,20197,Soybeans,1566.947486826356,1943.5528913854803
2001,20197,Soybeans,948.2386079077951,1244.142854347107
2002,20197,Soybeans,1445.8957496466376,1788.87567165584
2003,20197,Soybeans,1714.899610046012,2071.329725075183
2004,20197,Soybeans,827.1868707280769,1076.015441597498
2005,20197,Soybeans,934.7884148878261,1176.8918892472639
2006,20197,Soybeans,1028.9397660276072,1257.5930473670765
2007,20197,Soybeans,1230.692661327138,1466.0710391765915
2008,20197,Soybeans,638.8841684485142,793.5613881781551
2009,20197,Soybeans,726.3104230783106,887.7127393179358
2010,20197,Soybeans,1035.6648625375917,1190.3420822672315
2011,20197,Soybeans,1681.2741274960902,1876.301926285637
2012,20197,Soybeans,1930.1026983655115,2138.5806901750275
2013,20197,Soybeans,1149.9915032073259,1291.2185299169969
2014,20197,Soybeans,1526.5969077664495,1667.8239344761214
2015,20197,Soybeans,1062.565248577529,1163.4416962272944
2016,20197,Soybeans,753.2108091182481,833.9119672380612
2017,20197,Soybeans,1096.1907311274508,1176.8918892472634
2018,20197,Soybeans,1304.6687229369659,1371.9196880368104
2019,20197,Soybeans,807.0115811981232,847.3621602580297
2020,20197,Soybeans,1540.0471007864185,1580.3976798463254
2021,20197,Soybeans,1432.4455566266688,1459.3459426666063
1990,20209,Soybeans,269.0038603993744,1123.0911171673883
1991,20209,Soybeans,107.60154415975012,766.6610021382176
1992,20209,Soybeans,208.47799180951506,1028.9397660276068
1993,20209,Soybeans,-383.3305010691088,-174.85250925959326
1994,20209,Soybeans,322.804632479249,1163.4416962272944
1995,20209,Soybeans,121.05173717971866,618.7088789185605
1996,20209,Soybeans,-168.127412749609,329.52972898923326
1997,20209,Soybeans,275.72895690935866,887.7127393179362
1998,20209,Soybeans,134.5019301996872,638.8841684485137
1999,20209,Soybeans,195.02779878954652,679.2347475084207
2000,20209,Soybeans,-6.725096509984269,349.705018519187
2001,20209,Soybeans,87.42625462979595,511.10733475881125
2002,20209,Soybeans,87.42625462979686,437.1312731489834
2003,20209,Soybeans,786.8362916681704,1210.5173717971845
2004,20209,Soybeans,121.05173717971866,511.1073347588117
2005,20209,Soybeans,-33.6254825499218,282.4540534193425
2006,20209,Soybeans,295.9042464393119,632.1590719385299
2007,20209,Soybeans,423.68108012901484,753.2108091182486
2008,20209,Soybeans,-40.35057905990652,168.127412749609
2009,20209,Soybeans,-6.725096509984269,228.65328133946787
2010,20209,Soybeans,100.87644764976585,309.35443945928046
2011,20209,Soybeans,316.0795359692647,524.5575277787798
2012,20209,Soybeans,746.4857126082643,961.6888009277636
2013,20209,Soybeans,733.0355195882953,961.6888009277632
2014,20209,Soybeans,363.15521153915597,551.4579138187182
2015,20209,Soybeans,517.832431268796,679.2347475084198
2016,20209,Soybeans,558.1830103287011,706.1351335483587
2017,20209,Soybeans,833.9119672380612,981.8640904577169
2018,20209,Soybeans,948.2386079077951,1069.2903450875133
2019,20209,Soybeans,201.75289529953125,269.0038603993744
2020,20209,Soybeans,558.183010328702,625.4339754285456
2021,20209,Soybeans,706.1351335483573,753.2108091182477
2022,20005,Corn,4136.39354957081,4249.375467465003
2022,20013,Corn,3100.7259688740214,3257.6452992826235
2022,20045,Corn,4205.438054950593,4130.116776354464
2022,20061,Corn,3056.788556359612,3201.1543403355263
2022,20085,Corn,4563.214128282213,4632.258633661998
2022,20087,Corn,2849.655040220254,2874.7621330856327
2022,20091,Corn,0,0
2022,20103,Corn,4249.3754674650045,4305.8664264121
2022,20117,Corn,4017.1348584602692,4174.054188868871
2022,20127,Corn,6157.514525233632,6320.710628858581
2022,20131,Corn,4337.250292493822,4400.01802465726
2022,20139,Corn,5278.766274945446,4337.250292493822
2022,20149,Corn,3339.2433510950978,3395.7343100422004
2022,20161,Corn,3119.556288523052,3138.386608172086
2022,20177,Corn,3558.9304136671444,2968.913731330791
2022,20197,Corn,3966.920672729516,4073.6258174073673
2022,20209,Corn,0,0
2022,20005,Soybeans,1486.2463287065448,1526.59690776645
2022,20013,Soybeans,0,0
2022,20045,Soybeans,1526.5969077664486,1566.9474868263565
2022,20061,Soybeans,1513.1467147464818,1533.322004276435
2022,20085,Soybeans,1506.4216182364971,1486.2463287065439
2022,20087,Soybeans,0,0
2022,20091,Soybeans,1788.8756716558405,1856.126636755684
2022,20103,Soybeans,1499.696521726512,1499.696521726512
2022,20117,Soybeans,1674.5490309861066,1721.6247065559974
2022,20127,Soybeans,1963.7281809154338,1990.6285669553715
2022,20131,Soybeans,0,0
2022,20139,Soybeans,2037.7042425252614,2057.8795320552153
2022,20149,Soybeans,0,0
2022,20161,Soybeans,1459.3459426666059,1479.5212321965591
2022,20177,Soybeans,1526.59690776645,1566.947486826356
2022,20197,Soybeans,1593.847872866293,1371.91968803681
2022,20209,Soybeans,887.7127393179367,941.5135113978108
2023,20005,Corn,2209.424172153147,2259.6383578839013
2023,20013,Corn,1688.451995196585,1776.3268202254021
2023,20045,Corn,3496.1626815037016,3514.993001152732
2023,20061,Corn,5347.8107803252315,5542.390750031903
2023,20085,Corn,2014.8442024464766,2021.120975662825
2023,20087,Corn,1173.7565914563547,1129.8191789419507
2023,20091,Corn,0,0
2023,20103,Corn,2102.7190274752957,2096.442254258951
2023,20117,Corn,2441.664781157884,2542.0931526193926
2023,20127,Corn,8235.126459843555,7883.6271597282785
2023,20131,Corn,2378.8970489944422,2485.60219367229
2023,20139,Corn,6352.094494940298,5548.667523248247
2023,20149,Corn,2334.9596364800345,2385.1738222107833
2023,20161,Corn,5492.176564301149,5598.881708979001
2023,20177,Corn,4023.411631676612,3326.6898046624083
2023,20197,Corn,5485.899791084803,5642.819121493413
2023,20209,Corn,0,0
2023,20005,Soybeans,786.8362916681704,800.2864846881389
2023,20013,Soybeans,0,0
2023,20045,Soybeans,1271.0432403870436,1284.493433407013
2023,20061,Soybeans,2474.835515674245,2515.186094734151
2023,20085,Soybeans,726.3104230783119,712.8602300583425
2023,20087,Soybeans,0,0
2023,20091,Soybeans,1311.3938194469506,1371.91968803681
2023,20103,Soybeans,988.5891869677016,981.8640904577164
2023,20117,Soybeans,1109.6409241474194,1136.5413101873564
2023,20127,Soybeans,2824.540534193431,2723.6640865436666
2023,20131,Soybeans,0,0
2023,20139,Soybeans,2239.4571378247924,2044.4293390352461
2023,20149,Soybeans,0,0
2023,20161,Soybeans,1862.8517332656675,1883.0270227956207
2023,20177,Soybeans,1318.118915956934,1345.0193019968724
2023,20197,Soybeans,2084.7799180951515,1983.9034704453866
2023,20209,Soybeans,551.4579138187178,598.5335893886081
