Year,Crop,basin_water_m3,basin_irrigated_area_ha,alluvial_water_m3,alluvial_irrigated_area_ha,alluvial_water_fraction,alluvial_area_fraction,basin_depth_m,alluvial_depth_m
1990,Alfalfa,408812.8854183679,318.0829147692,38188.5976904706,42.8966780732,0.09341339045952388,0.13486005089058525,0.1285240000127015,0.08902460378238283
1990,Corn,9605875.492903288,5444.235944516599,8185151.112416076,4835.99342429,0.8520983973260087,0.8882777075745187,0.17644120480447337,0.169254802359823
1990,Multi-Crop,10117844.464395752,6436.525139191,8720839.939644579,5576.568149516,0.8619266653418947,0.8663942156554543,0.15719420410230006,0.15638363426799465
1990,Other Crop,1362170.9976588306,583.5566960524,603308.3015628577,267.092523852,0.4429020310957775,0.4576976421636616,0.23342564773458033,0.22587989093141367
1990,Sorghum,411551.21509772335,353.2905656406,248558.9250841967,259.4034966502,0.603956241570508,0.734249713631157,0.11649085911804152,0.0958194196662557
1990,Soybeans,2791357.063551617,1725.984263983,2404364.4718394643,1498.5509330665998,0.8613604125515358,0.8682297772567409,0.1617255221730753,0.16044596274877548
1990,Unknown,180310473.69124055,580.723896557,154816710.72016993,445.15420642,0.8586118573748215,0.7665505226480837,31.04926020097788,34.778220330709715
1990,Wheat,128282.11110493998,56.655989907999995,128282.11110493998,56.655989907999995,1,1,0.22642285716523355,0.22642285716523355
1991,Alfalfa,569436.8903038034,237.9551576136,60576.29304195773,44.110734999799995,0.10637929167117947,0.18537414965986393,0.2393042857379352,0.13732777983008534
1991,Corn,14290553.168180063,5335.780192407,12460140.130169826,4612.8092926167,0.8719144726961366,0.8645051194539249,0.26782499752362393,0.2701204263985859
1991,Multi-Crop,19366207.58150427,8565.171617163,17096452.982596364,7468.473526801,0.8827981890953374,0.8719584219229861,0.2261041394978942,0.22891495726998115
1991,Other Crop,1394919.9404457167,566.55989908,283429.45663166454,156.61334353139998,0.2031868986983588,0.27642857142857136,0.2462087314529032,0.18097401552176093
1991,Sorghum,1296327.7371705452,507.4757953187999,1174348.7182554728,459.7228895392,0.9059041819306342,0.9059011164274324,0.25544622012093854,0.255447084532287
1991,Soybeans,5373157.897722289,2208.3695494854,4586393.842460992,1773.7371697626,0.8535751097888244,0.8031885651456844,0.2433088202549413,0.2585723477326036
1991,Unknown,185643555.7640609,40.46856422,157233595.0326605,40.46856422,0.8469650044437452,1,458.73521668533493,388.5326748383971
1991,Wheat,34068.76835306195,67.9871878896,34068.76835306195,67.9871878896,1,1,0.05011057143352365,0.05011057143352365
1992,Alfalfa,74971.02608613705,135.16500449479997,2195.5976708345497,2.8327994954,0.029285949325435996,0.020958083832335335,0.055466299406679125,0.07750628572194533
1992,Corn,5076542.5202472415,5440.189088094599,4648585.9967101365,4900.3384413998,0.9156992142131684,0.9007661980212751,0.09331555278761967,0.09486254984833763
1992,Golf Course/Turf/Sod,724337.5394630184,405.4950134844,91215.98188663764,31.5654800916,0.12593021473698554,0.07784431137724551,0.1786304431314258,0.2889738461824043
1992,Multi-Crop,4865863.822394129,5256.259463714699,4404603.289243241,4763.5546943362,0.9052048002190213,0.9062632328598376,0.09257274790151492,0.09246463139134842
1992,Other Crop,922817.1019427866,509.0945378876,631308.339275186,436.2511222916,0.6841099259496886,0.8569157392686805,0.1812663529590903,0.14471214101615662
1992,Sorghum,314019.8062028425,273.36515130609996,241232.04296916455,238.1575004347,0.7682064576950272,0.8712065136935605,0.11487192303133752,0.10129097027339164
1992,Soybeans,1859917.9235643733,1591.6286307726,1645403.0971964877,1341.9375895352,0.8846643587600972,0.8431222984998729,0.11685627461109077,0.12261398071175557
1992,Unknown,172372376.65606686,0,145384743.83154246,0,0.8434341200831001,NA,Inf,Inf
1992,Wheat,130786.07923516142,87.41209871519999,130786.07923516142,87.41209871519999,1,1,0.1496201111258975,0.1496201111258975
1993,Corn,440661.38646384433,1146.8791099948,374682.4429734286,955.4628012342,0.8502729181245626,0.8330980945659845,0.03842265349709285,0.03921475985139767
1993,Golf Course/Turf/Sod,499880.84948449983,498.1680255482,60502.28413170487,31.5654800916,0.12103341064995311,0.06336311941510968,0.10034382454281666,0.19167230771124985
1993,Multi-Crop,569967.2874939488,1781.4261969644,545655.3604758875,1646.2611924696,0.9573450484764542,0.9241253975465697,0.03199499864014512,0.033145126846933416
1993,Other Crop,280974.827774945,245.6441848154,105030.97846716964,208.413105733,0.3738092102374995,0.8484349258649094,0.11438285338856923,0.05039557282051438
1993,Sorghum,49.3392735019,0.8093712844,49.3392735019,0.8093712844,1,1,0.006096000000602443,0.006096000000602443
1993,Soybeans,151903.28829397462,506.4640812132999,135411.63612596455,465.9955169933,0.8914332115306537,0.9200958849380745,0.02999290451754658,0.029058570563010692
1993,Unknown,171569083.94418243,0,141429645.9935383,0,0.8243306004918137,NA,Inf,Inf
1993,Wheat,4107.494519033175,40.46856422,4107.494519033175,40.46856422,1,1,0.010149840001003066,0.010149840001003066
1994,Alfalfa,99727.00656571538,109.265123394,51263.5051684741,40.46856422,0.5140383426097711,0.37037037037037035,0.09127066667568658,0.12667488001251875
1994,Corn,8963095.772538908,5848.7192438955,6780289.308359726,4656.920027616499,0.7564673501685819,0.7962290261200483,0.15324886353356737,0.14559600053578778
1994,Golf Course/Turf/Sod,2324792.558499275,404.6856422,1130868.4834819234,28.327994954,0.48643844774345535,0.06999999999999999,0.5744687520567723,3.9920526861088037
1994,Multi-Crop,11046421.926519886,7117.6110750135995,9747639.56049262,6280.721166943999,0.8824250626432083,0.8824198317034342,0.15519844804808727,0.15519936805657483
1994,Other Crop,811532.3705592512,452.0338623374,575012.228209518,343.98279586999996,0.7085511916342412,0.7609668755595344,0.17952911013412529,0.16716307766357885
1994,Sorghum,490321.3652435067,222.1724175678,401498.3381217112,179.68042513679998,0.8188473245956077,0.808743169398907,0.22069407652454248,0.22345135137343414
1994,Soybeans,6875699.128494025,3851.3932568174,5922896.083080458,3447.921671544,0.8614245580547591,0.8952400966691185,0.17852498225994615,0.17178163100289193
1994,Unknown,175972231.72485736,999.1688505918,146707788.7853143,995.526679812,0.8336985179269665,0.9963547995139732,17.61186126054974,14.736700859992954
1995,Alfalfa,147635.44113606025,126.2619203664,133647.75709827163,114.1213511004,0.9052552427103352,0.9038461538461539,0.11692792308847856,0.11711021277753098
1995,Corn,9401388.87387466,5419.7524631635,7822186.746899348,4549.2736467913,0.8320245925191194,0.8393877170057868,0.17346528162998587,0.1719436409901722
1995,Golf Course/Turf/Sod,680376.2467728255,346.8155953654,10829.970533667049,4.046856421999999,0.015917619971355535,0.011668611435239205,0.1961781003694458,0.26761440002644726
1995,Multi-Crop,10642456.62472308,6994.181954142599,9219622.99029366,6141.104620384999,0.8663059024244373,0.878030434531042,0.15216156363246508,0.15012971704943306
1995,Other Crop,512635.051684741,441.5120356402,474964.51636604033,410.755926833,0.9265158806544754,0.9303391384051329,0.11610896426445348,0.11563181084886584
1995,Sorghum,271736.0488117142,262.6409817878,92424.79408743416,74.0574725226,0.34012709940989555,0.28197226502311246,0.1034629275911185,0.12480144263528442
1995,Soybeans,6308877.219685823,3855.237770418299,4961656.021898068,3131.2551565225,0.7864562661666689,0.812208051225529,0.1636443092588113,0.15845581959562724
1995,Unknown,181000261.40443385,0,154082591.66973516,0,0.8512838074053781,NA,Inf,Inf
1995,Wheat,27481.9753405583,12.140569266,27481.9753405583,12.140569266,1,1,0.22636480002237072,0.22636480002237072
1996,Alfalfa,161203.74134908276,132.3322049994,103242.42980272576,93.8870689904,0.640446858979264,0.7094801223241589,0.12181746790194697,0.10996448276948806
1996,Corn,12063403.031941049,6535.0660930667,10342350.493647773,5641.9248807313,0.8573327498271976,0.863330959531845,0.1845949659903145,0.18331244588118673
1996,Golf Course/Turf/Sod,1075670.1712516728,434.6323797227999,107115.5627726249,28.7326805962,0.09958030410751553,0.06610800744878959,0.24748965365574335,0.3728004507410676
1996,Multi-Crop,11583923.972049585,7610.9228728554,9628485.21498553,6358.4208102464,0.8311937507719959,0.8354336151432977,0.1522013054864085,0.15142887679704248
1996,Other Crop,667313.6741131975,381.2138749524,619972.6411881244,341.95936765899995,0.9290573012939002,0.8970276008492568,0.17504968154596187,0.18130008995874558
1996,Sorghum,228798.54604668575,134.7603188526,NA,NA,NA,NA,0.16978183785461667,NA
1996,Soybeans,5728437.671391095,3381.9579118653996,5368705.0282887425,3110.4138459491996,0.9372023117404374,0.9197080291970803,0.169382287440456,0.17260420298349025
1996,Unknown,175198616.58598432,152.16180146719998,149643907.2773205,59.0841037612,0.8541386353006845,0.38829787234042556,115.13968347946391,253.27270407982445
1996,Wheat,59404.4852962876,60.70284633,59404.4852962876,60.70284633,1,1,0.09786112000967123,0.09786112000967123
1997,Alfalfa,359942.335014736,262.6409817878,288153.69206947146,172.8007692194,0.8005551557520304,0.6579352850539291,0.13704728506747296,0.16675486652701835
1997,Corn,12801950.282172613,6567.845630084899,11113042.280565824,5784.7789124279,0.8680741633594156,0.8807726670569026,0.19491856239025412,0.19210833203479555
1997,Golf Course/Turf/Sod,1112107.224732826,396.18724371379994,66287.31394980264,31.5654800916,0.059605146406388636,0.07967313585291115,0.28070243107983467,0.20999938463613796
1997,Multi-Crop,14926487.06434605,8169.3890590914,11881008.0726229,6463.6390772183995,0.7959681351282116,0.7912022588794768,0.18271240304971076,0.18381298724581394
1997,Other Crop,781743.784182479,345.6015384388,655521.5877462433,263.45035307219996,0.8385376398377961,0.762295081967213,0.22619800470619497,0.24882167744394487
1997,Sorghum,279173.94429212564,128.6900342196,172280.40825025932,74.866843807,0.617107763000928,0.5817610062893082,0.21693516983275954,0.2301157621849036
1997,Soybeans,7263863.527951848,4237.4633594762,6051770.265467421,3386.8141395718,0.8331338057467341,0.7992550854741667,0.1714200905527062,0.1786862229833656
1997,Unknown,167659427.57707348,117.7635218802,143829261.56030318,109.265123394,0.8578656365397913,0.9278350515463917,142.3695766738636,131.63327610189765
1997,Wheat,715.4194657775499,30.351423164999996,715.4194657775499,30.351423164999996,1,1,0.0023571200002329446,0.0023571200002329446
1998,Alfalfa,114849.49389404772,110.4791803206,21931.30707159455,37.6357647246,0.1909569326602943,0.34065934065934067,0.10395578023005374,0.05827251613479109
1998,Corn,9917539.348796412,7439.133817741499,8301604.132698935,6273.2344825633,0.837062888357122,0.8432748538011697,0.13331578100052716,0.13233371326663412
1998,Golf Course/Turf/Sod,1115906.3487924722,378.7857610992,163831.05766305895,44.110734999799995,0.1468143431931733,0.11645299145299144,0.29460092310603725,0.3714085871926681
1998,Multi-Crop,9902700.562290717,7575.715221983999,8179267.404050974,6257.249399696399,0.8259633170367141,0.8259615384615385,0.13071637821804638,0.13071665969471874
1998,Other Crop,575752.3173120465,420.46838224579994,510266.76655664976,275.59092233819996,0.8862608993722818,0.6554379210779596,0.1369311799942831,0.18515369164825396
1998,Sorghum,34512.821814579045,52.2044478438,6808.8197432622,36.82639344019999,0.1972837741243746,0.7054263565891472,0.0661108837274637,0.018488967034794225
1998,Soybeans,4438042.981859154,3433.3529884247996,4031869.7475731377,3029.8814031514,0.9084792022190229,0.8824846770391326,0.1292626478204124,0.1330702166553306
1998,Unknown,156363928.66309765,140.8306034856,125389041.1290642,64.74970275199999,0.8019051593365113,0.4597701149425287,111.02979380407608,193.65191776913784
1999,Alfalfa,16824.692264147896,31.1607944494,4563.88279892575,21.0436533944,0.2712609970674487,0.6753246753246753,0.05399314286247877,0.021687692309835613
1999,Corn,10191976.722832356,6597.590024786599,8597257.394340696,5676.5255031394,0.8435318906371593,0.8603937925535179,0.15448029787455636,0.15145281016681747
1999,Golf Course/Turf/Sod,1478661.0223968164,565.3458421534,159267.17486413318,45.7294775686,0.10771040316324232,0.08088761632068718,0.26154981820766604,0.3482812035742422
1999,Multi-Crop,11322832.871495904,7164.149923866599,9437418.878349423,5799.5499383682,0.8334856643611847,0.8095238095238096,0.1580485192496474,0.16272674567235124
1999,Other Crop,809003.7327922788,511.5226517408,738127.8664067994,409.5418699064,0.9123911750804276,0.8006329113924051,0.158155993686516,0.18023257709291046
1999,Sorghum,180828.4373844635,89.03084128399999,47575.39447420707,45.3247919264,0.2630968622100955,0.5090909090909091,0.20310763638370868,0.10496550001037329
1999,Soybeans,8102877.873851657,5053.511956972499,6673432.776772986,4149.0395466555,0.8235879746266999,0.8210210210210211,0.16034151977560568,0.16084283366622462
1999,Unknown,177440568.5042739,452.4385479796,142627295.18370503,302.7048603656,0.8038031910401012,0.6690518783542039,39.21871142426938,47.11760987631419
2000,Alfalfa,72109.34822302684,61.10753197219999,72109.34822302684,61.10753197219999,1,1,0.11800402650172809,0.11800402650172809
2000,Corn,10986425.369941574,6795.2789610013,8990947.79243073,5620.881227336899,0.8183688041999183,0.8271744632701069,0.1616773267586751,0.1599561959911849
2000,Golf Course/Turf/Sod,1540964.190011341,578.700468346,159217.8355906313,43.7060493576,0.10332351434426229,0.07552447552447553,0.2662801007256161,0.36429244448044595
2000,Multi-Crop,13222382.56650068,7546.5778557456,10537894.369354175,6263.7243699716,0.7969739429603452,0.83000858000858,0.1752103114716268,0.1682368786831205
2000,Other Crop,989967.8531788724,490.8836839886,899676.9826703955,437.8698648604,0.9087941389020411,0.8920032976092334,0.20167055566708605,0.20546675048241264
2000,Sorghum,64597.44383236257,49.776333990599994,42690.80639751897,30.351423164999996,0.6608745464960856,0.6097560975609756,0.12977541464697154,0.14065504001390036
2000,Soybeans,7938405.405633073,4661.978598144,6616544.5944252955,4039.572080440399,0.833485348295542,0.8664930555555553,0.1702797479334947,0.16379320538585246
2000,Unknown,176454794.4893427,494.1211691262,146531622.90927577,277.209664907,0.8304201840099381,0.5610155610155609,35.71083481433996,52.85949281690272
2000,Wheat,629.075737149225,16.592111330199998,629.075737149225,16.592111330199998,1,1,0.003791414634521032,0.003791414634521032
2001,Alfalfa,316560.7787881904,199.1053359624,309406.5841304149,193.0350513294,0.9774002493765586,0.9695121951219512,0.15899160977181004,0.16028518240577744
2001,Corn,11802891.667851016,7012.3928080416,10626680.392020846,6296.9085926319995,0.9003454993123455,0.8979686057248384,0.16831475347923774,0.16876027713750053
2001,Golf Course/Turf/Sod,3472424.060153469,541.8740749058,78733.14569065692,45.3247919264,0.022673827944613766,0.08364451082897686,0.640817529562956,0.17370878573145263
2001,Multi-Crop,12042347.496974112,7087.2596518486,9234622.12943824,5508.1762759841995,0.7668456778679265,0.7771940843944498,0.1699154269567795,0.16765298833484046
2001,Other Crop,1215769.038360318,565.7505277956,848869.865781814,372.310790824,0.698216387321943,0.6580829756795422,0.21489490130879085,0.22800033915296714
2001,Sorghum,111112.0439262788,112.5026085316,111112.0439262788,112.5026085316,1,1,0.09876397123278202,0.09876397123278202
2001,Soybeans,7656024.408563324,4850.3597645881,6352086.088455112,4140.5411481693,0.8296846704603309,0.8536565016061074,0.1578444647438124,0.1534119783174628
2001,Unknown,155450029.6348403,692.8218194464,119077968.31170756,379.9998180258,0.7660208788086275,0.5484813084112149,22.437230651750088,31.336322456770965
2002,Alfalfa,430497.49612245295,198.295964678,420136.248687054,192.225680045,0.9759319217214407,0.9693877551020408,0.21709846532757743,0.21856405896896822
2002,Corn,19218794.16709897,7460.379813957,16653966.043012949,6318.3569316686,0.866545835197257,0.8469216164903716,0.25761147081471825,0.26358064641047185
2002,Golf Course/Turf/Sod,2830988.834992018,726.8154133912,293038.2801461595,61.916903256599994,0.10351092753320086,0.08518930957683742,0.38950588867991864,0.47327670592912496
2002,Multi-Crop,16563329.79758996,7195.310718316,13873932.34273002,5827.0685620378,0.8376294206705188,0.8098425196850394,0.23019617145132076,0.23809454436688707
2002,Other Crop,848462.8167754234,390.1169590808,577059.8080598469,283.6846351822,0.6801238624138632,0.7271784232365146,0.21748934441983384,0.20341595437103
2002,Sorghum,213083.98743633064,149.32900197179998,106313.799578219,95.5058115592,0.498929088277858,0.6395663956639567,0.14269430895719137,0.11131657628218738
2002,Soybeans,10041676.960927194,5117.452288440099,8757647.037676997,4459.635777044,0.8721299312608403,0.8714562492586296,0.19622414426042642,0.1963758359540713
2002,Unknown,153086061.69318053,762.0230642626,125499696.7847106,388.498216512,0.8197983238751069,0.5098247477429634,20.089426274954022,32.303802553192455
2003,Alfalfa,141258.34003593968,131.522833715,131760.52988682393,124.23849215539998,0.9327628361858191,0.9446153846153845,0.10740214154907565,0.10605451466846139
2003,Corn,16760908.91832832,7889.5489375101,14220824.439903503,6583.0213416674,0.8484518655401083,0.8343976815162473,0.2124444508942735,0.21602276070248225
2003,Golf Course/Turf/Sod,2239484.95461449,842.9601927025999,302585.4295687772,64.74970275199999,0.13511384791636832,0.07681228996639462,0.26566912340599574,0.46731555004618297
2003,Multi-Crop,14115201.39015431,6744.086227262999,11828437.076706624,5530.029300663,0.837992795834797,0.8199819981998201,0.20929746320700265,0.21389465468634142
2003,Other Crop,1654148.4834246994,652.7579408685999,1458567.6032631677,541.4693892636,0.8817634075046232,0.8295102293862369,0.25340917051481404,0.26937212558715906
2003,Sorghum,495156.6140466929,131.522833715,274462.0436726942,58.679418119,0.5542934010910993,0.4461538461538462,0.3764795815756675,0.4677313655634653
2003,Soybeans,13805807.14084227,5771.8289718774995,12200220.837361816,5004.9496799085,0.8837021054183364,0.8671340929009641,0.23919293534353328,0.2437631068767281
2003,Unknown,162964006.2749917,541.8740749058,135323750.5450393,223.3864744944,0.8303904257035067,0.4122479462285288,30.074147079895184,60.578309788595405
2003,Wheat,36548.06684653242,50.1810196328,36548.06684653242,50.1810196328,1,1,0.07283245162010095,0.07283245162010095
2004,Alfalfa,93423.91437584764,295.42051880599996,93423.91437584764,295.42051880599996,1,1,0.03162404383874171,0.03162404383874171
2004,Corn,3370279.4291861607,4986.9411688306,2735270.644398332,4128.198236082199,0.8115857162202222,0.8278016716708593,0.06758209722326573,0.0662582193968039
2004,Golf Course/Turf/Sod,2058212.4637685092,880.5959574271999,295603.92236825835,82.96055665099999,0.1436216753964354,0.09420955882352941,0.23372949267015736,0.356318634181555
2004,Multi-Crop,4814476.9690419,6042.361323688199,3616359.055776886,4526.408908007,0.7511426638928457,0.7491125845556226,0.07967873338139252,0.07989466107182056
2004,Other Crop,782915.5919281491,734.0997549507999,733341.9568771151,617.5502899971999,0.9366807411141921,0.8412348401323042,0.10664975524758495,0.11875015990688631
2004,Sorghum,14530.416046309549,12.140569266,14530.416046309549,12.140569266,1,1,0.11968480001182795,0.11968480001182795
2004,Soybeans,4300990.814889251,5452.7343430027995,3442894.5049625817,4619.486605712999,0.8004886904300992,0.8471871753005789,0.07887768859321895,0.07452980815454024
2004,Unknown,137204057.92337832,42.491992431,111051553.97696546,36.421707798,0.809389719646501,0.8571428571428571,322.89391500333886,304.90485123013246
2004,Wheat,12902.220020746849,36.0170221558,6352.431463369625,28.327994954,0.4923518164435947,0.7865168539325843,0.035822561801293,0.022424571430787556
2005,Alfalfa,122114.70191720247,93.8870689904,119351.7026010961,84.983984862,0.9773737373737376,0.9051724137931035,0.13006551725423315,0.14044022858530772
2005,Corn,12195040.213644115,7966.236866707,10285227.949750949,6480.2311885486,0.8433943447143027,0.8134620269240538,0.1530840774344835,0.15871699096054268
2005,Golf Course/Turf/Sod,2563569.97261172,867.2413312345999,337875.34494101116,98.7432966968,0.1317987605373571,0.11385907606159591,0.29560053012720655,0.34217547544365184
2005,Multi-Crop,10560232.72543216,7852.5202012488,8880933.54733987,6572.094829328,0.8409789611882282,0.836940836940837,0.13448208288280172,0.1351309404074431
2005,Other Crop,1323908.3910581071,855.9101332529999,1055206.7075667598,634.5470869696,0.7970390660666536,0.741371158392435,0.15467843405783943,0.1662928928735769
2005,Soybeans,8536964.802121373,6323.8201878383,7105990.187564143,5233.1923821093,0.8323789956119249,0.8275365564905769,0.13499695672149722,0.13578690918868896
2005,Unknown,134495196.12512186,0,107472594.09050302,0,0.7990812845874472,NA,Inf,Inf
2006,Alfalfa,93830.96338223832,91.4589551372,92104.0888096718,86.60272743079999,0.9815958985145259,0.9469026548672566,0.10259352213403271,0.10635241122546363
2006,Corn,17555542.587713167,9046.5451885599,14381621.132246194,7324.203095356699,0.819206872153963,0.8096132769688429,0.1940579770707783,0.19635748688295743
2006,Golf Course/Turf/Sod,2503376.058939402,1040.8514717383998,294987.1814494846,95.5058115592,0.11783574441247191,0.0917573872472784,0.2405123235074392,0.30886830511526997
2006,Multi-Crop,13544518.683194583,7912.4136762944,11428529.93015535,6507.7498122182,0.8437752715668918,0.8224734042553191,0.17118061867485487,0.1756141563509166
2006,Other Crop,1249652.7844377477,759.5949504094,1051481.5924173663,624.0252602723999,0.8414189969499857,0.8215237080447522,0.16451567822616783,0.16849984437462884
2006,Soybeans,8790667.346468143,6090.114229467799,7784232.510758012,5262.5320911687995,0.8855109861352574,0.8641105721310386,0.1443432260093476,0.14791800555137607
2006,Unknown,166798013.20100382,0,140958899.98505667,0,0.845087404099897,NA,Inf,Inf
2007,Alfalfa,105277.67483467911,69.6059304584,103982.51890525426,64.74970275199999,0.9876977152899826,0.9302325581395348,0.15124813954983096,0.16059150001587064
2007,Corn,13623560.199344628,11030.1118638032,11555455.211238988,9301.2948003248,0.8481964363320296,0.843263868506017,0.12351243910818509,0.1242349098626083
2007,Golf Course/Turf/Sod,2298359.042720632,828.3915095834,268417.98266871145,94.2917546326,0.11678679339455056,0.11382510991695165,0.27744840647588026,0.28466750217405523
2007,Multi-Crop,7778657.172852297,6419.123656576399,6333078.1333385045,5067.473611628399,0.814160849695382,0.78943386710377,0.12117942555730414,0.12497505894862296
2007,Other Crop,916686.6972101756,766.4746063268,734883.8091740495,591.6504088964,0.8016739104108077,0.7719112988384372,0.11959779093050997,0.12420912723525729
2007,Sorghum,174044.28727795224,95.101125917,127134.97299602084,52.60913348599999,0.7304748405386252,0.553191489361702,0.18300970214574566,0.24165950771618996
2007,Soybeans,5796464.19473184,5112.596060733699,5026093.113091549,4216.6220489029,0.8670963787992603,0.8247516523528715,0.11337614248953594,0.1191971453642439
2007,Unknown,174709923.41676638,0,150387129.42371637,0,0.8607818404508795,NA,Inf,Inf
2007,Wheat,20019.410223395924,28.327994954,20019.410223395924,28.327994954,1,1,0.07067005714984118,0.07067005714984118
2008,Alfalfa,136386.08677762706,237.5504719714,136386.08677762706,237.5504719714,1,1,0.057413519596815336,0.057413519596815336
2008,Corn,7789573.487114592,8738.3770720246,6793820.604117622,7300.1242996458,0.8721684974608518,0.8354096234890938,0.08914210754365882,0.09306445103198113
2008,Golf Course/Turf/Sod,1651582.8412026004,839.3180219228,197369.42882597545,86.1980417886,0.11950319651072475,0.10270009643201543,0.19677676376100883,0.22897205636065654
2008,Multi-Crop,5429515.682879834,6319.166302953,4048657.435382159,4989.773968326,0.745675613047449,0.7896253602305475,0.08592139251569586,0.0811390948985296
2008,Other Crop,458127.48928351694,621.5971464191999,377174.0762852745,538.6365897682,0.8232950109043914,0.8665364583333334,0.07370167188228365,0.07002384974395999
2008,Sorghum,28653.783086228425,76.89027201799999,17293.415362415948,24.281138532,0.6035299182092122,0.31578947368421056,0.03726581052999862,0.07122160000703853
2008,Soybeans,4835569.508463962,6000.2740168994,3983097.8757165098,5045.6205869496,0.8237081214001113,0.8408983610979969,0.08058914467647445,0.0789416843196398
2008,Unknown,183381177.38654155,0,163696164.08930475,0,0.8926552137041656,NA,Inf,Inf
2009,Alfalfa,4329.521249791725,26.304566743,NA,NA,NA,NA,0.016459200001626595,NA
2009,Corn,3514966.848730482,7132.584443774999,2954781.0722082853,6006.3443015324,0.840628432463162,0.8420992907801419,0.04928040987721061,0.049194333922123495
2009,Golf Course/Turf/Sod,1219296.7964157036,851.4585911887999,145328.83009984644,128.2853485774,0.11919069296914518,0.15066539923954372,0.14320095058449417,0.11328560253485485
2009,Multi-Crop,2662976.273899673,5074.3532675458,1456199.3181350764,3961.0630658536,0.5468315029343511,0.7806045139165803,0.05247912657030313,0.03676284103346556
2009,Other Crop,422529.2034518961,339.935939448,348409.2798336668,279.233093118,0.8245803532331046,0.8214285714285714,0.12429671429799802,0.12477363479493955
2009,Sorghum,727.754284153025,2.0234282109999997,727.754284153025,2.0234282109999997,1,1,0.035966400003554416,0.035966400003554416
2009,Soybeans,1273755.019543426,3633.8747241349,1071587.3463693906,3101.7131046419,0.8412821381881566,0.8535553204521409,0.03505225458334046,0.034548241897862694
2009,Unknown,172456043.7291077,0,151541310.71392792,0,0.8787242675702776,NA,Inf,Inf
2010,Alfalfa,65769.2515780327,100.7667249078,64474.09564860782,93.4823833482,0.9803075768942235,0.9277108433734941,0.06526881928355868,0.06896924676006269
2010,Corn,7946497.046487385,9435.8527763563,6735933.301481518,7944.9908704915,0.8476607066077025,0.8420003002165848,0.08421599228846768,0.08478214023504364
2010,Golf Course/Turf/Sod,1805570.7138020303,819.2860826338999,225591.49326906225,105.6229526142,0.12494193195791775,0.12892072116571995,0.22038342308920367,0.21358188507857867
2010,Multi-Crop,5750418.317736192,5780.934398826999,3913233.464437819,4465.7060616769995,0.6805128337130036,0.7724886244312216,0.09947212545610275,0.08762854989538404
2010,Other Crop,540573.4153051919,479.552486007,371031.336734288,361.7889641267999,0.6863662293211638,0.7544303797468351,0.11272455697316541,0.1025546308826183
2010,Sorghum,42703.14121589445,50.585705274999995,42703.14121589445,50.585705274999995,1,1,0.08441740800834263,0.08441740800834263
2010,Soybeans,7193172.683842001,6890.177744097199,6044690.079719899,5861.0621559825995,0.8403371287468276,0.8506401973452368,0.10439749090659348,0.1031330144409041
2010,Unknown,189581310.8474292,0,168227840.67745212,0,0.8873651095958406,NA,Inf,Inf
2011,Alfalfa,130502.3784125255,79.3183858712,130502.3784125255,79.3183858712,1,1,0.16452979593462716,0.16452979593462716
2011,Corn,20168698.530194297,10528.7063531174,17653789.416073825,9007.0883384454,0.8753063262681311,0.8554791098128145,0.19155913227860735,0.19599884838168272
2011,Golf Course/Turf/Sod,2173740.3726732084,776.7940902029,272587.151279622,110.4791803206,0.12540004993531106,0.14222453764001042,0.2798348236796477,0.24673169233207576
2011,Multi-Crop,11235021.299480898,6317.5475603842,8678642.52598208,4851.7761643358,0.7724633798765532,0.7679841137659343,0.17783833350037564,0.1788755752950151
2011,Other Crop,1162976.0157132847,570.6067555019999,956330.8034689522,445.15420642,0.8223134360018668,0.7801418439716312,0.2038139234243974,0.21483135274850362
2011,Sorghum,82211.56447254086,48.96696270619999,82211.56447254086,48.96696270619999,1,1,0.16789190084303834,0.16789190084303834
2011,Soybeans,12389560.299425358,7220.1988853113,10359397.21264268,5865.3113552257,0.8361392141675247,0.8123476165120646,0.1715958313091701,0.17662143721343923
2011,Unknown,187361734.2896727,0,164581865.72275573,0,0.8784177107813386,NA,Inf,Inf
2011,Wheat,15467.862242845647,28.327994954,15467.862242845647,28.327994954,1,1,0.054602742862539015,0.054602742862539015
2012,Alfalfa,248706.9429047024,110.8838659628,239998.56113161705,99.5526679812,0.9649853692406885,0.8978102189781022,0.2242949781243559,0.24107697563358074
2012,Corn,24828410.533079114,10586.3740571309,21597502.216717444,8944.969092367699,0.8698705133759126,0.8449511649687492,0.23453177073744985,0.24144859522371664
2012,Golf Course/Turf/Sod,2880920.1797759407,742.3958106158999,380936.1958897944,107.6463808252,0.13222726494262715,0.1449986372308531,0.3880571709296012,0.35387738349361886
2012,Multi-Crop,49289687.53203058,7276.6525323982,46086063.833915465,5481.8717092412,0.935004179200096,0.7533507591346421,0.6773676125467812,0.8406994230861834
2012,Other Crop,2243345.7527660136,682.0976499280999,1918125.93147824,564.9411565112,0.8550291140423708,0.8282408780777218,0.3288892364608623,0.3395266762513191
2012,Sorghum,121436.28690655137,52.609133486,121436.28690655137,52.609133486,1,1,0.23082738463819635,0.23082738463819635
2012,Soybeans,13130623.85260552,6347.494297906999,11461895.61386101,5448.6874865807995,0.8729132554952153,0.8583997449792796,0.2068631059177976,0.21036067203504935
2012,Unknown,177070511.61819127,84.1746135776,154309774.35457465,0,0.8714594708310636,0,210.36094386694296,Inf
2013,Alfalfa,41432.65492322052,40.8732498622,35635.29028674727,26.7092523852,0.8600774039892826,0.6534653465346535,0.10136863367338418,0.133419272740458
2013,Corn,17887225.85382969,12053.1571672848,15514290.499210935,10224.7874358252,0.8673391070247651,0.8483078162771958,0.1484028259614831,0.15173215674736268
2013,Golf Course/Turf/Sod,2717656.523758154,824.5469959825,256675.23557525928,102.38546747659998,0.09444726856810878,0.12417177914110428,0.32959389058471966,0.2506949881670677
2013,Multi-Crop,8848764.34101663,6893.4152292348,6783533.365592476,5345.087962177599,0.766607980975242,0.7753903956792297,0.12836546249947695,0.12691153847408063
2013,Other Crop,1102399.7226713272,791.160430501,948350.1759800198,680.2765645382,0.8602598100097344,0.859846547314578,0.13933959285264505,0.13940656277403873
2013,Sorghum,212504.25097268328,160.6601999534,180248.70092081616,132.3322049994,0.8482122126770374,0.8236775818639799,0.13226938036571648,0.13620924771988302
2013,Soybeans,8758288.448232522,6675.087325267899,7104608.68790609,5181.3926199077,0.811186880849973,0.776228439782958,0.1312085973029726,0.1371177443803255
2013,Unknown,190184717.82753903,44.9201062842,170930029.33896744,6.4749702752,0.898757961688426,0.14414414414414412,423.3843896634629,2639.8581317608864
2014,Alfalfa,32921.630244142776,75.27152944919999,28382.417081967975,67.1778166052,0.8621206444361184,0.89247311827957,0.04373716129464495,0.04224968675116332
2014,Corn,17621299.504472826,11426.5014503381,14578213.467514517,9142.4556857613,0.8273063779328034,0.8001097908661082,0.15421430243595186,0.1594562114227035
2014,Golf Course/Turf/Sod,1938207.015793513,875.9420725419,252876.11151561295,102.38546747659998,0.13046909306129204,0.11688611688611687,0.221271140701008,0.2469843794710488
2014,Multi-Crop,8798080.572311804,6874.799689693599,6276769.687454461,5026.6003617662,0.7134248926075887,0.7311631740051802,0.12797580976070477,0.12487107061857189
2014,Other Crop,1165134.6089289929,903.6630390326,842973.822598337,719.5310718316,0.7234990842587791,0.7962382445141066,0.12893463145027007,0.11715600001157805
2014,Sorghum,629.075737149225,2.0234282109999997,629.075737149225,2.0234282109999997,1,1,0.031089600003072464,0.031089600003072464
2014,Soybeans,10008298.942403158,7632.1688690709,9068373.447373588,6909.8049977439,0.9060853896912197,0.9053527399984093,0.13113309092205028,0.13123920936024208
2014,Unknown,196019814.67342287,55.8466186236,174747297.91644406,14.5686831192,0.8914777223291446,0.2608695652173913,350.9967469912093,1199.4721587852057
2015,Corn,5063615.630589744,7938.3135573952,3793240.351281198,6808.026558730599,0.7491169606883078,0.8576162316476345,0.06378704486764149,0.055717179105547916
2015,Golf Course/Turf/Sod,1627628.623917428,822.9282534137,334902.6537125217,110.4791803206,0.20576109856465133,0.13425129087779691,0.19778499731484997,0.30313643959039727
2015,Multi-Crop,3713458.746028626,5655.481849745,2268767.813437867,3867.9853681476,0.6109581305741474,0.6839355992844366,0.06566122648233877,0.05865502574339862
2015,Other Crop,657877.5380559592,906.495838528,405087.7702689745,540.6600179792,0.6157495078278804,0.5964285714285714,0.0725736964357436,0.0749246766541111
2015,Sorghum,57258.22689895495,51.7997622016,NA,NA,NA,NA,0.11053762501092398,NA
2015,Soybeans,4695655.663630949,7127.5258732474995,3761798.899242112,5814.3209643085,0.8011232442741072,0.8157558552164657,0.065880583909988355,0.06469885172033162
2015,Unknown,162119675.62237203,533.7803620617999,141849819.24668047,343.98279586999996,0.8749697943949354,0.6444275966641395,30.371982025746046,41.23747494054592
2015,Wheat,15517.20151634755,85.3886705042,NA,NA,NA,NA,0.018172436020753257,NA
2016,Alfalfa,76956.93184458851,18.210853899,76956.93184458851,18.210853899,1,1,0.4225882667084293,0.4225882667084293
2016,Corn,13947645.217341855,12366.9908828109,11507435.763303263,10021.0282149775,0.8250450584300388,0.8103044879660989,0.11278123635336333,0.11483288457470031
2016,Golf Course/Turf/Sod,2065860.0511613041,837.0922508906999,308382.79420525045,117.358836238,0.14927574306492636,0.14019821126420112,0.24679001017667354,0.26276913106045113
2016,Multi-Crop,5775544.342767035,6439.7626243285995,3588482.3662483133,4453.5654924109995,0.6213236628928883,0.6915729277948847,0.08968567134676311,0.08057549332918058
2016,Other Crop,674122.4938564596,635.7611438962,432989.1294342989,425.7292955944,0.6423003732708776,0.6696371737746658,0.10603392489908486,0.1017052699720283
2016,Sorghum,24928.667936834972,21.448339036599997,24928.667936834972,21.448339036599997,1,1,0.11622656604922205,0.11622656604922205
2016,Soybeans,4139577.3816277855,6791.434447400399,3405014.2777314982,5721.850295065799,0.822551184293253,0.8425098319628173,0.06095291670248423,0.05950897178606351
2016,Unknown,171301295.03725085,408.732498622,152077480.59907308,408.732498622,0.8877777635364789,1,41.91036817839925,37.2070929304097
2017,Alfalfa,10903.9794439199,16.187425687999998,10903.9794439199,16.187425687999998,1,1,0.067360800006657,0.067360800006657
2017,Corn,12250744.253427764,10042.6788968352,10047486.660382042,8539.6764217044,0.8201531639655892,0.8503384912959382,0.1219868162596377,0.11765652659678531
2017,Golf Course/Turf/Sod,2158617.885344876,870.8835020143999,486028.8484488414,117.358836238,0.22515742677226547,0.13475836431226768,0.24786528626984872,0.41413911728230696
2017,Multi-Crop,8983485.227313569,7790.198612349999,5487945.71752446,5491.584164653999,0.6108927191018024,0.704935064935065,0.1153177945049029,0.09993374503566825
2017,Other Crop,561406.9235413691,474.6962583006,471621.78058628656,334.2703404572,0.840071186887551,0.7041773231031543,0.11826655755644483,0.14108992737471812
2017,Soybeans,10479600.017711682,9704.9687284193,8891677.174144909,8097.557357600899,0.8484748615516806,0.8343723286700163,0.10798180098225366,0.1098069057306349
2017,Unknown,174677458.17480212,16.187425687999998,155809022.18884015,0,0.8919812769024835,0,1079.0934985066426,Inf
2018,Alfalfa,40544.548000186325,47.7529057796,36042.33929313795,29.5420518806,0.8889564952844539,0.6186440677966102,0.08490488136432302,0.12200350686137218
2018,Corn,20561118.44199166,11483.1574402461,18148958.364938896,9632.5299984655,0.8826834209501733,0.8388398442318197,0.1790545723071703,0.18841320367369838
2018,Golf Course/Turf/Sod,2900076.1527130534,1137.3689974031,1382215.0775189777,446.3682633466,0.47661337314397767,0.39245685821028287,0.25498111512927274,0.3096580090967854
2018,Multi-Crop,11970965.903035238,7868.505284115699,8531882.856950678,5306.0357977053,0.7127146569507327,0.6743384678684393,0.1521377373565632,0.16079580278445274
2018,Other Crop,629051.067512474,330.62816967739997,391408.45669057267,190.202251834,0.6222204792344798,0.5752753977968177,0.1902593684398552,0.20578539576501775
2018,Pasture,2466.963675095,0.8093712844,NA,NA,NA,NA,0.30480000003012214,NA
2018,Sorghum,54963.95068111659,44.1107349998,54963.95068111659,44.1107349998,1,1,0.12460447707653431,0.12460447707653431
2018,Soybeans,10261249.062829023,8103.6276422339,9335582.617841505,6917.8987105879,0.9097900811763053,0.8536792429274139,0.12662537712555041,0.13494824090953111
2018,Unknown,163515446.66528565,0,143372700.59295335,0,0.8768144142763205,NA,Inf,Inf
2018,Wheat,456.388279892575,16.187425687999998,456.388279892575,16.187425687999998,1,1,0.00281940000027863,0.00281940000027863
2019,Corn,7938923.468004843,10635.341019837098,6437652.723525781,8659.0586861534,0.8108974408772892,0.8141778124464908,0.0746466281917723,0.07434587241936767
2019,Golf Course/Turf/Sod,1911958.5222905024,1115.9206583665,467773.3172531384,366.2405061909999,0.2446566239798716,0.32819582955575693,0.171334629210042,0.12772298785792624
2019,Multi-Crop,4554693.359236021,7176.4928359537,3369983.393545149,5062.4150411008995,0.7398924862222583,0.7054163024783601,0.06346684185926227,0.06656869036190866
2019,Other Crop,424367.09138984187,548.7537308231999,279482.31475151255,381.6185605946,0.6585862109057087,0.6954277286135694,0.07733288496339472,0.07323603818327155
2019,Sorghum,1640.530843938175,25.8998811008,1640.530843938175,25.8998811008,1,1,0.006334125000625976,0.006334125000625976
2019,Soybeans,2635938.352020632,5807.036622748899,2378128.3131548287,4999.6887665599,0.9021942077407942,0.8609707655319001,0.04539214272722888,0.047565527059619965
2019,Unknown,146686572.89770848,0,125587273.99517646,0,0.8561606663396141,NA,Inf,Inf
2020,Alfalfa,10410.5867089009,29.5420518806,10410.5867089009,29.5420518806,1,1,0.03523989041444152,0.03523989041444152
2020,Corn,10459740.960127167,12100.100701779998,8527442.322335508,9794.4042553455,0.8152632416846997,0.8094481605351171,0.08644342074432881,0.08706443087318434
2020,Golf Course/Turf/Sod,2423742.4715073355,1177.635218802,802762.3146942884,398.2106719247999,0.3312077599544011,0.3381443298969071,0.20581436703064906,0.20159236587358112
2020,Multi-Crop,6348410.31257922,8045.352909757099,3898616.704662882,5709.5073829787,0.6141091253881098,0.7096652498679611,0.07890779166293761,0.0682828910298902
2020,Other Crop,513387.4756056449,441.9167212824,281628.5731488452,246.4535560998,0.5485692318781384,0.5576923076923077,0.11617290111038198,0.114272472917697
2020,Sorghum,24.66963675095,0.4046856422,24.66963675095,0.4046856422,1,1,0.006096000000602443,0.006096000000602443
2020,Soybeans,4938441.8937154235,6993.5749256793,4340610.251511277,6123.500794949299,0.8789432669107766,0.875589503225993,0.07061398420973868,0.07088445640590818
2020,Unknown,163918980.24843934,0,139709543.23625994,0,0.8523085186627746,NA,Inf,Inf
2020,Wheat,2466.963675095,2.0234282109999997,2466.963675095,2.0234282109999997,1,1,0.12192000001204888,0.12192000001204888
2021,Alfalfa,19390.3344862467,29.5420518806,19390.3344862467,29.5420518806,1,1,0.06563638356813041,0.06563638356813041
2021,Corn,14034260.311974443,10951.400506395301,12129838.363711355,9288.1425169533,0.8643019364092756,0.848123718197439,0.1281503703912467,0.13059487773331657
2021,Golf Course/Turf/Sod,2659115.4757481497,1137.166654582,926788.9134596896,377.9763898148,0.34853278163820056,0.33238434163701064,0.23383691959606287,0.245197567476052
2021,Multi-Crop,9646605.063179104,8584.596527988599,5764060.6268594675,5508.5809616264,0.597522194503512,0.6416819874605195,0.1123710943400544,0.10463784896714377
2021,Other Crop,908718.4045396188,562.513042658,611745.3173316827,292.5877193106,0.6731956943709194,0.5201438848920863,0.16154619282172036,0.20908099587128506
2021,Sorghum,42148.07438899807,32.779537018199996,2935.6867733630497,2.4281138531999997,0.06965174129353234,0.07407407407407407,0.12858044445715153,0.12090400001194845
2021,Soybeans,8588166.63319797,8605.640181383,7424475.198018908,7284.948588063299,0.8645005989193598,0.8465318598636256,0.09979695237290039,0.10191527240403904
2021,Unknown,156216034.1907757,3.6421707798,134692627.22803974,0,0.8622202447128383,0,4289.091413757207,Inf
2021,Wheat,16948.040447902647,47.3482201374,16948.040447902647,47.3482201374,1,1,0.03579446154199895,0.03579446154199895
2022,Alfalfa,59256.46747578189,67.9871878896,9904.859155506423,29.5420518806,0.16715237302248126,0.43452380952380953,0.0871582857228992,0.03352800000331343
2022,Corn,14290873.873457825,11176.8104091007,11923193.151467023,9225.0115567701,0.8343221875053946,0.8253706754530477,0.12786182596263335,0.1292485443307306
2022,Golf Course/Turf/Sod,2835589.7222460704,1113.6948873344,1150579.5232459323,307.1564024298,0.4057637514409378,0.2757994186046512,0.25461100293213895,0.37459076683543824
2022,Multi-Crop,10794754.627205068,8472.4986050992,7025752.194031678,5512.4254752273,0.6508487164984088,0.6506257164692396,0.12740934086089092,0.12745301003351844
2022,Other Crop,785098.8547806082,570.8090983231,573729.4070984686,372.1084480029,0.7307734606985185,0.65189649060616806,0.13754140518906235,0.15418338663840206
2022,Sorghum,31355.108310457446,68.39187353179999,3392.075053255625,4.4515420642,0.10818253343823761,0.06508875739644972,0.045846248525240864,0.07620000000753054
2022,Soybeans,9801863.42207121,7842.2007173727,8339903.743754785,6668.6123549927,0.8508488013590888,0.8503496142632299,0.12498868334697556,0.12506205638884996
2022,Unknown,155108552.52293366,0,135491639.75794786,0,0.8735278458479243,NA,Inf,Inf
2022,Wheat,12741.867381865675,21.0436533944,12741.867381865675,21.0436533944,1,1,0.06054969231367619,0.06054969231367619
2023,Alfalfa,56135.75842678672,42.491992431,30565.67993442705,29.5420518806,0.5444957152274226,0.6952380952380952,0.13210902858448437,0.10346498631159488
2023,Corn,15890662.812301803,11843.9346902674,13159055.60896099,9592.2637770666,0.828099857406443,0.8098882700652612,0.13416709250651093,0.13718404658994007
2023,Golf Course/Turf/Sod,3461791.4467138094,1119.3604863252,1178123.1726783682,280.04246440239996,0.34032182204295713,0.25018076644974685,0.3092651106596306,0.42069447403001486
2023,Multi-Crop,11149368.3206816,8478.973575374399,7628752.125135149,5485.9185656632,0.6842317793900612,0.6470026727758688,0.13149431616419782,0.13906061553454538
2023,Other Crop,1093827.023900372,509.4992235298,634984.1151510775,290.96897674179996,0.5805160242675749,0.5710881652104844,0.21468669104583932,0.21823086511197023
2023,Sorghum,14740.107958692624,4.8562277063999995,14740.107958692624,4.8562277063999995,1,1,0.30353000002999664,0.30353000002999664
2023,Soybeans,12211408.517628372,8326.0024026228,10664881.324529693,6992.5632115738,0.8733539058278073,0.8398464080878779,0.14666592594042033,0.15251748181378788
2023,Unknown,143553751.0570686,0,121323188.95686664,0,0.84514119668413,NA,Inf,Inf
