Domain,Year,crop_water_m3,crop_irrigated_area_ha,sector_irrigation_m3,irrigation_gw_m3,irrigation_sw_m3,gw_fraction,crop_minus_sector_m3,crop_to_sector_ratio
Alluvial corridor,1990,20328693.459342584,12537.161195355999,21463718.776617043,21226803.920079295,236914.8565377483,0.9889620778671473,-1135025.3172744587,0.9471188879668431
Alluvial corridor,1991,35695410.191509336,14583.4541451403,35749572.378996044,35161041.18984701,588531.1891490386,0.9835373921984361,-54162.187486708164,0.9984849556545037
Alluvial corridor,1992,11795330.42418685,11802.0497262997,11795330.42418685,11641996.29696132,153334.12722552972,0.987000438163978,0,1
Alluvial corridor,1993,1225439.5359666902,3348.9760320261,1225439.5359666902,1225439.5359666902,0,1,0,1
Alluvial corridor,1994,24609467.506914433,14978.022646285299,24609467.50691443,24382901.562993705,226565.9439207248,0.9907935454573705,3.725290298461914e-9,1.0000000000000002
Alluvial corridor,1995,22742814.772517048,14436.7555998428,22742814.77251705,22681202.354731552,61612.41778549762,0.9972909062311868,-3.725290298461914e-9,0.9999999999999999
Alluvial corridor,1996,26229275.85598181,15636.041500502499,26310747.33135182,26029562.811664492,281184.5196873281,0.9893129405962456,-81471.47537001222,0.9969034906403844
Alluvial corridor,1997,30228779.0401377,16208.2669985733,30362587.14987485,29939243.848410174,423343.30146467744,0.9860570741427606,-133808.10973715037,0.9955929938026477
Alluvial corridor,1998,21215579.235357612,15954.5291009139,21256802.19836845,20894454.573770497,362347.6245979536,0.9829538036240576,-41222.96301083639,0.998060716629616
Alluvial corridor,1999,25657643.368007172,16146.7547809589,26175446.70859123,25773602.99555501,401843.71303622454,0.9846480666591899,-517803.3405840583,0.980217975022596
Alluvial corridor,2000,27319710.804828923,16513.8046584343,27790395.139218673,27239522.15056996,550872.9886487134,0.9801775762493098,-470684.3343897499,0.9830630571450384
Alluvial corridor,2001,27561510.249443363,16668.7992593969,28302487.458894897,27865884.22767658,436603.2312183131,0.9845736798981921,-740977.2094515339,0.9738193609120862
Alluvial corridor,2002,40682093.559891246,17238.3943007934,41493144.87253385,40798016.18298396,695128.6895498936,0.9832471437948289,-811051.3126426041,0.9804533660889253
Alluvial corridor,2003,40453406.02720994,17957.3183441617,41029688.74171213,40450050.95661181,579637.7851003212,0.9858727228288466,-576282.714502193,0.9859544946068205
Alluvial corridor,2004,10937776.8462687,14310.493679476398,11021493.25858305,10834608.425376227,186884.83320682173,0.9830436013685092,-83716.41231434979,0.992404258629006
Alluvial corridor,2005,27784585.43976383,19103.7927685143,27784585.439763825,27342974.27228507,441611.16747875593,0.9841058932321969,3.725290298461914e-9,1.0000000000000002
Alluvial corridor,2006,35032956.43583608,19900.618798006097,35032956.435836084,33990491.59565119,1042464.840184894,0.9702433095507026,-7.450580596923828e-9,0.9999999999999998
Alluvial corridor,2007,24169065.151636474,19417.0194555771,24169065.15163647,23622423.005690545,546642.1459459256,0.9773825697222338,3.725290298461914e-9,1.0000000000000002
Alluvial corridor,2008,15553798.922467584,18222.1850969816,15553798.922467582,15330773.07142062,223025.85104696345,0.9856610046099542,1.862645149230957e-9,1.0000000000000002
Alluvial corridor,2009,5977033.600930419,13478.6623419343,5977033.600930418,5895549.79074203,81483.81018838784,0.9863671821795174,9.313225746154785e-10,1.0000000000000002
Alluvial corridor,2010,17397656.912507087,18883.239093515298,17397656.912507087,17271940.443624247,125716.4688828412,0.992773942519095,0,1
Alluvial corridor,2011,38148928.91457507,20436.4225882789,38148928.91457507,37295828.206090465,853100.7084846019,0.9776376235779801,0,1
Alluvial corridor,2012,81805958.63990012,20700.2776269933,48034077.030317485,47107362.12576805,926714.9045494368,0.980707136228213,33771881.60958263,1.7030817223419732
Alluvial corridor,2013,30823341.955472343,21692.9715073099,30833135.801262476,30192946.392756943,640189.408505528,0.9792369672474468,-9793.84579013288,0.9996823597232127
Alluvial corridor,2014,31048218.029275633,21969.9788293958,31058270.906251643,30110882.84610491,947388.0601467328,0.9694964325925808,-10052.876976009458,0.9996763220655022
Alluvial corridor,2015,10563797.487942673,17141.4720894865,10755862.944867196,10213143.27116467,542719.6737025245,0.9495419682749383,-192065.4569245223,0.9821431847998604
Alluvial corridor,2016,19344189.930704046,20779.1913272223,19648465.230390266,18620839.176711068,1027626.0536791976,0.9476994237651819,-304275.29968621954,0.9845140423886342
Alluvial corridor,2017,25395664.16053046,22596.6345463425,25395664.16053046,24206094.27639965,1189569.884130809,0.9531585440486483,0,1
Alluvial corridor,2018,37881510.052194774,22582.875234507697,37881510.052194774,35852506.43833939,2029003.6138553843,0.9464381538365356,0,1
Alluvial corridor,2019,12934660.593074348,19494.921441700597,12934660.593074348,12645964.168996356,288696.4240779923,0.977680402048387,0,1
Alluvial corridor,2020,17863962.386373546,22304.0468270319,17863962.386373546,16757011.115721667,1106951.2706518774,0.9380343931144721,0,1
Alluvial corridor,2021,26896182.481088616,22831.554561639598,26896182.481088616,25614483.838511385,1281698.6425772316,0.9523464475496318,0,1
Alluvial corridor,2022,29039196.821188513,22140.351484762,29039196.821188513,27690483.110377327,1348713.7108111873,0.9535554058496861,0,1
Alluvial corridor,2023,33311102.134348396,22676.155275034802,33311102.134348396,31965780.498590466,1345321.6357579315,0.9596134156614795,0,1
Entire basin,1990,24825894.23013052,14918.3315140608,26475478.830756288,23039689.18117798,3435789.649578308,0.8702274783568037,-1649584.6006257683,0.9376938709524126
Entire basin,1991,42324671.98367975,17489.2993989574,42378834.17116646,38135286.60545179,4243547.565714664,0.8998663448698201,-54162.187486708164,0.9987219519237375
Entire basin,1992,13969255.81913569,13698.60898847,13969675.202960456,12573090.06203405,1396585.1409264058,0.9000273721016476,-419.3838247656822,0.9999699789852897
Entire basin,1993,1947544.4733037476,4219.8595340405,1947544.473303748,1537843.4809623456,409700.9923414021,0.789632022294002,-4.656612873077393e-10,0.9999999999999998
Entire basin,1994,30611590.128420565,18005.8806212257,30660287.99136694,26750187.570796493,3910100.420570449,0.8724701991817095,-48697.862946376204,0.998411695840558
Entire basin,1995,27992587.482029464,17458.5432901502,28010337.28567177,24989133.21651155,3021204.069160218,0.8921396754938161,-17749.803642306477,0.9993663123916974
Entire basin,1996,31568155.293438654,18671.5885026447,31774800.505682983,28633233.27881488,3141567.2268681033,0.9011302297143855,-206645.2122443281,0.993496569326773
Entire basin,1997,37525983.582158454,20138.169269977498,37659791.69189561,33002065.594769247,4657726.097126364,0.8763209808691346,-133808.10973715782,0.9964469237952277
Entire basin,1998,26099303.87475943,19410.139799659697,26215473.194219653,23506019.32468119,2709453.8695384627,0.8966467685147151,-116169.31946022436,0.9955686735616186
Entire basin,1999,32103005.353017624,20012.312035253297,32863113.86576952,28598547.769543048,4264566.096226473,0.8702324401258739,-760108.5127518959,0.9768704659011747
Entire basin,2000,34815481.253058076,20200.8955445185,35757935.38585462,30566148.657525316,5191786.728329305,0.8548074246371868,-942454.1327965409,0.9736434969573393
Entire basin,2001,36617129.49461671,20369.2447716737,37754597.10592951,30842251.232041948,6912345.873887561,0.8169137958354229,-1137467.6113127992,0.9698720765547739
Entire basin,2002,50146834.060942344,21237.700159834898,51340018.04685716,44471596.46120467,6868421.585652495,0.8662170009487764,-1193183.985914819,0.9767591825771113
Entire basin,2003,49248513.908293255,22214.4089572846,50251235.96367236,44270230.55122504,5981005.412447321,0.880977944168953,-1002722.0553791076,0.9800458230300246
Entire basin,2004,15447731.819256874,18440.310658127397,15564554.884090995,12500524.32553113,3064030.558559867,0.8031404957367779,-116823.06483412161,0.992494288098561
Entire basin,2005,35301830.806784675,23959.6157892721,35363504.89866206,30000893.2706508,5362611.628011258,0.8483574622091786,-61674.091877385974,0.998255996059946
Entire basin,2006,43737588.42413528,24940.978471607097,43737588.42413528,37554662.034881435,6182926.389253847,0.8586358642068619,0,1
Entire basin,2007,30713068.6791956,24349.732748352897,30713068.6791956,25783581.86362077,4929486.815574829,0.8394987206565274,0,1
Entire basin,2008,20329408.87880836,22833.173304208398,20329408.878808364,17055353.367769282,3274055.51103908,0.8389497928563974,-3.725290298461914e-9,0.9999999999999998
Entire basin,2009,9098581.417575127,17060.5349610465,9098581.417575128,7495906.131231284,1602675.286343842,0.8238543776452819,-1.862645149230957e-9,0.9999999999999998
Entire basin,2010,23344704.569966726,23557.1559181042,23344704.56996673,19397747.712090358,3946956.8578763674,0.8309271018595719,-3.725290298461914e-9,0.9999999999999999
Entire basin,2011,47358178.32261496,25570.4669880492,47358178.32261496,40677023.94953893,6681154.373076034,0.8589229018151322,0,1
Entire basin,2012,92743131.08006842,25798.5073474289,59415722.31582765,51519637.672040835,7896084.643786819,0.8671044576077905,33327408.76424077,1.5609190205092018
Entire basin,2013,39568271.795404226,27438.9005980866,39616550.27452584,32853862.75198791,6762687.522537923,0.8292964057780048,-48278.47912161797,0.9987813558023839
Entire basin,2014,39564571.34989159,27790.3700783373,39641330.92464217,33427912.864364143,6213418.060278022,0.8432590956118583,-76759.5747505799,0.9980636478907204
Entire basin,2015,15831011.630638009,22587.933805035198,16147473.730879197,11995413.513055429,4152060.2178237657,0.7428662658305686,-316462.10024118796,0.9804017578529322
Entire basin,2016,26704635.086535864,27110.7005422624,27008910.386222083,20949874.912731502,6059035.473490576,0.7756653124155114,-304275.29968621954,0.9887342623106544
Entire basin,2017,34444758.28678318,28899.613423607498,34455427.904677965,27437656.338135216,7017771.5665427465,0.7963231922134987,-10669.617894783616,0.9996903356439426
Entire basin,2018,46420892.47871774,29032.147971428,46420892.47871774,39094627.10460436,7326265.374113376,0.8421774123047678,0,1
Entire basin,2019,17467521.323785778,25309.444748830196,17467521.323785778,13924320.075793834,3543201.2479919447,0.7971548920815047,0,1
Entire basin,2020,24696625.33355554,28790.550643034596,24696625.33355554,18901777.000030886,5794848.333524653,0.7653586975848422,0,1
Entire basin,2021,35915352.33796243,29950.9867220431,35943710.08540765,28428635.646420877,7515074.438986772,0.7909210145215998,-28357.747445218265,0.9992110511859283
Entire basin,2022,38611533.94292889,29333.4364320459,38611533.94292888,30899867.16867379,7711666.774255092,0.8002755656987472,7.450580596923828e-9,1.0000000000000002
Entire basin,2023,43877933.987611435,30325.118598257,43900136.6606873,36131569.36926614,7768567.291421158,0.8230400203200748,-22202.67307586223,0.9994942459234815
