Region,Year,Crop,irrigated_area_ha,withdrawal_m3,implied_depth_m
Alluvial corridor,2006,Alfalfa,86.60272743079999,92104.0888096718,0.10635241122546363
Alluvial corridor,2006,Corn,7324.203095356699,14381621.132246194,0.19635748688295743
Alluvial corridor,2006,Golf Course/Turf/Sod,95.5058115592,294987.1814494846,0.30886830511526997
Alluvial corridor,2006,Multi-Crop,6507.7498122182,11428529.93015535,0.1756141563509166
Alluvial corridor,2006,Other Crop,624.0252602723999,1051481.5924173663,0.16849984437462884
Alluvial corridor,2006,Soybeans,5262.5320911687995,7784232.510758012,0.14791800555137607
Alluvial corridor,2006,Unknown,0,140958899.98505667,Inf
Alluvial corridor,2007,Alfalfa,64.74970275199999,103982.51890525426,0.16059150001587064
Alluvial corridor,2007,Corn,9301.2948003248,11555455.211238988,0.1242349098626083
Alluvial corridor,2007,Golf Course/Turf/Sod,94.2917546326,268417.98266871145,0.28466750217405523
Alluvial corridor,2007,Multi-Crop,5067.473611628399,6333078.1333385045,0.12497505894862296
Alluvial corridor,2007,Other Crop,591.6504088964,734883.8091740495,0.12420912723525729
Alluvial corridor,2007,Sorghum,52.60913348599999,127134.97299602084,0.24165950771618996
Alluvial corridor,2007,Soybeans,4216.6220489029,5026093.113091549,0.1191971453642439
Alluvial corridor,2007,Unknown,0,150387129.42371637,Inf
Alluvial corridor,2007,Wheat,28.327994954,20019.410223395924,0.07067005714984118
Alluvial corridor,2008,Alfalfa,237.5504719714,136386.08677762706,0.057413519596815336
Alluvial corridor,2008,Corn,7300.1242996458,6793820.604117622,0.09306445103198113
Alluvial corridor,2008,Golf Course/Turf/Sod,86.1980417886,197369.42882597545,0.22897205636065654
Alluvial corridor,2008,Multi-Crop,4989.773968326,4048657.435382159,0.0811390948985296
Alluvial corridor,2008,Other Crop,538.6365897682,377174.0762852745,0.07002384974395999
Alluvial corridor,2008,Sorghum,24.281138532,17293.415362415948,0.07122160000703853
Alluvial corridor,2008,Soybeans,5045.6205869496,3983097.8757165098,0.0789416843196398
Alluvial corridor,2008,Unknown,0,163696164.08930475,Inf
Alluvial corridor,2009,Corn,6006.3443015324,2954781.0722082853,0.049194333922123495
Alluvial corridor,2009,Golf Course/Turf/Sod,128.2853485774,145328.83009984644,0.11328560253485485
Alluvial corridor,2009,Multi-Crop,3961.0630658536,1456199.3181350764,0.03676284103346556
Alluvial corridor,2009,Other Crop,279.233093118,348409.2798336668,0.12477363479493955
Alluvial corridor,2009,Sorghum,2.0234282109999997,727.754284153025,0.035966400003554416
Alluvial corridor,2009,Soybeans,3101.7131046419,1071587.3463693906,0.034548241897862694
Alluvial corridor,2009,Unknown,0,151541310.71392792,Inf
Alluvial corridor,2010,Alfalfa,93.4823833482,64474.09564860782,0.06896924676006269
Alluvial corridor,2010,Corn,7944.9908704915,6735933.301481518,0.08478214023504364
Alluvial corridor,2010,Golf Course/Turf/Sod,105.6229526142,225591.49326906225,0.21358188507857867
Alluvial corridor,2010,Multi-Crop,4465.7060616769995,3913233.464437819,0.08762854989538404
Alluvial corridor,2010,Other Crop,361.7889641267999,371031.336734288,0.1025546308826183
Alluvial corridor,2010,Sorghum,50.585705274999995,42703.14121589445,0.08441740800834263
Alluvial corridor,2010,Soybeans,5861.0621559825995,6044690.079719899,0.1031330144409041
Alluvial corridor,2010,Unknown,0,168227840.67745212,Inf
Alluvial corridor,2011,Alfalfa,79.3183858712,130502.3784125255,0.16452979593462716
Alluvial corridor,2011,Corn,9007.0883384454,17653789.416073825,0.19599884838168272
Alluvial corridor,2011,Golf Course/Turf/Sod,110.4791803206,272587.151279622,0.24673169233207576
Alluvial corridor,2011,Multi-Crop,4851.7761643358,8678642.52598208,0.1788755752950151
Alluvial corridor,2011,Other Crop,445.15420642,956330.8034689522,0.21483135274850362
Alluvial corridor,2011,Sorghum,48.96696270619999,82211.56447254086,0.16789190084303834
Alluvial corridor,2011,Soybeans,5865.3113552257,10359397.21264268,0.17662143721343923
Alluvial corridor,2011,Unknown,0,164581865.72275573,Inf
Alluvial corridor,2011,Wheat,28.327994954,15467.862242845647,0.054602742862539015
Alluvial corridor,2012,Alfalfa,99.5526679812,239998.56113161705,0.24107697563358074
Alluvial corridor,2012,Corn,8944.969092367699,21597502.216717444,0.24144859522371664
Alluvial corridor,2012,Golf Course/Turf/Sod,107.6463808252,380936.1958897944,0.35387738349361886
Alluvial corridor,2012,Multi-Crop,5481.8717092412,46086063.833915465,0.8406994230861834
Alluvial corridor,2012,Other Crop,564.9411565112,1918125.93147824,0.3395266762513191
Alluvial corridor,2012,Sorghum,52.609133486,121436.28690655137,0.23082738463819635
Alluvial corridor,2012,Soybeans,5448.6874865807995,11461895.61386101,0.21036067203504935
Alluvial corridor,2012,Unknown,0,154309774.35457465,Inf
Alluvial corridor,2013,Alfalfa,26.7092523852,35635.29028674727,0.133419272740458
Alluvial corridor,2013,Corn,10224.7874358252,15514290.499210935,0.15173215674736268
Alluvial corridor,2013,Golf Course/Turf/Sod,102.38546747659998,256675.23557525928,0.2506949881670677
Alluvial corridor,2013,Multi-Crop,5345.087962177599,6783533.365592476,0.12691153847408063
Alluvial corridor,2013,Other Crop,680.2765645382,948350.1759800198,0.13940656277403873
Alluvial corridor,2013,Sorghum,132.3322049994,180248.70092081616,0.13620924771988302
Alluvial corridor,2013,Soybeans,5181.3926199077,7104608.68790609,0.1371177443803255
Alluvial corridor,2013,Unknown,6.4749702752,170930029.33896744,2639.8581317608864
Alluvial corridor,2014,Alfalfa,67.1778166052,28382.417081967975,0.04224968675116332
Alluvial corridor,2014,Corn,9142.4556857613,14578213.467514517,0.1594562114227035
Alluvial corridor,2014,Golf Course/Turf/Sod,102.38546747659998,252876.11151561295,0.2469843794710488
Alluvial corridor,2014,Multi-Crop,5026.6003617662,6276769.687454461,0.12487107061857189
Alluvial corridor,2014,Other Crop,719.5310718316,842973.822598337,0.11715600001157805
Alluvial corridor,2014,Sorghum,2.0234282109999997,629.075737149225,0.031089600003072464
Alluvial corridor,2014,Soybeans,6909.8049977439,9068373.447373588,0.13123920936024208
Alluvial corridor,2014,Unknown,14.5686831192,174747297.91644406,1199.4721587852057
Alluvial corridor,2015,Corn,6808.026558730599,3793240.351281198,0.055717179105547916
Alluvial corridor,2015,Golf Course/Turf/Sod,110.4791803206,334902.6537125217,0.30313643959039727
Alluvial corridor,2015,Multi-Crop,3867.9853681476,2268767.813437867,0.05865502574339862
Alluvial corridor,2015,Other Crop,540.6600179792,405087.7702689745,0.0749246766541111
Alluvial corridor,2015,Soybeans,5814.3209643085,3761798.899242112,0.06469885172033162
Alluvial corridor,2015,Unknown,343.98279586999996,141849819.24668047,41.23747494054592
Alluvial corridor,2016,Alfalfa,18.210853899,76956.93184458851,0.4225882667084293
Alluvial corridor,2016,Corn,10021.0282149775,11507435.763303263,0.11483288457470031
Alluvial corridor,2016,Golf Course/Turf/Sod,117.358836238,308382.79420525045,0.26276913106045113
Alluvial corridor,2016,Multi-Crop,4453.5654924109995,3588482.3662483133,0.08057549332918058
Alluvial corridor,2016,Other Crop,425.7292955944,432989.1294342989,0.1017052699720283
Alluvial corridor,2016,Sorghum,21.448339036599997,24928.667936834972,0.11622656604922205
Alluvial corridor,2016,Soybeans,5721.850295065799,3405014.2777314982,0.05950897178606351
Alluvial corridor,2016,Unknown,408.732498622,152077480.59907308,37.2070929304097
Alluvial corridor,2017,Alfalfa,16.187425687999998,10903.9794439199,0.067360800006657
Alluvial corridor,2017,Corn,8539.6764217044,10047486.660382042,0.11765652659678531
Alluvial corridor,2017,Golf Course/Turf/Sod,117.358836238,486028.8484488414,0.41413911728230696
Alluvial corridor,2017,Multi-Crop,5491.584164653999,5487945.71752446,0.09993374503566825
Alluvial corridor,2017,Other Crop,334.2703404572,471621.78058628656,0.14108992737471812
Alluvial corridor,2017,Soybeans,8097.557357600899,8891677.174144909,0.1098069057306349
Alluvial corridor,2017,Unknown,0,155809022.18884015,Inf
Alluvial corridor,2018,Alfalfa,29.5420518806,36042.33929313795,0.12200350686137218
Alluvial corridor,2018,Corn,9632.5299984655,18148958.364938896,0.18841320367369838
Alluvial corridor,2018,Golf Course/Turf/Sod,446.3682633466,1382215.0775189777,0.3096580090967854
Alluvial corridor,2018,Multi-Crop,5306.0357977053,8531882.856950678,0.16079580278445274
Alluvial corridor,2018,Other Crop,190.202251834,391408.45669057267,0.20578539576501775
Alluvial corridor,2018,Sorghum,44.1107349998,54963.95068111659,0.12460447707653431
Alluvial corridor,2018,Soybeans,6917.8987105879,9335582.617841505,0.13494824090953111
Alluvial corridor,2018,Unknown,0,143372700.59295335,Inf
Alluvial corridor,2018,Wheat,16.187425687999998,456.388279892575,0.00281940000027863
Alluvial corridor,2019,Corn,8659.0586861534,6437652.723525781,0.07434587241936767
Alluvial corridor,2019,Golf Course/Turf/Sod,366.2405061909999,467773.3172531384,0.12772298785792624
Alluvial corridor,2019,Multi-Crop,5062.4150411008995,3369983.393545149,0.06656869036190866
Alluvial corridor,2019,Other Crop,381.6185605946,279482.31475151255,0.07323603818327155
Alluvial corridor,2019,Sorghum,25.8998811008,1640.530843938175,0.006334125000625976
Alluvial corridor,2019,Soybeans,4999.6887665599,2378128.3131548287,0.047565527059619965
Alluvial corridor,2019,Unknown,0,125587273.99517646,Inf
Alluvial corridor,2020,Alfalfa,29.5420518806,10410.5867089009,0.03523989041444152
Alluvial corridor,2020,Corn,9794.4042553455,8527442.322335508,0.08706443087318434
Alluvial corridor,2020,Golf Course/Turf/Sod,398.2106719247999,802762.3146942884,0.20159236587358112
Alluvial corridor,2020,Multi-Crop,5709.5073829787,3898616.704662882,0.0682828910298902
Alluvial corridor,2020,Other Crop,246.4535560998,281628.5731488452,0.114272472917697
Alluvial corridor,2020,Sorghum,0.4046856422,24.66963675095,0.006096000000602443
Alluvial corridor,2020,Soybeans,6123.500794949299,4340610.251511277,0.07088445640590818
Alluvial corridor,2020,Unknown,0,139709543.23625994,Inf
Alluvial corridor,2020,Wheat,2.0234282109999997,2466.963675095,0.12192000001204888
Alluvial corridor,2021,Alfalfa,29.5420518806,19390.3344862467,0.06563638356813041
Alluvial corridor,2021,Corn,9288.1425169533,12129838.363711355,0.13059487773331657
Alluvial corridor,2021,Golf Course/Turf/Sod,377.9763898148,926788.9134596896,0.245197567476052
Alluvial corridor,2021,Multi-Crop,5508.5809616264,5764060.6268594675,0.10463784896714377
Alluvial corridor,2021,Other Crop,292.5877193106,611745.3173316827,0.20908099587128506
Alluvial corridor,2021,Sorghum,2.4281138531999997,2935.6867733630497,0.12090400001194845
Alluvial corridor,2021,Soybeans,7284.948588063299,7424475.198018908,0.10191527240403904
Alluvial corridor,2021,Unknown,0,134692627.22803974,Inf
Alluvial corridor,2021,Wheat,47.3482201374,16948.040447902647,0.03579446154199895
Alluvial corridor,2022,Alfalfa,29.5420518806,9904.859155506423,0.03352800000331343
Alluvial corridor,2022,Corn,9225.0115567701,11923193.151467023,0.1292485443307306
Alluvial corridor,2022,Golf Course/Turf/Sod,307.1564024298,1150579.5232459323,0.37459076683543824
Alluvial corridor,2022,Multi-Crop,5512.4254752273,7025752.194031678,0.12745301003351844
Alluvial corridor,2022,Other Crop,372.1084480029,573729.4070984686,0.15418338663840206
Alluvial corridor,2022,Sorghum,4.4515420642,3392.075053255625,0.07620000000753054
Alluvial corridor,2022,Soybeans,6668.6123549927,8339903.743754785,0.12506205638884996
Alluvial corridor,2022,Unknown,0,135491639.75794786,Inf
Alluvial corridor,2022,Wheat,21.0436533944,12741.867381865675,0.06054969231367619
Alluvial corridor,2023,Alfalfa,29.5420518806,30565.67993442705,0.10346498631159488
Alluvial corridor,2023,Corn,9592.2637770666,13159055.60896099,0.13718404658994007
Alluvial corridor,2023,Golf Course/Turf/Sod,280.04246440239996,1178123.1726783682,0.42069447403001486
Alluvial corridor,2023,Multi-Crop,5485.9185656632,7628752.125135149,0.13906061553454538
Alluvial corridor,2023,Other Crop,290.96897674179996,634984.1151510775,0.21823086511197023
Alluvial corridor,2023,Sorghum,4.8562277063999995,14740.107958692624,0.30353000002999664
Alluvial corridor,2023,Soybeans,6992.5632115738,10664881.324529693,0.15251748181378788
Alluvial corridor,2023,Unknown,0,121323188.95686664,Inf
Whole basin,2006,Alfalfa,91.4589551372,93830.96338223832,0.10259352213403271
Whole basin,2006,Corn,9046.5451885599,17555542.587713167,0.1940579770707783
Whole basin,2006,Golf Course/Turf/Sod,1040.8514717383998,2503376.058939402,0.2405123235074392
Whole basin,2006,Multi-Crop,7912.4136762944,13544518.683194583,0.17118061867485487
Whole basin,2006,Other Crop,759.5949504094,1249652.7844377477,0.16451567822616783
Whole basin,2006,Soybeans,6090.114229467799,8790667.346468143,0.1443432260093476
Whole basin,2006,Unknown,0,166798013.20100382,Inf
Whole basin,2007,Alfalfa,69.6059304584,105277.67483467911,0.15124813954983096
Whole basin,2007,Corn,11030.1118638032,13623560.199344628,0.12351243910818509
Whole basin,2007,Golf Course/Turf/Sod,828.3915095834,2298359.042720632,0.27744840647588026
Whole basin,2007,Multi-Crop,6419.123656576399,7778657.172852297,0.12117942555730414
Whole basin,2007,Other Crop,766.4746063268,916686.6972101756,0.11959779093050997
Whole basin,2007,Sorghum,95.101125917,174044.28727795224,0.18300970214574566
Whole basin,2007,Soybeans,5112.596060733699,5796464.19473184,0.11337614248953594
Whole basin,2007,Unknown,0,174709923.41676638,Inf
Whole basin,2007,Wheat,28.327994954,20019.410223395924,0.07067005714984118
Whole basin,2008,Alfalfa,237.5504719714,136386.08677762706,0.057413519596815336
Whole basin,2008,Corn,8738.3770720246,7789573.487114592,0.08914210754365882
Whole basin,2008,Golf Course/Turf/Sod,839.3180219228,1651582.8412026004,0.19677676376100883
Whole basin,2008,Multi-Crop,6319.166302953,5429515.682879834,0.08592139251569586
Whole basin,2008,Other Crop,621.5971464191999,458127.48928351694,0.07370167188228365
Whole basin,2008,Sorghum,76.89027201799999,28653.783086228425,0.03726581052999862
Whole basin,2008,Soybeans,6000.2740168994,4835569.508463962,0.08058914467647445
Whole basin,2008,Unknown,0,183381177.38654155,Inf
Whole basin,2009,Alfalfa,26.304566743,4329.521249791725,0.016459200001626595
Whole basin,2009,Corn,7132.584443774999,3514966.848730482,0.04928040987721061
Whole basin,2009,Golf Course/Turf/Sod,851.4585911887999,1219296.7964157036,0.14320095058449417
Whole basin,2009,Multi-Crop,5074.3532675458,2662976.273899673,0.05247912657030313
Whole basin,2009,Other Crop,339.935939448,422529.2034518961,0.12429671429799802
Whole basin,2009,Sorghum,2.0234282109999997,727.754284153025,0.035966400003554416
Whole basin,2009,Soybeans,3633.8747241349,1273755.019543426,0.03505225458334046
Whole basin,2009,Unknown,0,172456043.7291077,Inf
Whole basin,2010,Alfalfa,100.7667249078,65769.2515780327,0.06526881928355868
Whole basin,2010,Corn,9435.8527763563,7946497.046487385,0.08421599228846768
Whole basin,2010,Golf Course/Turf/Sod,819.2860826338999,1805570.7138020303,0.22038342308920367
Whole basin,2010,Multi-Crop,5780.934398826999,5750418.317736192,0.09947212545610275
Whole basin,2010,Other Crop,479.552486007,540573.4153051919,0.11272455697316541
Whole basin,2010,Sorghum,50.585705274999995,42703.14121589445,0.08441740800834263
Whole basin,2010,Soybeans,6890.177744097199,7193172.683842001,0.10439749090659348
Whole basin,2010,Unknown,0,189581310.8474292,Inf
Whole basin,2011,Alfalfa,79.3183858712,130502.3784125255,0.16452979593462716
Whole basin,2011,Corn,10528.7063531174,20168698.530194297,0.19155913227860735
Whole basin,2011,Golf Course/Turf/Sod,776.7940902029,2173740.3726732084,0.2798348236796477
Whole basin,2011,Multi-Crop,6317.5475603842,11235021.299480898,0.17783833350037564
Whole basin,2011,Other Crop,570.6067555019999,1162976.0157132847,0.2038139234243974
Whole basin,2011,Sorghum,48.96696270619999,82211.56447254086,0.16789190084303834
Whole basin,2011,Soybeans,7220.1988853113,12389560.299425358,0.1715958313091701
Whole basin,2011,Unknown,0,187361734.2896727,Inf
Whole basin,2011,Wheat,28.327994954,15467.862242845647,0.054602742862539015
Whole basin,2012,Alfalfa,110.8838659628,248706.9429047024,0.2242949781243559
Whole basin,2012,Corn,10586.3740571309,24828410.533079114,0.23453177073744985
Whole basin,2012,Golf Course/Turf/Sod,742.3958106158999,2880920.1797759407,0.3880571709296012
Whole basin,2012,Multi-Crop,7276.6525323982,49289687.53203058,0.6773676125467812
Whole basin,2012,Other Crop,682.0976499280999,2243345.7527660136,0.3288892364608623
Whole basin,2012,Sorghum,52.609133486,121436.28690655137,0.23082738463819635
Whole basin,2012,Soybeans,6347.494297906999,13130623.85260552,0.2068631059177976
Whole basin,2012,Unknown,84.1746135776,177070511.61819127,210.36094386694296
Whole basin,2013,Alfalfa,40.8732498622,41432.65492322052,0.10136863367338418
Whole basin,2013,Corn,12053.1571672848,17887225.85382969,0.1484028259614831
Whole basin,2013,Golf Course/Turf/Sod,824.5469959825,2717656.523758154,0.32959389058471966
Whole basin,2013,Multi-Crop,6893.4152292348,8848764.34101663,0.12836546249947695
Whole basin,2013,Other Crop,791.160430501,1102399.7226713272,0.13933959285264505
Whole basin,2013,Sorghum,160.6601999534,212504.25097268328,0.13226938036571648
Whole basin,2013,Soybeans,6675.087325267899,8758288.448232522,0.1312085973029726
Whole basin,2013,Unknown,44.9201062842,190184717.82753903,423.3843896634629
Whole basin,2014,Alfalfa,75.27152944919999,32921.630244142776,0.04373716129464495
Whole basin,2014,Corn,11426.5014503381,17621299.504472826,0.15421430243595186
Whole basin,2014,Golf Course/Turf/Sod,875.9420725419,1938207.015793513,0.221271140701008
Whole basin,2014,Multi-Crop,6874.799689693599,8798080.572311804,0.12797580976070477
Whole basin,2014,Other Crop,903.6630390326,1165134.6089289929,0.12893463145027007
Whole basin,2014,Sorghum,2.0234282109999997,629.075737149225,0.031089600003072464
Whole basin,2014,Soybeans,7632.1688690709,10008298.942403158,0.13113309092205028
Whole basin,2014,Unknown,55.8466186236,196019814.67342287,350.9967469912093
Whole basin,2015,Corn,7938.3135573952,5063615.630589744,0.06378704486764149
Whole basin,2015,Golf Course/Turf/Sod,822.9282534137,1627628.623917428,0.19778499731484997
Whole basin,2015,Multi-Crop,5655.481849745,3713458.746028626,0.06566122648233877
Whole basin,2015,Other Crop,906.495838528,657877.5380559592,0.0725736964357436
Whole basin,2015,Sorghum,51.7997622016,57258.22689895495,0.11053762501092398
Whole basin,2015,Soybeans,7127.5258732474995,4695655.663630949,0.065880583909988355
Whole basin,2015,Unknown,533.7803620617999,162119675.62237203,30.371982025746046
Whole basin,2015,Wheat,85.3886705042,15517.20151634755,0.018172436020753257
Whole basin,2016,Alfalfa,18.210853899,76956.93184458851,0.4225882667084293
Whole basin,2016,Corn,12366.9908828109,13947645.217341855,0.11278123635336333
Whole basin,2016,Golf Course/Turf/Sod,837.0922508906999,2065860.0511613041,0.24679001017667354
Whole basin,2016,Multi-Crop,6439.7626243285995,5775544.342767035,0.08968567134676311
Whole basin,2016,Other Crop,635.7611438962,674122.4938564596,0.10603392489908486
Whole basin,2016,Sorghum,21.448339036599997,24928.667936834972,0.11622656604922205
Whole basin,2016,Soybeans,6791.434447400399,4139577.3816277855,0.06095291670248423
Whole basin,2016,Unknown,408.732498622,171301295.03725085,41.91036817839925
Whole basin,2017,Alfalfa,16.187425687999998,10903.9794439199,0.067360800006657
Whole basin,2017,Corn,10042.6788968352,12250744.253427764,0.1219868162596377
Whole basin,2017,Golf Course/Turf/Sod,870.8835020143999,2158617.885344876,0.24786528626984872
Whole basin,2017,Multi-Crop,7790.198612349999,8983485.227313569,0.1153177945049029
Whole basin,2017,Other Crop,474.6962583006,561406.9235413691,0.11826655755644483
Whole basin,2017,Soybeans,9704.9687284193,10479600.017711682,0.10798180098225366
Whole basin,2017,Unknown,16.187425687999998,174677458.17480212,1079.0934985066426
Whole basin,2018,Alfalfa,47.7529057796,40544.548000186325,0.08490488136432302
Whole basin,2018,Corn,11483.1574402461,20561118.44199166,0.1790545723071703
Whole basin,2018,Golf Course/Turf/Sod,1137.3689974031,2900076.1527130534,0.25498111512927274
Whole basin,2018,Multi-Crop,7868.505284115699,11970965.903035238,0.1521377373565632
Whole basin,2018,Other Crop,330.62816967739997,629051.067512474,0.1902593684398552
Whole basin,2018,Pasture,0.8093712844,2466.963675095,0.30480000003012214
Whole basin,2018,Sorghum,44.1107349998,54963.95068111659,0.12460447707653431
Whole basin,2018,Soybeans,8103.6276422339,10261249.062829023,0.12662537712555041
Whole basin,2018,Unknown,0,163515446.66528565,Inf
Whole basin,2018,Wheat,16.187425687999998,456.388279892575,0.00281940000027863
Whole basin,2019,Corn,10635.341019837098,7938923.468004843,0.0746466281917723
Whole basin,2019,Golf Course/Turf/Sod,1115.9206583665,1911958.5222905024,0.171334629210042
Whole basin,2019,Multi-Crop,7176.4928359537,4554693.359236021,0.06346684185926227
Whole basin,2019,Other Crop,548.7537308231999,424367.09138984187,0.07733288496339472
Whole basin,2019,Sorghum,25.8998811008,1640.530843938175,0.006334125000625976
Whole basin,2019,Soybeans,5807.036622748899,2635938.352020632,0.04539214272722888
Whole basin,2019,Unknown,0,146686572.89770848,Inf
Whole basin,2020,Alfalfa,29.5420518806,10410.5867089009,0.03523989041444152
Whole basin,2020,Corn,12100.100701779998,10459740.960127167,0.08644342074432881
Whole basin,2020,Golf Course/Turf/Sod,1177.635218802,2423742.4715073355,0.20581436703064906
Whole basin,2020,Multi-Crop,8045.352909757099,6348410.31257922,0.07890779166293761
Whole basin,2020,Other Crop,441.9167212824,513387.4756056449,0.11617290111038198
Whole basin,2020,Sorghum,0.4046856422,24.66963675095,0.006096000000602443
Whole basin,2020,Soybeans,6993.5749256793,4938441.8937154235,0.07061398420973868
Whole basin,2020,Unknown,0,163918980.24843934,Inf
Whole basin,2020,Wheat,2.0234282109999997,2466.963675095,0.12192000001204888
Whole basin,2021,Alfalfa,29.5420518806,19390.3344862467,0.06563638356813041
Whole basin,2021,Corn,10951.400506395301,14034260.311974443,0.1281503703912467
Whole basin,2021,Golf Course/Turf/Sod,1137.166654582,2659115.4757481497,0.23383691959606287
Whole basin,2021,Multi-Crop,8584.596527988599,9646605.063179104,0.1123710943400544
Whole basin,2021,Other Crop,562.513042658,908718.4045396188,0.16154619282172036
Whole basin,2021,Sorghum,32.779537018199996,42148.07438899807,0.12858044445715153
Whole basin,2021,Soybeans,8605.640181383,8588166.63319797,0.09979695237290039
Whole basin,2021,Unknown,3.6421707798,156216034.1907757,4289.091413757207
Whole basin,2021,Wheat,47.3482201374,16948.040447902647,0.03579446154199895
Whole basin,2022,Alfalfa,67.9871878896,59256.46747578189,0.0871582857228992
Whole basin,2022,Corn,11176.8104091007,14290873.873457825,0.12786182596263335
Whole basin,2022,Golf Course/Turf/Sod,1113.6948873344,2835589.7222460704,0.25461100293213895
Whole basin,2022,Multi-Crop,8472.4986050992,10794754.627205068,0.12740934086089092
Whole basin,2022,Other Crop,570.8090983231,785098.8547806082,0.13754140518906235
Whole basin,2022,Sorghum,68.39187353179999,31355.108310457446,0.045846248525240864
Whole basin,2022,Soybeans,7842.2007173727,9801863.42207121,0.12498868334697556
Whole basin,2022,Unknown,0,155108552.52293366,Inf
Whole basin,2022,Wheat,21.0436533944,12741.867381865675,0.06054969231367619
Whole basin,2023,Alfalfa,42.491992431,56135.75842678672,0.13210902858448437
Whole basin,2023,Corn,11843.9346902674,15890662.812301803,0.13416709250651093
Whole basin,2023,Golf Course/Turf/Sod,1119.3604863252,3461791.4467138094,0.3092651106596306
Whole basin,2023,Multi-Crop,8478.973575374399,11149368.3206816,0.13149431616419782
Whole basin,2023,Other Crop,509.4992235298,1093827.023900372,0.21468669104583932
Whole basin,2023,Sorghum,4.8562277063999995,14740.107958692624,0.30353000002999664
Whole basin,2023,Soybeans,8326.0024026228,12211408.517628372,0.14666592594042033
Whole basin,2023,Unknown,0,143553751.0570686,Inf
