FIPS,County,LandCover,area_ha
20045,Douglas,Corn,2299.7990804264655
20045,Douglas,Developed,1115.8673991588994
20045,Douglas,Double Crop,66.76294090666498
20045,Douglas,Fallow/Barren,41.01088815800251
20045,Douglas,Forest,860.1987316889848
20045,Douglas,Grass/Pasture/Shrubland,1246.9446838055874
20045,Douglas,Other Crops,26.867252051173796
20045,Douglas,Sorghum,0.488332062959671
20045,Douglas,Soybeans,3275.675697782478
20045,Douglas,Water,880.4568592926206
20045,Douglas,Wetlands,11.680283811400297
20045,Douglas,Wheat,65.12818726902243
20061,Geary,Corn,137.39758562453136
20061,Geary,Developed,446.9059090345645
20061,Geary,Double Crop,15.585459916154566
20061,Geary,Fallow/Barren,2.4361923933029175
20061,Geary,Forest,426.8396369239843
20061,Geary,Grass/Pasture/Shrubland,176.25932813129273
20061,Geary,Other Crops,8.2142157477607
20061,Geary,Sorghum,1.461901068687439
20061,Geary,Soybeans,293.52471416683835
20061,Geary,Water,91.42566244063424
20061,Geary,Wetlands,30.98531594778026
20061,Geary,Wheat,45.31579637527466
20087,Jefferson,Corn,3812.0862603515134
20087,Jefferson,Developed,591.3310453653315
20087,Jefferson,Double Crop,107.32798768349129
20087,Jefferson,Fallow/Barren,39.917562743864714
20087,Jefferson,Forest,819.7754830766027
20087,Jefferson,Grass/Pasture/Shrubland,943.5713379527022
20087,Jefferson,Other Crops,28.124014498663406
20087,Jefferson,Sorghum,2.43597748875618
20087,Jefferson,Soybeans,3278.026587107029
20087,Jefferson,Water,519.825396887502
20087,Jefferson,Wetlands,8.283710926771164
20087,Jefferson,Wheat,20.49942842282391
20091,Johnson,Corn,301.47545340411074
20091,Johnson,Developed,151.83902449813044
20091,Johnson,Fallow/Barren,33.43181456768606
20091,Johnson,Forest,140.0855822203461
20091,Johnson,Grass/Pasture/Shrubland,181.73412637393182
20091,Johnson,Other Crops,0.4879623055458069
20091,Johnson,Soybeans,431.8284713891973
20091,Johnson,Water,293.36336228160286
20091,Johnson,Wetlands,11.331703111065304
20103,Leavenworth,Corn,667.8561296026073
20103,Leavenworth,Developed,121.05660529045136
20103,Leavenworth,Double Crop,22.952423185110092
20103,Leavenworth,Fallow/Barren,33.09685272386685
20103,Leavenworth,Forest,633.8544312220367
20103,Leavenworth,Grass/Pasture/Shrubland,513.5071099977781
20103,Leavenworth,Soybeans,1166.887890255195
20103,Leavenworth,Water,619.6699717840876
20103,Leavenworth,Wetlands,19.48022838970551
20103,Leavenworth,Wheat,50.30022203922272
20149,Pottawatomie,Corn,6022.397150538302
20149,Pottawatomie,Developed,974.9456368788782
20149,Pottawatomie,Double Crop,32.520544558763504
20149,Pottawatomie,Fallow/Barren,107.66252685806741
20149,Pottawatomie,Forest,1396.762154695784
20149,Pottawatomie,Grass/Pasture/Shrubland,1396.626446641106
20149,Pottawatomie,Other Crops,42.71937305919995
20149,Pottawatomie,Sorghum,15.544069945812225
20149,Pottawatomie,Soybeans,5134.795065124074
20149,Pottawatomie,Water,944.3573141192206
20149,Pottawatomie,Wetlands,6.796803523419472
20149,Pottawatomie,Wheat,28.836544090874803
20161,Riley,Corn,2230.3106636365296
20161,Riley,Developed,1946.0688619300597
20161,Riley,Double Crop,183.23236657816338
20161,Riley,Fallow/Barren,76.08921867631031
20161,Riley,Forest,1393.9306934759807
20161,Riley,Grass/Pasture/Shrubland,2069.310426314896
20161,Riley,Other Crops,118.84293008116998
20161,Riley,Sorghum,158.77488501471876
20161,Riley,Soybeans,1827.5935827155122
20161,Riley,Water,538.9911845648096
20161,Riley,Wetlands,38.41875488452985
20161,Riley,Wheat,108.60943974084735
20177,Shawnee,Corn,6685.382423298801
20177,Shawnee,Developed,3699.680899565052
20177,Shawnee,Double Crop,19.00209268927574
20177,Shawnee,Fallow/Barren,81.8695032079061
20177,Shawnee,Forest,1267.5324353376475
20177,Shawnee,Grass/Pasture/Shrubland,1967.372169469131
20177,Shawnee,Other Crops,91.31836034524423
20177,Shawnee,Sorghum,9.251737505197525
20177,Shawnee,Soybeans,4851.276072289817
20177,Shawnee,Water,1211.2806350779179
20177,Shawnee,Wheat,10.05002256738368
20197,Wabaunsee,Corn,2127.1096012275584
20197,Wabaunsee,Developed,97.04710927148008
20197,Wabaunsee,Double Crop,76.23030013779746
20197,Wabaunsee,Fallow/Barren,44.55947512615112
20197,Wabaunsee,Forest,634.4901468742695
20197,Wabaunsee,Grass/Pasture/Shrubland,831.2325314901923
20197,Wabaunsee,Other Crops,3.689531382916965
20197,Wabaunsee,Sorghum,2.7045996441630837
20197,Wabaunsee,Soybeans,1969.7189398050953
20197,Wabaunsee,Water,501.22570299064574
20197,Wabaunsee,Wetlands,3.886932075023651
20197,Wabaunsee,Wheat,1.007597707743355
20209,Wyandotte,Corn,36.92327007084471
20209,Wyandotte,Developed,3595.791260985368
20209,Wyandotte,Fallow/Barren,98.48884458975165
20209,Wyandotte,Forest,356.76162971034177
20209,Wyandotte,Grass/Pasture/Shrubland,461.19891264946256
20209,Wyandotte,Soybeans,370.2573063341288
20209,Wyandotte,Water,669.9923894481799
20209,Wyandotte,Wetlands,36.77550535352372
