FIPS,County,Crop,Domain,period,n_years,years_active,baseline_area_ha,baseline_withdrawal_m3,baseline_depth_m,basin_area_share,crop_area_share,crop_domain_county_share
20005,Atchison,Corn,Non-alluvial,historical_2006_2023,18,12,38.07420783333333,38538.08421110905,0.10121834807386224,0.0017467640769999598,0.004179582609382404,0.05797374321756842
20005,Atchison,Golf Course/Turf/Sod,Non-alluvial,historical_2006_2023,18,10,0.6744766666666667,1741.265194004554,0.25816537177039295,3.0943562037200355e-5,0.002515934250251594,0.0079155672823219
20005,Atchison,Soybeans,Non-alluvial,historical_2006_2023,18,9,32.99315027777778,35984.0915396982,0.10906534003797434,0.0015136559096530506,0.005409250832582305,0.07713737548950038
20045,Douglas,Corn,Alluvial,historical_2006_2023,18,18,466.32192605555554,653727.5569402992,0.14018803757951903,0.021393863066486368,0.05119032340862423,0.05516759869405342
20045,Douglas,Golf Course/Turf/Sod,Alluvial,historical_2006_2023,18,15,66.03126566666667,151265.30407688755,0.22908133374346026,0.0030293747234419145,0.24630996309963102,0.36107696090484387
20045,Douglas,Golf Course/Turf/Sod,Non-alluvial,historical_2006_2023,18,17,0.8768196666666667,1016.9372482891611,0.11598020516067664,4.0226630648360455e-5,0.0032707145253270714,0.01029023746701847
20045,Douglas,Multi-Crop,Alluvial,historical_2006_2023,18,18,298.7706807777778,401275.62612326513,0.1343089037648006,0.013706966530411849,0.052445365300182525,0.060990049933911
20045,Douglas,Multi-Crop,Non-alluvial,historical_2006_2023,18,1,0.13489533333333334,47.96873812684722,0.035559968563415006,6.18871240744007e-6,2.3679147550688178e-5,1.6901646502063408e-4
20045,Douglas,Other Crop,Alluvial,historical_2006_2023,18,18,42.964163666666664,79331.38438186745,0.18464547569772885,0.0019711049017696624,0.08819864309779848,0.10061866526260366
20045,Douglas,Other Crop,Non-alluvial,historical_2006_2023,18,5,0.7644068888888889,39.060258189004166,0.005109877835583165,3.5069370308827065e-5,0.0015692066275903448,0.012712656571321741
20045,Douglas,Sorghum,Alluvial,historical_2006_2023,18,2,1.2365405555555555,1623.399151750015,0.131285556665034,5.672986373486731e-5,0.047660311958405546,0.0507380073800738
20045,Douglas,Soybeans,Alluvial,historical_2006_2023,18,18,331.1792846111111,355200.96788474085,0.10725337736683542,0.015193804686299325,0.05429708305918476,0.05839180243390018
20045,Douglas,Unknown,Alluvial,historical_2006_2023,18,1,12.18554511111111,8326.68767113315,0.06833250047665615,5.590470208054197e-4,0.25080981027302174,0.28347280334728037
20061,Geary,Corn,Alluvial,historical_2006_2023,18,17,118.977684,213476.64582128322,0.1794257869578998,0.005458444343362142,0.013060732901595325,0.014075497543038386
20061,Geary,Corn,Non-alluvial,historical_2006_2023,18,18,216.61942277777777,377695.5649954821,0.17435904876496078,0.009938040674280847,0.023779320012636232,0.3298358523184362
20061,Geary,Golf Course/Turf/Sod,Non-alluvial,historical_2006_2023,18,18,43.39133222222222,138487.11750758297,0.3191584826166247,0.001990702491059889,0.16185843676618583,0.5092348284960422
20061,Geary,Multi-Crop,Alluvial,historical_2006_2023,18,15,80.84726977777778,143330.5895230195,0.177285627476336,0.003709101636192416,0.01419170243204578,0.01650389190776913
20061,Geary,Multi-Crop,Non-alluvial,historical_2006_2023,18,18,563.525255,834751.2956157078,0.14813023696971805,0.025853346082080893,0.09891963889299986,0.7060662826236989
20061,Geary,Other Crop,Alluvial,historical_2006_2023,18,8,78.19432822222223,155692.13333830802,0.19910924088489262,0.0035873902921794276,0.16052060737527116,0.18312491773068318
20061,Geary,Other Crop,Non-alluvial,historical_2006_2023,18,7,2.0459125555555553,2132.553043582122,0.1042348089507198,9.386213817950772e-5,0.004199935385609452,0.034025051411478775
20061,Geary,Sorghum,Non-alluvial,historical_2006_2023,18,1,1.5737788888888888,1791.9750028815067,0.11386447076734314,7.220164475346749e-5,0.060658578856152515,1
20061,Geary,Soybeans,Alluvial,historical_2006_2023,18,14,58.43216188888889,86647.98748158671,0.14828817671738956,0.0026807439244894574,0.009579995171299087,0.0103024537202204
20061,Geary,Soybeans,Non-alluvial,historical_2006_2023,18,18,163.3357661111111,168734.8332349978,0.1033055020663471,0.007493499273342018,0.026779016898610182,0.38187600199742433
20061,Geary,Unknown,Non-alluvial,historical_2006_2023,18,1,5.485743555555556,18461.796769648445,0.3365413746136875,2.5167430456922955e-4,0.11291068949560389,0.9799196787148594
20085,Jackson,Corn,Non-alluvial,historical_2006_2023,18,7,14.366353,18909.9618372907,0.1316267380962357,6.590978713923675e-4,0.0015770612857368505,0.02187494651079198
20085,Jackson,Multi-Crop,Non-alluvial,historical_2006_2023,18,8,17.986044444444445,28811.394654359494,0.1601874983871665,8.251616543253428e-4,0.00315721967342509,0.022535528669417878
20085,Jackson,Soybeans,Non-alluvial,historical_2006_2023,18,3,6.834696888888889,8421.93987969932,0.12322331211777363,3.135614286436302e-4,0.0011205534944497585,0.015979394990669925
20087,Jefferson,Alfalfa,Alluvial,historical_2006_2023,18,2,2.02343,4171.909681660656,0.20618008439435292,9.283068611160105e-5,0.03779924401511969,0.038860103626943004
20087,Jefferson,Corn,Alluvial,historical_2006_2023,18,18,881.2487301111112,1128017.7699018137,0.12800220089504005,0.040429826705738074,0.09673876559785184,0.10425496545625013
20087,Jefferson,Golf Course/Turf/Sod,Alluvial,historical_2006_2023,18,15,26.979066666666665,55098.948415559295,0.20422851945295598,0.001237742481488014,0.10063737001006373,0.1475288910745021
20087,Jefferson,Golf Course/Turf/Sod,Non-alluvial,historical_2006_2023,18,13,1.169092888888889,1073.8144663538515,0.09185022649264504,5.363550753114728e-5,0.004360952700436096,0.013720316622691294
20087,Jefferson,Multi-Crop,Alluvial,historical_2006_2023,18,18,861.2842207777778,988544.5521918802,0.1147756487747077,0.039513897269436944,0.15118741058655222,0.17581968717873403
20087,Jefferson,Other Crop,Alluvial,historical_2006_2023,18,16,47.62929394444444,56722.34756730931,0.11909130467789664,0.002185131205860298,0.09777541883971015,0.1115440305383704
20087,Jefferson,Other Crop,Non-alluvial,historical_2006_2023,18,5,0.3372383333333333,487.22532583126247,0.1444750722776461,1.5471781018600174e-5,6.922970415839756e-4,0.005608524957936062
20087,Jefferson,Soybeans,Alluvial,historical_2006_2023,18,18,470.9533325,452730.32097655913,0.09613061204457218,0.021606342192475144,0.07721313922692867,0.08303603282197645
20087,Jefferson,Unknown,Alluvial,historical_2006_2023,18,0,0,296.0356410114,NA,0,0,0
20087,Jefferson,Wheat,Alluvial,historical_2006_2023,18,1,0.8993022222222221,25.35490443847639,0.002819397507527904,4.125808271626713e-5,0.11299435028248588,0.11299435028248588
20091,Johnson,Corn,Alluvial,historical_2006_2023,18,12,53.238691555555555,63774.43733964338,0.11978964072228107,0.002442478496803014,0.005844258410993524,0.006298332989779837
20091,Johnson,Golf Course/Turf/Sod,Alluvial,historical_2006_2023,18,1,0.3372383333333333,12.334818375474999,0.0036575967665226864,1.5471781018600174e-5,0.0012579671251257967,0.001844111138431276
20091,Johnson,Soybeans,Alluvial,historical_2006_2023,18,6,23.741578666666665,33859.07644067887,0.14261510119467008,0.0010892133837094523,0.0038924489807202135,0.0041859911999048635
20103,Leavenworth,Corn,Alluvial,historical_2006_2023,18,14,42.44706488888889,32361.08127574619,0.07623867836434824,0.0019473815042078087,0.004659611435792134,0.00502164387022987
20103,Leavenworth,Golf Course/Turf/Sod,Alluvial,historical_2006_2023,18,18,11.870789333333333,13333.938663888475,0.1123256279719041,5.446066918547262e-4,0.04428044280442804,0.06491271207278092
20103,Leavenworth,Golf Course/Turf/Sod,Non-alluvial,historical_2006_2023,18,12,2.2032904444444443,1162.899265732282,0.052780116605348634,1.0108230265485447e-4,0.008218718550821872,0.025857519788918204
20103,Leavenworth,Multi-Crop,Alluvial,historical_2006_2023,18,4,15.423033111111112,14185.04113179625,0.09197309653428039,7.075761185839814e-4,0.002707315869962015,0.003148406520781319
20103,Leavenworth,Other Crop,Alluvial,historical_2006_2023,18,10,11.600998666666666,6764.962611260511,0.05831362286678289,5.32229267039846e-4,0.02381501823048876,0.027168619191786227
20103,Leavenworth,Other Crop,Non-alluvial,historical_2006_2023,18,17,1.0117150000000001,1215.6648776718139,0.12015882710761566,4.641534305580053e-5,0.002076891124751927,0.016825574873808192
20103,Leavenworth,Sorghum,Alluvial,historical_2006_2023,18,1,1.3489533333333332,960.7452979119971,0.0712215370370112,6.18871240744007e-5,0.05199306759098787,0.055350553505535055
20103,Leavenworth,Soybeans,Alluvial,historical_2006_2023,18,9,25.157979666666666,16549.21465376229,0.06578117509049962,0.001154194863987573,0.0041246689483199995,0.004435723629444642
20103,Leavenworth,Unknown,Alluvial,historical_2006_2023,18,1,3.5972088888888885,318.64947469977085,0.008858242168922134,1.650323308650685e-4,0.07403979639055992,0.08368200836820083
20131,Nemaha,Corn,Non-alluvial,historical_2006_2023,18,11,78.26177588888889,82183.4684973523,0.10501099363504243,0.0035904846483831476,0.008591158584741748,0.11916539718946305
20131,Nemaha,Multi-Crop,Non-alluvial,historical_2006_2023,18,1,4.721336666666667,7743.524869048195,0.16401128357819986,2.1660493426040245e-4,8.287701642740861e-4,0.005915576275722193
20131,Nemaha,Soybeans,Non-alluvial,historical_2006_2023,18,7,20.076922111111113,21585.93215708125,0.10751614235299051,9.210866966406639e-4,0.003291625889946166,0.04693947278509291
20139,Osage,Corn,Non-alluvial,historical_2006_2023,18,9,23.741578666666665,16955.57839246544,0.07141723231855338,0.0010892133837094523,0.002606223345443058,0.03615014634647313
20139,Osage,Multi-Crop,Non-alluvial,historical_2006_2023,18,1,2.6079764444444447,2638.280596976597,0.10116197953385303,1.196484398771747e-4,4.577968526466381e-4,0.0032676516570655924
20139,Osage,Soybeans,Non-alluvial,historical_2006_2023,18,7,18.705486222222223,6555.955966564962,0.03504830555420928,8.581681204983565e-4,0.0030667779848098657,0.04373308102709664
20149,Pottawatomie,Alfalfa,Alluvial,historical_2006_2023,18,9,15.962614444444444,14656.505300814404,0.09181769911078312,7.323309682137416e-4,0.29819403611927764,0.3065630397236615
20149,Pottawatomie,Corn,Alluvial,historical_2006_2023,18,18,2240.4203849444443,3059583.8565355083,0.13656293600503802,0.10278574574500236,0.2459413501026694,0.26504997041006984
20149,Pottawatomie,Corn,Non-alluvial,historical_2006_2023,18,18,221.65551522222222,257093.24886465035,0.11598775180797996,0.010169085937491943,0.024332155267730218,0.3375040651798093
20149,Pottawatomie,Golf Course/Turf/Sod,Alluvial,historical_2006_2023,18,18,13.894219333333332,21892.932081093073,0.15756863740138455,6.374373779663272e-4,0.05182824555518282,0.07597737890336857
20149,Pottawatomie,Golf Course/Turf/Sod,Non-alluvial,historical_2006_2023,18,18,36.66904811111111,59327.05004759711,0.1617905375340801,0.0016822983227557924,0.1367829587386783,0.4303430079155673
20149,Pottawatomie,Multi-Crop,Alluvial,historical_2006_2023,18,18,1936.0965129444444,2168786.57256008,0.11201851550580796,0.08882401055381756,0.3398569384835479,0.395228282420326
20149,Pottawatomie,Multi-Crop,Non-alluvial,historical_2006_2023,18,3,12.050649777777778,6196.875698301134,0.05142358140495126,5.528583083979796e-4,0.0021153371811948106,0.015098804208509979
20149,Pottawatomie,Other Crop,Alluvial,historical_2006_2023,18,13,23.20199733333333,16814.413248835004,0.07246968011964404,0.001064458534079692,0.04763003646097752,0.054337238383572455
20149,Pottawatomie,Other Crop,Non-alluvial,historical_2006_2023,18,18,26.990307944444446,21400.2246137616,0.0792885529791316,0.0012382582075219674,0.055406839894770854,0.4488689474668162
20149,Pottawatomie,Sorghum,Alluvial,historical_2006_2023,18,3,7.1719352222222215,8360.951055509471,0.1165787307950452,3.290332096622304e-4,0.27642980935875217,0.294280442804428
20149,Pottawatomie,Soybeans,Alluvial,historical_2006_2023,18,18,1911.5568035555555,2247846.590937687,0.11759245588499499,0.08769818062169742,0.31340111944768506,0.337035715701431
20149,Pottawatomie,Soybeans,Non-alluvial,historical_2006_2023,18,18,147.14832611111112,128491.11774963555,0.08732081508872375,0.006750853784449211,0.024125074411755494,0.34403006649320617
20149,Pottawatomie,Unknown,Alluvial,historical_2006_2023,18,3,6.497458555555555,2923.3519549875746,0.04499223704148148,2.9808964762503e-4,0.13373438223044887,0.15115062761506276
20149,Pottawatomie,Wheat,Alluvial,historical_2006_2023,18,3,3.7545867777777775,2159.278483395651,0.057510416224116685,1.7225249534041527e-4,0.47175141242937857,0.47175141242937857
20161,Riley,Alfalfa,Alluvial,historical_2006_2023,18,5,14.164010000000001,16434.774949945382,0.11603193551787512,6.498148027812075e-4,0.2645947081058379,0.27202072538860106
20161,Riley,Corn,Alluvial,historical_2006_2023,18,18,420.0303441666667,611803.5650851224,0.14565699206778276,0.01927010325866652,0.0461086814879166,0.04969113432498388
20161,Riley,Corn,Non-alluvial,historical_2006_2023,18,15,40.69342555555556,56431.794067798124,0.1386754575152593,0.0018669282429110878,0.004467106302321908,0.061961898567345054
20161,Riley,Golf Course/Turf/Sod,Alluvial,historical_2006_2023,18,18,29.632008222222222,186340.04539523824,0.6288471709301647,0.001359453825501002,0.11053337806105334,0.16203589869682813
20161,Riley,Golf Course/Turf/Sod,Non-alluvial,historical_2006_2023,18,2,0.22482555555555556,659.9127830879124,0.29352214051344555,1.0314520679066784e-5,8.386447500838645e-4,0.002638522427440633
20161,Riley,Multi-Crop,Alluvial,historical_2006_2023,18,18,374.77295983333335,492068.797846699,0.13129783911452117,0.017193790245970376,0.06578659168269943,0.07650490160082243
20161,Riley,Multi-Crop,Non-alluvial,historical_2006_2023,18,18,81.16202555555554,117062.90852475795,0.14423359659084428,0.0037235419651431086,0.014246953776330716,0.10169157312074815
20161,Riley,Other Crop,Alluvial,historical_2006_2023,18,18,131.41053722222222,167128.5657754359,0.12718049047529015,0.006028837336914535,0.2697650805372225,0.30775306041858624
20161,Riley,Other Crop,Non-alluvial,historical_2006_2023,18,18,17.401498,33482.86448022688,0.1924136903629037,7.983439005597691e-4,0.03572252734573314,0.2893998878295008
20161,Riley,Sorghum,Alluvial,historical_2006_2023,18,11,12.005684666666667,21979.275809721395,0.18307390557030062,5.507954042621663e-4,0.46273830155979206,0.49261992619926204
20161,Riley,Soybeans,Alluvial,historical_2006_2023,18,18,401.5384422222222,511594.1300673884,0.12740850595427136,0.018421733932813277,0.06583251779892331,0.07079716177111825
20161,Riley,Soybeans,Non-alluvial,historical_2006_2023,18,9,15.895166777777778,19361.55324337059,0.12180780179317773,7.292366120100216e-4,0.0026060240808420372,0.037162606113169856
20161,Riley,Unknown,Alluvial,historical_2006_2023,18,1,16.07502722222222,14054.840271166235,0.08743276186641061,7.374882285532751e-4,0.33086534012031465,0.3739539748953975
20161,Riley,Unknown,Non-alluvial,historical_2006_2023,18,1,0.11241277777777776,317.278939324718,0.28224455048333397,5.157260339533391e-6,0.0023137436372049976,0.02008032128514056
20161,Riley,Wheat,Alluvial,historical_2006_2023,18,2,2.1358427777777775,890.8479937843056,0.041709436811223626,9.798794645113443e-5,0.268361581920904,0.268361581920904
20177,Shawnee,Alfalfa,Alluvial,historical_2006_2023,18,4,11.016452222222222,13762.230968592467,0.12492434670420936,5.054115132742724e-4,0.20579588408231836,0.21157167530224527
20177,Shawnee,Corn,Alluvial,historical_2006_2023,18,18,3207.8447505,3912069.879904399,0.12195321732121335,0.14716912822702674,0.3521400154004107,0.3794998304397263
20177,Shawnee,Corn,Non-alluvial,historical_2006_2023,18,4,3.7770693333333334,6426.440373622475,0.17014356387127857,1.7328394740832197e-4,4.146264413204865e-4,0.005751159646029817
20177,Shawnee,Golf Course/Turf/Sod,Alluvial,historical_2006_2023,18,18,31.45309522222222,77216.64829816102,0.24549777296196265,0.001443001443001443,0.11732640053673264,0.171994098844357
20177,Shawnee,Multi-Crop,Alluvial,historical_2006_2023,18,18,1013.4573980555555,1246921.992702955,0.1230364488034061,0.04649528059106329,0.17789946228602435,0.20688381186664706
20177,Shawnee,Multi-Crop,Non-alluvial,historical_2006_2023,18,7,14.096562333333333,9908.970761631583,0.07029352637416009,6.467204465774874e-4,0.0024744709190469144,0.01766222059465626
20177,Shawnee,Other Crop,Alluvial,historical_2006_2023,18,15,52.18201144444444,47121.7472650646,0.09030266553682537,0.0023940002496114004,0.10712142890109382,0.12220613400026326
20177,Shawnee,Other Crop,Non-alluvial,historical_2006_2023,18,2,0.22482555555555556,71.95310719027083,0.0320039717070735,1.0314520679066784e-5,4.6153136105598377e-4,0.0037390166386240416
20177,Shawnee,Sorghum,Alluvial,historical_2006_2023,18,2,2.6079764444444447,3390.704517880572,0.13001285058013112,1.196484398771747e-4,0.10051993067590989,0.10701107011070111
20177,Shawnee,Soybeans,Alluvial,historical_2006_2023,18,18,1538.1440383333334,1582801.8381378893,0.10290335616766717,0.07056679322583541,0.2521798267196718,0.27119752645974554
20177,Shawnee,Soybeans,Non-alluvial,historical_2006_2023,18,6,5.283400555555556,9449.156143301376,0.17884610572191956,2.4239123595806944e-4,8.662173394595173e-4,0.012352492838182344
20177,Shawnee,Unknown,Alluvial,historical_2006_2023,18,3,1.5962614444444445,522.8592455826347,0.032755238648554105,7.323309682137417e-5,0.03285515964831097,0.03713389121338913
20177,Shawnee,Wheat,Alluvial,historical_2006_2023,18,1,1.169092888888889,707.8815212147597,0.06054963877913358,5.363550753114728e-5,0.14689265536723167,0.14689265536723167
20197,Wabaunsee,Alfalfa,Alluvial,historical_2006_2023,18,6,8.903092,7954.587316806322,0.08934634525630335,4.084550188910446e-4,0.16631667366652667,0.17098445595854922
20197,Wabaunsee,Alfalfa,Non-alluvial,historical_2006_2023,18,1,1.4613661111111111,240.52895832176247,0.016459185449352088,6.704438441393409e-5,0.027299454010919783,1
20197,Wabaunsee,Corn,Alluvial,historical_2006_2023,18,18,1010.5796309444444,1454659.5216412048,0.1439430874221898,0.04636325472637124,0.11093601919128099,0.11955528662335675
20197,Wabaunsee,Corn,Non-alluvial,historical_2006_2023,18,7,19.559823333333334,31362.64625502024,0.1603421754918044,8.973632990788102e-4,0.0021471726425525196,0.02978279102408298
20197,Wabaunsee,Golf Course/Turf/Sod,Alluvial,historical_2006_2023,18,1,2.675424111111111,2642.3922031017555,0.09876535806520645,1.227427960808947e-4,0.009979872525997987,0.014629948364888123
20197,Wabaunsee,Multi-Crop,Alluvial,historical_2006_2023,18,18,308.13466516666665,349097.9738596309,0.11329396310240121,0.01413656631669498,0.054089092792659464,0.06290158246438536
20197,Wabaunsee,Multi-Crop,Non-alluvial,historical_2006_2023,18,18,101.83473538888889,127387.83677271806,0.12509271643535613,0.0046719621415833,0.017875783138473683,0.12759334638516034
20197,Wabaunsee,Other Crop,Alluvial,historical_2006_2023,18,8,35.499955222222226,48166.09522085482,0.135679312605735,0.0016286628152246453,0.07287580191073985,0.08313808082137687
20197,Wabaunsee,Other Crop,Non-alluvial,historical_2006_2023,18,11,11.353690555555556,4883.902809000574,0.04301599365512737,5.208832942928726e-4,0.02330733373332718,0.1888203402505141
20197,Wabaunsee,Soybeans,Alluvial,historical_2006_2023,18,18,845.4565016666667,1104585.0413268488,0.1306495413009843,0.03878775501363064,0.13861320446968148,0.1490664763943394
20197,Wabaunsee,Soybeans,Non-alluvial,historical_2006_2023,18,8,17.44646311111111,23549.224081844353,0.13497993221816165,8.004068046955824e-4,0.0028603602358322783,0.04078950826565744
20197,Wabaunsee,Unknown,Alluvial,historical_2006_2023,18,1,3.035145,2530.693570034954,0.08337965962202643,1.3924602916740158e-4,0.06247107820453494,0.07060669456066947
20209,Wyandotte,Corn,Alluvial,historical_2006_2023,18,4,11.713411444444445,33489.717157102146,0.2859091675891398,5.373865273793795e-4,0.001285835570999842,0.0013857396485115268
20209,Wyandotte,Multi-Crop,Alluvial,historical_2006_2023,18,11,9.892324444444444,2913.758207362205,0.029454737597072848,4.538389098789385e-4,0.0017364708203837995,0.0020193861066235864
20209,Wyandotte,Other Crop,Alluvial,historical_2006_2023,18,4,4.316650666666667,24346.875670125068,0.5640223763792732,1.9803879703808225e-4,0.008861402132274888,0.010109253652757668
20209,Wyandotte,Soybeans,Alluvial,historical_2006_2023,18,13,65.5141668888889,90181.22767847277,0.13765149121321937,0.003005651325880061,0.010741095009298015,0.011551115867919294
20005,Atchison,Corn,Non-alluvial,recent_2019_2023,5,2,23.593193799999998,35889.38754528206,0.1521175464819098,0.0010244965381506343,0.002449435747477039,0.037436588968085785
20005,Atchison,Golf Course/Turf/Sod,Non-alluvial,recent_2019_2023,5,0,0,0,NA,0,0,0
20005,Atchison,Soybeans,Non-alluvial,recent_2019_2023,5,4,67.784905,69432.69263554877,0.10243090646147364,0.002943450602748392,0.010233319688907082,0.14805975426500487
20045,Douglas,Corn,Alluvial,recent_2019_2023,5,5,533.376148,619560.6582543836,0.11615829852488707,0.023161002354760478,0.05537489391380338,0.05925166673410027
20045,Douglas,Golf Course/Turf/Sod,Alluvial,recent_2019_2023,5,5,177.4143424,376150.2863601101,0.2120179695010442,0.00770393280146206,0.42121445042275174,0.5222778174886824
20045,Douglas,Golf Course/Turf/Sod,Non-alluvial,recent_2019_2023,5,5,1.214058,712.9525021024549,0.058724748084725345,5.271851825818016e-5,0.002882398155265181,0.01489572989076465
20045,Douglas,Multi-Crop,Alluvial,recent_2019_2023,5,5,425.4059232,421046.55828316405,0.09897524583483845,0.018472568797666327,0.07179445150186453,0.08511947658647578
20045,Douglas,Multi-Crop,Non-alluvial,recent_2019_2023,5,0,0,0,NA,0,0,0
20045,Douglas,Other Crop,Alluvial,recent_2019_2023,5,5,2.7518648,759.82481192926,0.02761126970806342,1.19495308051875e-4,0.007219450047775773,0.008892376095200731
20045,Douglas,Other Crop,Non-alluvial,recent_2019_2023,5,0,0,0,NA,0,0,0
20045,Douglas,Sorghum,Alluvial,recent_2019_2023,5,0,0,0,NA,0,0,0
20045,Douglas,Soybeans,Alluvial,recent_2019_2023,5,5,312.6604036,335793.227599231,0.10739870598671199,0.013576775735423329,0.04720156890537081,0.050706185025727185
20045,Douglas,Unknown,Alluvial,recent_2019_2023,5,0,0,0,NA,0,NA,NA
20061,Geary,Corn,Alluvial,recent_2019_2023,5,5,127.6379644,202599.39181717686,0.1587297265116654,0.005542473552876673,0.013251321350844909,0.014179040734396986
20061,Geary,Corn,Non-alluvial,recent_2019_2023,5,5,221.9298024,317463.68749327515,0.14304689323387385,0.009636945137595332,0.023040661473694823,0.3521479483721826
20061,Geary,Golf Course/Turf/Sod,Non-alluvial,recent_2019_2023,5,5,33.993624,140500.98218768553,0.41331569175350513,0.0014761185112290441,0.08070714834742505,0.4170804369414101
20061,Geary,Multi-Crop,Alluvial,recent_2019_2023,5,5,123.6720416,281085.8411403243,0.2272832545689326,0.005370259726566618,0.020871750741029108,0.02474554037749905
20061,Geary,Multi-Crop,Non-alluvial,recent_2019_2023,5,5,661.3378612,841202.5426796187,0.1271970942587883,0.02871753417917267,0.11161196027810788,0.7129706382793072
20061,Geary,Other Crop,Alluvial,recent_2019_2023,5,0,0,0,NA,0,0,0
20061,Geary,Other Crop,Non-alluvial,recent_2019_2023,5,0,0,0,NA,0,0,0
20061,Geary,Sorghum,Non-alluvial,recent_2019_2023,5,0,0,0,NA,0,0,NA
20061,Geary,Soybeans,Alluvial,recent_2019_2023,5,3,59.0032188,79251.20806242689,0.1343167536860326,0.0025621199873475556,0.008907570212791956,0.00956893835976058
20061,Geary,Soybeans,Non-alluvial,recent_2019_2023,5,5,140.1022932,175753.8931047931,0.1254468353732793,0.006083717006993989,0.021150897171938098,0.3060196234420578
20061,Geary,Unknown,Non-alluvial,recent_2019_2023,5,0,0,0,NA,0,NA,NA
20085,Jackson,Corn,Non-alluvial,recent_2019_2023,5,3,21.7721068,15633.148809077014,0.07180356477526104,9.45418760763364e-4,0.002260371238666633,0.034546972323893914
20085,Jackson,Multi-Crop,Non-alluvial,recent_2019_2023,5,0,0,0,NA,0,0,0
20085,Jackson,Soybeans,Non-alluvial,recent_2019_2023,5,2,17.3205608,16200.550454348864,0.09353363693829628,7.521175271500368e-4,0.002614842284687899,0.037832581985326616
20087,Jefferson,Alfalfa,Alluvial,recent_2019_2023,5,0,0,0,NA,0,0,0
20087,Jefferson,Corn,Alluvial,recent_2019_2023,5,5,1097.0632774,1079407.6212194418,0.09839064377194344,0.04763821038203353,0.11389666154091777,0.1218705184745618
20087,Jefferson,Golf Course/Turf/Sod,Alluvial,recent_2019_2023,5,5,68.7156828,126047.04201530392,0.18343271416245596,0.0029838681334129966,0.1631437355880092,0.20228734810578983
20087,Jefferson,Golf Course/Turf/Sod,Non-alluvial,recent_2019_2023,5,3,0.9712464,1198.94434609617,0.12344389087014065,4.217481460654412e-5,0.0023059185242121443,0.011916583912611719
20087,Jefferson,Multi-Crop,Alluvial,recent_2019_2023,5,5,919.7703408,945246.7356767503,0.10276986479631334,0.03993954943239728,0.15522681637503585,0.1840368591949602
20087,Jefferson,Other Crop,Alluvial,recent_2019_2023,5,3,22.379135799999997,20453.595830212646,0.0913958251694985,9.71778019892454e-4,0.05871111582970591,0.072315940891853
20087,Jefferson,Other Crop,Non-alluvial,recent_2019_2023,5,2,0.6474976,325.63920511253997,0.05029195553968693,2.8116543071029417e-5,0.0016986941288884172,0.009029345372460498
20087,Jefferson,Soybeans,Alluvial,recent_2019_2023,5,5,539.3250322,421510.3474540819,0.07815516104169472,0.023419323094225564,0.08142056805615802,0.08746587209912843
20087,Jefferson,Unknown,Alluvial,recent_2019_2023,5,0,0,0,NA,0,NA,NA
20087,Jefferson,Wheat,Alluvial,recent_2019_2023,5,0,0,0,NA,0,0,0
20091,Johnson,Corn,Alluvial,recent_2019_2023,5,4,42.734841599999996,35696.964378624645,0.08353128979100895,0.0018556918426879412,0.004436713806750863,0.004747326257299688
20091,Johnson,Golf Course/Turf/Sod,Alluvial,recent_2019_2023,5,1,1.214058,44.40534615170999,0.0036575967665226864,5.271851825818016e-5,0.002882398155265181,0.0035739814152966403
20091,Johnson,Soybeans,Alluvial,recent_2019_2023,5,1,10.683710399999999,4139.56504680941,0.03874651120091584,4.639229606719853e-4,0.0016128933718635638,0.0017326472750183765
20103,Leavenworth,Corn,Alluvial,recent_2019_2023,5,5,58.0319724,74255.6066203595,0.12795637223655612,0.002519945172741011,0.006024855680758274,0.006446653269855827
20103,Leavenworth,Golf Course/Turf/Sod,Alluvial,recent_2019_2023,5,5,14.8924448,7926.354288080235,0.053223996425894,6.466804906336765e-4,0.035357417371252885,0.04384083869430545
20103,Leavenworth,Golf Course/Turf/Sod,Non-alluvial,recent_2019_2023,5,4,0.5665604,727.754284153025,0.12845131501478482,2.4601975187150738e-5,0.0013451191391237508,0.006951340615690169
20103,Leavenworth,Multi-Crop,Alluvial,recent_2019_2023,5,3,49.1288804,45638.827989257494,0.09289612874886011,0.002133342705514357,0.008291330300919286,0.009830198304412252
20103,Leavenworth,Other Crop,Alluvial,recent_2019_2023,5,1,3.237488,3187.31706822274,0.09845031296556898,1.4058271535514707e-4,0.008493470644442086,0.010461618935530272
20103,Leavenworth,Other Crop,Non-alluvial,recent_2019_2023,5,5,1.1331208000000002,527.93022647033,0.04659081595451517,4.920395037430148e-5,0.0029727147255547304,0.01580135440180587
20103,Leavenworth,Sorghum,Alluvial,recent_2019_2023,5,0,0,0,NA,0,0,0
20103,Leavenworth,Soybeans,Alluvial,recent_2019_2023,5,1,3.5612367999999996,3453.7491451329997,0.09698173244567729,1.5464098689066177e-4,5.376311239545212e-4,5.775490916727921e-4
20103,Leavenworth,Unknown,Alluvial,recent_2019_2023,5,0,0,0,NA,0,NA,NA
20131,Nemaha,Corn,Non-alluvial,recent_2019_2023,5,5,164.707202,128353.65305151774,0.07792837926511419,0.007152145643693107,0.01709983446351895,0.2613497720413536
20131,Nemaha,Multi-Crop,Non-alluvial,recent_2019_2023,5,1,16.996812,27876.6895285735,0.16401128357819986,7.380592556145221e-4,0.0028684997746178747,0.018323807861786133
20131,Nemaha,Soybeans,Non-alluvial,recent_2019_2023,5,3,25.090532,23682.851280912,0.09438959397477903,0.0010895160440023898,0.003787855646043218,0.05480420754883762
20139,Osage,Corn,Non-alluvial,recent_2019_2023,5,3,28.4898944,12253.408574196863,0.043009666523007056,0.0012371278951252944,0.002957809204500576,0.04520644705580171
20139,Osage,Multi-Crop,Non-alluvial,recent_2019_2023,5,1,9.3887152,9497.810149115749,0.10116197953385303,4.0768987452992654e-4,0.0015845046374079689,0.010121722437939008
20139,Osage,Soybeans,Non-alluvial,recent_2019_2023,5,4,38.5261072,16259.757582551143,0.04220451731118877,0.0016729343127262501,0.005816191250053458,0.08415097675240873
20149,Pottawatomie,Alfalfa,Alluvial,recent_2019_2023,5,4,23.6336624,14054.292057016215,0.059467262496802925,0.0010262538220925737,1,1
20149,Pottawatomie,Corn,Alluvial,recent_2019_2023,5,5,2307.8837894,2892310.1510638543,0.12532304114912965,0.10021614592485853,0.2396035527321922,0.2563780957647196
20149,Pottawatomie,Corn,Non-alluvial,recent_2019_2023,5,5,143.0160324,221747.96386326425,0.15505112269025878,0.006210241450813622,0.01484786609191056,0.22693122712386823
20149,Pottawatomie,Golf Course/Turf/Sod,Alluvial,recent_2019_2023,5,5,9.4696524,8646.707681207976,0.09130966286796308,4.1120444241380516e-4,0.022482705611068406,0.027877055039313793
20149,Pottawatomie,Golf Course/Turf/Sod,Non-alluvial,recent_2019_2023,5,5,44.51546,62414.180979903496,0.14020787605003632,0.0019330123361332723,0.10568793235972329,0.5461767626613704
20149,Pottawatomie,Multi-Crop,Alluvial,recent_2019_2023,5,5,1723.1934566,1710703.6256762522,0.09927519276051619,0.07482690753171897,0.29081806881667555,0.3447938006591253
20149,Pottawatomie,Multi-Crop,Non-alluvial,recent_2019_2023,5,1,11.250270800000001,14308.389315550998,0.12718262137788716,4.885249358591361e-4,0.0018986736603423078,0.012128615679944157
20149,Pottawatomie,Other Crop,Alluvial,recent_2019_2023,5,3,30.998947599999997,14772.178486468862,0.04765380643589611,0.0013460794995255332,0.08132498142053296,0.10017000130770236
20149,Pottawatomie,Other Crop,Non-alluvial,recent_2019_2023,5,5,29.137392,22565.316736093966,0.07744453153560882,0.0012652444381963236,0.07644123579997876,0.40632054176072235
20149,Pottawatomie,Sorghum,Alluvial,recent_2019_2023,5,1,5.1799808,328.106168787635,0.006334119400358298,2.2493234456823533e-4,0.6808510638297872,0.6808510638297872
20149,Pottawatomie,Soybeans,Alluvial,recent_2019_2023,5,5,2039.1722854,2250902.06250283,0.11038312351627991,0.08854778055038132,0.307848803465277,0.3307059225034128
20149,Pottawatomie,Soybeans,Non-alluvial,recent_2019_2023,5,5,130.9563896,121209.32624844262,0.09255701582692581,0.0056865708361156985,0.019770162694509444,0.28604260585167507
20149,Pottawatomie,Unknown,Alluvial,recent_2019_2023,5,0,0,0,NA,0,NA,NA
20149,Pottawatomie,Wheat,Alluvial,recent_2019_2023,5,1,2.1853044,675.94804697603,0.030931528210716548,9.489333286472428e-5,0.15517241379310345,0.15517241379310345
20161,Riley,Alfalfa,Alluvial,recent_2019_2023,5,0,0,0,NA,0,0,0
20161,Riley,Corn,Alluvial,recent_2019_2023,5,5,454.94800119999996,565252.9199108422,0.12424561014003688,0.01975538607528204,0.04723251573436856,0.050539244114169594
20161,Riley,Corn,Non-alluvial,recent_2019_2023,5,4,26.709276,33188.06232105303,0.12425669015159015,0.0011598074016799633,0.0027729461292192894,0.042381044114814095
20161,Riley,Golf Course/Turf/Sod,Alluvial,recent_2019_2023,5,5,34.4792472,296247.79988745815,0.8592061136632302,0.0014972059185323165,0.08186010760953114,0.1015010721944246
20161,Riley,Golf Course/Turf/Sod,Non-alluvial,recent_2019_2023,5,1,0.24281160000000002,870.838177308535,0.35864768293958565,1.0543703651636031e-5,5.764796310530362e-4,0.00297914597815293
20161,Riley,Multi-Crop,Alluvial,recent_2019_2023,5,5,312.9032152,323747.0439737421,0.10346555364310048,0.013587319439074964,0.052807714898441445,0.06260880831113307
20161,Riley,Multi-Crop,Non-alluvial,recent_2019_2023,5,5,109.42709439999999,166048.85800696933,0.15174382443162937,0.004751695779003971,0.0184676747394446,0.11797042013873739
20161,Riley,Other Crop,Alluvial,recent_2019_2023,5,5,117.6826888,219890.3402159177,0.18685020070336608,0.005110181703159596,0.3087376579254698,0.3802798483065254
20161,Riley,Other Crop,Non-alluvial,recent_2019_2023,5,5,19.7486768,32605.858893730612,0.16510401797517196,8.57554563666397e-4,0.051810170931096716,0.2753950338600451
20161,Riley,Sorghum,Alluvial,recent_2019_2023,5,4,2.428116,4218.50788441245,0.17373584640982756,1.0543703651636032e-4,0.3191489361702128,0.3191489361702128
20161,Riley,Soybeans,Alluvial,recent_2019_2023,5,5,467.2504556,508460.94914648024,0.10881978670166548,0.0202896003936316,0.07053964724066936,0.07577706605061431
20161,Riley,Soybeans,Non-alluvial,recent_2019_2023,5,3,18.0489956,16915.969920126412,0.0937225001048059,7.83748638104945e-4,0.0027248122873149605,0.03942367188190578
20161,Riley,Unknown,Alluvial,recent_2019_2023,5,0,0,0,NA,0,NA,NA
20161,Riley,Unknown,Non-alluvial,recent_2019_2023,5,0,0,0,NA,0,NA,NA
20161,Riley,Wheat,Alluvial,recent_2019_2023,5,2,7.6890339999999995,3207.0527776235003,0.041709436811223626,3.3388394896847426e-4,0.5459770114942528,0.5459770114942528
20177,Shawnee,Alfalfa,Alluvial,recent_2019_2023,5,0,0,0,NA,0,0,0
20177,Shawnee,Corn,Alluvial,recent_2019_2023,5,5,3372.4912496,3243524.3685961044,0.09617591651218689,0.14644501458545672,0.35013066458275566,0.37464316380523377
20177,Shawnee,Corn,Non-alluvial,recent_2019_2023,5,0,0,0,NA,0,0,0
20177,Shawnee,Golf Course/Turf/Sod,Alluvial,recent_2019_2023,5,5,23.876473999999998,73513.0505541559,0.3078890566260156,0.0010367975257442096,0.05668716372021521,0.07028830116750058
20177,Shawnee,Multi-Crop,Alluvial,recent_2019_2023,5,5,1009.4082897999999,950281.8085376192,0.09414246129540943,0.043831933363792916,0.17035473780546107,0.20197251755103363
20177,Shawnee,Multi-Crop,Non-alluvial,recent_2019_2023,5,0,0,0,NA,0,0,0
20177,Shawnee,Other Crop,Alluvial,recent_2019_2023,5,4,17.239623599999998,5728.28965357059,0.03322746358319906,7.486029592661581e-4,0.0452277311816541,0.055708120831698696
20177,Shawnee,Other Crop,Non-alluvial,recent_2019_2023,5,0,0,0,NA,0,0,0
20177,Shawnee,Sorghum,Alluvial,recent_2019_2023,5,0,0,0,NA,0,0,0
20177,Shawnee,Soybeans,Alluvial,recent_2019_2023,5,5,1606.60342,1423334.428055461,0.08859276722163711,0.06976417249499173,0.2425449502385738,0.2605533970387483
20177,Shawnee,Soybeans,Non-alluvial,recent_2019_2023,5,0,0,0,NA,0,0,0
20177,Shawnee,Unknown,Alluvial,recent_2019_2023,5,0,0,0,NA,0,NA,NA
20177,Shawnee,Wheat,Alluvial,recent_2019_2023,5,1,4.2087344,2548.373476373135,0.06054963877913358,1.827575299616912e-4,0.2988505747126437,0.2988505747126437
20197,Wabaunsee,Alfalfa,Alluvial,recent_2019_2023,5,0,0,0,NA,0,0,0
20197,Wabaunsee,Alfalfa,Non-alluvial,recent_2019_2023,5,0,0,0,NA,0,0,NA
20197,Wabaunsee,Corn,Alluvial,recent_2019_2023,5,5,1007.7086085999999,1337459.422525404,0.1327228338739235,0.043758127438231466,0.1046198963086205,0.11194429084566243
20197,Wabaunsee,Corn,Non-alluvial,recent_2019_2023,5,0,0,0,NA,0,0,0
20197,Wabaunsee,Golf Course/Turf/Sod,Alluvial,recent_2019_2023,5,1,9.6315268,9512.61193116632,0.09876535806520645,4.1823357818156253e-4,0.022867025365103766,0.02835358589468668
20197,Wabaunsee,Multi-Crop,Alluvial,recent_2019_2023,5,5,434.26854660000004,486796.07415179594,0.11209563252117784,0.018857413980951043,0.07329016924148671,0.0868927990153607
20197,Wabaunsee,Multi-Crop,Non-alluvial,recent_2019_2023,5,5,119.180027,166643.39625266724,0.13982493581132285,0.0051752012090113516,0.02011364722916581,0.1284847956022861
20197,Wabaunsee,Other Crop,Alluvial,recent_2019_2023,5,5,115.17363560000001,157204.79323175378,0.1364937317579595,0.005001230098759358,0.30215521817602725,0.3721720936314895
20197,Wabaunsee,Other Crop,Non-alluvial,recent_2019_2023,5,5,21.043672,12808.47540109324,0.0608661615762365,9.137876498084561e-4,0.05520755918887356,0.29345372460496616
20197,Wabaunsee,Soybeans,Alluvial,recent_2019_2023,5,5,1071.0419676000001,1298417.2554033506,0.12122935372111096,0.046508276807366536,0.16169256052932232,0.17369788932059227
20197,Wabaunsee,Soybeans,Non-alluvial,recent_2019_2023,5,2,19.9914884,17668.39384103039,0.0883795817875691,8.680982673180333e-4,0.0030180656276537904,0.04366657827278353
20197,Wabaunsee,Unknown,Alluvial,recent_2019_2023,5,0,0,0,NA,0,NA,NA
20209,Wyandotte,Corn,Alluvial,recent_2019_2023,5,0,0,0,NA,0,0,0
20209,Wyandotte,Multi-Crop,Alluvial,recent_2019_2023,5,0,0,0,NA,0,0,0
20209,Wyandotte,Other Crop,Alluvial,recent_2019_2023,5,0,0,0,NA,0,0,0
20209,Wyandotte,Soybeans,Alluvial,recent_2019_2023,5,4,56.8179144,49751.25643564086,0.08756262344546893,0.002467226654482831,0.008577660204910771,0.009214533235325003
