FIPS,County,Crop,Domain,baseline_area_ha,allocated_area_ha,example
20005,Atchison,Corn,Non-alluvial,38.07420783333333,19.037103916666666,50_percent_of_baseline
20005,Atchison,Soybeans,Non-alluvial,32.99315027777778,16.49657513888889,50_percent_of_baseline
20045,Douglas,Corn,Alluvial,466.32192605555554,233.16096302777777,50_percent_of_baseline
20045,Douglas,Sorghum,Alluvial,1.2365405555555555,0.6182702777777778,50_percent_of_baseline
20045,Douglas,Soybeans,Alluvial,331.1792846111111,165.58964230555554,50_percent_of_baseline
20061,Geary,Corn,Alluvial,118.977684,59.488842,50_percent_of_baseline
20061,Geary,Corn,Non-alluvial,216.61942277777777,108.30971138888889,50_percent_of_baseline
20061,Geary,Sorghum,Non-alluvial,1.5737788888888888,0.7868894444444444,50_percent_of_baseline
20061,Geary,Soybeans,Alluvial,58.43216188888889,29.216080944444446,50_percent_of_baseline
20061,Geary,Soybeans,Non-alluvial,163.3357661111111,81.66788305555555,50_percent_of_baseline
20085,Jackson,Corn,Non-alluvial,14.366353,7.1831765,50_percent_of_baseline
20085,Jackson,Soybeans,Non-alluvial,6.834696888888889,3.4173484444444444,50_percent_of_baseline
20087,Jefferson,Corn,Alluvial,881.2487301111112,440.6243650555556,50_percent_of_baseline
20087,Jefferson,Soybeans,Alluvial,470.9533325,235.47666625,50_percent_of_baseline
20087,Jefferson,Wheat,Alluvial,0.8993022222222221,0.44965111111111106,50_percent_of_baseline
20091,Johnson,Corn,Alluvial,53.238691555555555,26.619345777777777,50_percent_of_baseline
20091,Johnson,Soybeans,Alluvial,23.741578666666665,11.870789333333333,50_percent_of_baseline
20103,Leavenworth,Corn,Alluvial,42.44706488888889,21.223532444444444,50_percent_of_baseline
20103,Leavenworth,Sorghum,Alluvial,1.3489533333333332,0.6744766666666666,50_percent_of_baseline
20103,Leavenworth,Soybeans,Alluvial,25.157979666666666,12.578989833333333,50_percent_of_baseline
20131,Nemaha,Corn,Non-alluvial,78.26177588888889,39.130887944444446,50_percent_of_baseline
20131,Nemaha,Soybeans,Non-alluvial,20.076922111111113,10.038461055555556,50_percent_of_baseline
20139,Osage,Corn,Non-alluvial,23.741578666666665,11.870789333333333,50_percent_of_baseline
20139,Osage,Soybeans,Non-alluvial,18.705486222222223,9.352743111111112,50_percent_of_baseline
20149,Pottawatomie,Corn,Alluvial,2240.4203849444443,1120.2101924722222,50_percent_of_baseline
20149,Pottawatomie,Corn,Non-alluvial,221.65551522222222,110.82775761111111,50_percent_of_baseline
20149,Pottawatomie,Sorghum,Alluvial,7.1719352222222215,3.5859676111111107,50_percent_of_baseline
20149,Pottawatomie,Soybeans,Alluvial,1911.5568035555555,955.7784017777777,50_percent_of_baseline
20149,Pottawatomie,Soybeans,Non-alluvial,147.14832611111112,73.57416305555556,50_percent_of_baseline
20149,Pottawatomie,Wheat,Alluvial,3.7545867777777775,1.8772933888888887,50_percent_of_baseline
20161,Riley,Corn,Alluvial,420.0303441666667,210.01517208333334,50_percent_of_baseline
20161,Riley,Corn,Non-alluvial,40.69342555555556,20.34671277777778,50_percent_of_baseline
20161,Riley,Sorghum,Alluvial,12.005684666666667,6.002842333333334,50_percent_of_baseline
20161,Riley,Soybeans,Alluvial,401.5384422222222,200.7692211111111,50_percent_of_baseline
20161,Riley,Soybeans,Non-alluvial,15.895166777777778,7.947583388888889,50_percent_of_baseline
20161,Riley,Wheat,Alluvial,2.1358427777777775,1.0679213888888888,50_percent_of_baseline
20177,Shawnee,Corn,Alluvial,3207.8447505,1603.92237525,50_percent_of_baseline
20177,Shawnee,Corn,Non-alluvial,3.7770693333333334,1.8885346666666667,50_percent_of_baseline
20177,Shawnee,Sorghum,Alluvial,2.6079764444444447,1.3039882222222223,50_percent_of_baseline
20177,Shawnee,Soybeans,Alluvial,1538.1440383333334,769.0720191666667,50_percent_of_baseline
20177,Shawnee,Soybeans,Non-alluvial,5.283400555555556,2.641700277777778,50_percent_of_baseline
20177,Shawnee,Wheat,Alluvial,1.169092888888889,0.5845464444444445,50_percent_of_baseline
20197,Wabaunsee,Corn,Alluvial,1010.5796309444444,505.2898154722222,50_percent_of_baseline
20197,Wabaunsee,Corn,Non-alluvial,19.559823333333334,9.779911666666667,50_percent_of_baseline
20197,Wabaunsee,Soybeans,Alluvial,845.4565016666667,422.72825083333333,50_percent_of_baseline
20197,Wabaunsee,Soybeans,Non-alluvial,17.44646311111111,8.723231555555556,50_percent_of_baseline
20209,Wyandotte,Corn,Alluvial,11.713411444444445,5.856705722222222,50_percent_of_baseline
20209,Wyandotte,Soybeans,Alluvial,65.5141668888889,32.75708344444445,50_percent_of_baseline
20005,Atchison,Corn,Non-alluvial,38.07420783333333,38.07420783333333,historical_baseline
20005,Atchison,Soybeans,Non-alluvial,32.99315027777778,32.99315027777778,historical_baseline
20045,Douglas,Corn,Alluvial,466.32192605555554,466.32192605555554,historical_baseline
20045,Douglas,Sorghum,Alluvial,1.2365405555555555,1.2365405555555555,historical_baseline
20045,Douglas,Soybeans,Alluvial,331.1792846111111,331.1792846111111,historical_baseline
20061,Geary,Corn,Alluvial,118.977684,118.977684,historical_baseline
20061,Geary,Corn,Non-alluvial,216.61942277777777,216.61942277777777,historical_baseline
20061,Geary,Sorghum,Non-alluvial,1.5737788888888888,1.5737788888888888,historical_baseline
20061,Geary,Soybeans,Alluvial,58.43216188888889,58.43216188888889,historical_baseline
20061,Geary,Soybeans,Non-alluvial,163.3357661111111,163.3357661111111,historical_baseline
20085,Jackson,Corn,Non-alluvial,14.366353,14.366353,historical_baseline
20085,Jackson,Soybeans,Non-alluvial,6.834696888888889,6.834696888888889,historical_baseline
20087,Jefferson,Corn,Alluvial,881.2487301111112,881.2487301111112,historical_baseline
20087,Jefferson,Soybeans,Alluvial,470.9533325,470.9533325,historical_baseline
20087,Jefferson,Wheat,Alluvial,0.8993022222222221,0.8993022222222221,historical_baseline
20091,Johnson,Corn,Alluvial,53.238691555555555,53.238691555555555,historical_baseline
20091,Johnson,Soybeans,Alluvial,23.741578666666665,23.741578666666665,historical_baseline
20103,Leavenworth,Corn,Alluvial,42.44706488888889,42.44706488888889,historical_baseline
20103,Leavenworth,Sorghum,Alluvial,1.3489533333333332,1.3489533333333332,historical_baseline
20103,Leavenworth,Soybeans,Alluvial,25.157979666666666,25.157979666666666,historical_baseline
20131,Nemaha,Corn,Non-alluvial,78.26177588888889,78.26177588888889,historical_baseline
20131,Nemaha,Soybeans,Non-alluvial,20.076922111111113,20.076922111111113,historical_baseline
20139,Osage,Corn,Non-alluvial,23.741578666666665,23.741578666666665,historical_baseline
20139,Osage,Soybeans,Non-alluvial,18.705486222222223,18.705486222222223,historical_baseline
20149,Pottawatomie,Corn,Alluvial,2240.4203849444443,2240.4203849444443,historical_baseline
20149,Pottawatomie,Corn,Non-alluvial,221.65551522222222,221.65551522222222,historical_baseline
20149,Pottawatomie,Sorghum,Alluvial,7.1719352222222215,7.1719352222222215,historical_baseline
20149,Pottawatomie,Soybeans,Alluvial,1911.5568035555555,1911.5568035555555,historical_baseline
20149,Pottawatomie,Soybeans,Non-alluvial,147.14832611111112,147.14832611111112,historical_baseline
20149,Pottawatomie,Wheat,Alluvial,3.7545867777777775,3.7545867777777775,historical_baseline
20161,Riley,Corn,Alluvial,420.0303441666667,420.0303441666667,historical_baseline
20161,Riley,Corn,Non-alluvial,40.69342555555556,40.69342555555556,historical_baseline
20161,Riley,Sorghum,Alluvial,12.005684666666667,12.005684666666667,historical_baseline
20161,Riley,Soybeans,Alluvial,401.5384422222222,401.5384422222222,historical_baseline
20161,Riley,Soybeans,Non-alluvial,15.895166777777778,15.895166777777778,historical_baseline
20161,Riley,Wheat,Alluvial,2.1358427777777775,2.1358427777777775,historical_baseline
20177,Shawnee,Corn,Alluvial,3207.8447505,3207.8447505,historical_baseline
20177,Shawnee,Corn,Non-alluvial,3.7770693333333334,3.7770693333333334,historical_baseline
20177,Shawnee,Sorghum,Alluvial,2.6079764444444447,2.6079764444444447,historical_baseline
20177,Shawnee,Soybeans,Alluvial,1538.1440383333334,1538.1440383333334,historical_baseline
20177,Shawnee,Soybeans,Non-alluvial,5.283400555555556,5.283400555555556,historical_baseline
20177,Shawnee,Wheat,Alluvial,1.169092888888889,1.169092888888889,historical_baseline
20197,Wabaunsee,Corn,Alluvial,1010.5796309444444,1010.5796309444444,historical_baseline
20197,Wabaunsee,Corn,Non-alluvial,19.559823333333334,19.559823333333334,historical_baseline
20197,Wabaunsee,Soybeans,Alluvial,845.4565016666667,845.4565016666667,historical_baseline
20197,Wabaunsee,Soybeans,Non-alluvial,17.44646311111111,17.44646311111111,historical_baseline
20209,Wyandotte,Corn,Alluvial,11.713411444444445,11.713411444444445,historical_baseline
20209,Wyandotte,Soybeans,Alluvial,65.5141668888889,65.5141668888889,historical_baseline
20005,Atchison,Corn,Non-alluvial,38.07420783333333,38.07420783333333,150_percent_of_baseline
20005,Atchison,Soybeans,Non-alluvial,32.99315027777778,32.99315027777778,150_percent_of_baseline
20045,Douglas,Corn,Alluvial,466.32192605555554,1146.4244645996962,150_percent_of_baseline
20045,Douglas,Sorghum,Alluvial,1.2365405555555555,3.173532957723308,150_percent_of_baseline
20045,Douglas,Soybeans,Alluvial,331.1792846111111,786.5479026786147,150_percent_of_baseline
20045,Douglas,Wheat,Alluvial,0,0.5941900436459135,150_percent_of_baseline
20061,Geary,Corn,Alluvial,118.977684,159.2570592369555,150_percent_of_baseline
20061,Geary,Corn,Non-alluvial,216.61942277777777,216.61942277777777,150_percent_of_baseline
20061,Geary,Sorghum,Alluvial,0,0.11471923625672953,150_percent_of_baseline
20061,Geary,Sorghum,Non-alluvial,1.5737788888888888,1.5737788888888888,150_percent_of_baseline
20061,Geary,Soybeans,Alluvial,58.43216188888889,85.40157076293681,150_percent_of_baseline
20061,Geary,Soybeans,Non-alluvial,163.3357661111111,163.3357661111111,150_percent_of_baseline
20061,Geary,Wheat,Alluvial,0,0.035191169527627596,150_percent_of_baseline
20085,Jackson,Corn,Non-alluvial,14.366353,14.366353,150_percent_of_baseline
20085,Jackson,Soybeans,Non-alluvial,6.834696888888889,6.834696888888889,150_percent_of_baseline
20087,Jefferson,Corn,Alluvial,881.2487301111112,1577.402862145802,150_percent_of_baseline
20087,Jefferson,Sorghum,Alluvial,0,1.9827087653215167,150_percent_of_baseline
20087,Jefferson,Soybeans,Alluvial,470.9533325,937.0694357352843,150_percent_of_baseline
20087,Jefferson,Wheat,Alluvial,0.8993022222222221,1.5075161762289957,150_percent_of_baseline
20091,Johnson,Corn,Alluvial,53.238691555555555,155.37619237612725,150_percent_of_baseline
20091,Johnson,Sorghum,Alluvial,0,0.2908966690366347,150_percent_of_baseline
20091,Johnson,Soybeans,Alluvial,23.741578666666665,92.1286379196643,150_percent_of_baseline
20091,Johnson,Wheat,Alluvial,0,0.08923520003376834,150_percent_of_baseline
20103,Leavenworth,Corn,Alluvial,42.44706488888889,317.01439446464644,150_percent_of_baseline
20103,Leavenworth,Sorghum,Alluvial,1.3489533333333332,2.130945461182469,150_percent_of_baseline
20103,Leavenworth,Soybeans,Alluvial,25.157979666666666,208.99694268986195,150_percent_of_baseline
20103,Leavenworth,Wheat,Alluvial,0,0.23988320039739522,150_percent_of_baseline
20131,Nemaha,Corn,Non-alluvial,78.26177588888889,78.26177588888889,150_percent_of_baseline
20131,Nemaha,Soybeans,Non-alluvial,20.076922111111113,20.076922111111113,150_percent_of_baseline
20139,Osage,Corn,Non-alluvial,23.741578666666665,23.741578666666665,150_percent_of_baseline
20139,Osage,Soybeans,Non-alluvial,18.705486222222223,18.705486222222223,150_percent_of_baseline
20149,Pottawatomie,Corn,Alluvial,2240.4203849444443,3016.440265468061,150_percent_of_baseline
20149,Pottawatomie,Corn,Non-alluvial,221.65551522222222,221.65551522222222,150_percent_of_baseline
20149,Pottawatomie,Sorghum,Alluvial,7.1719352222222215,9.382108728886488,150_percent_of_baseline
20149,Pottawatomie,Soybeans,Alluvial,1911.5568035555555,2431.1477189833968,150_percent_of_baseline
20149,Pottawatomie,Soybeans,Non-alluvial,147.14832611111112,147.14832611111112,150_percent_of_baseline
20149,Pottawatomie,Wheat,Alluvial,3.7545867777777775,4.432577610844632,150_percent_of_baseline
20161,Riley,Corn,Alluvial,420.0303441666667,1049.3958833859342,150_percent_of_baseline
20161,Riley,Corn,Non-alluvial,40.69342555555556,40.69342555555556,150_percent_of_baseline
20161,Riley,Sorghum,Alluvial,12.005684666666667,13.798173590856752,150_percent_of_baseline
20161,Riley,Soybeans,Alluvial,401.5384422222222,822.9356575113786,150_percent_of_baseline
20161,Riley,Soybeans,Non-alluvial,15.895166777777778,15.895166777777778,150_percent_of_baseline
20161,Riley,Wheat,Alluvial,2.1358427777777775,2.685705064747699,150_percent_of_baseline
20177,Shawnee,Corn,Alluvial,3207.8447505,4128.4050190593825,150_percent_of_baseline
20177,Shawnee,Corn,Non-alluvial,3.7770693333333334,3.7770693333333334,150_percent_of_baseline
20177,Shawnee,Sorghum,Alluvial,2.6079764444444447,5.229813807019294,150_percent_of_baseline
20177,Shawnee,Soybeans,Alluvial,1538.1440383333334,2154.5132379529714,150_percent_of_baseline
20177,Shawnee,Soybeans,Non-alluvial,5.283400555555556,5.283400555555556,150_percent_of_baseline
20177,Shawnee,Wheat,Alluvial,1.169092888888889,1.9733653553979846,150_percent_of_baseline
20197,Wabaunsee,Corn,Alluvial,1010.5796309444444,1343.5971830601768,150_percent_of_baseline
20197,Wabaunsee,Corn,Non-alluvial,19.559823333333334,19.559823333333334,150_percent_of_baseline
20197,Wabaunsee,Sorghum,Alluvial,0,0.9484635502427425,150_percent_of_baseline
20197,Wabaunsee,Soybeans,Alluvial,845.4565016666667,1068.431323704214,150_percent_of_baseline
20197,Wabaunsee,Soybeans,Non-alluvial,17.44646311111111,17.44646311111111,150_percent_of_baseline
20197,Wabaunsee,Wheat,Alluvial,0,0.2909498239046194,150_percent_of_baseline
20209,Wyandotte,Corn,Alluvial,11.713411444444445,114.29518992543994,150_percent_of_baseline
20209,Wyandotte,Sorghum,Alluvial,0,0.29216201125184815,150_percent_of_baseline
20209,Wyandotte,Soybeans,Alluvial,65.5141668888889,134.19869614501062,150_percent_of_baseline
20209,Wyandotte,Wheat,Alluvial,0,0.08962335527136414,150_percent_of_baseline
