Year,Crop,Crop_area_m2,Crop_area_ha,Yield_kgHa,Irrigation_m,Irrigation_m3,fert_kgcrop,NetReturn_ha,Crop_prc,NitrateFluxPredicted_kg
2006,Corn,814053871.2673898,81405.38712673898,9386.733747415716,0.0173425911932808,14117803.498697974,20351346.781684745,182.7053235022628,6.555094762909364,1038381.1138640717
2006,Sorghum,39584511.307095855,3958.451130709586,5862.705805990809,0,0,443346.5266394736,117.25411611981632,1.724073141944623,1038381.1138640717
2006,Soybeans,1390918592.8650234,139091.85928650235,2967.031760147186,0.006901204847632163,9599014.135741806,7789144.120044131,146.3502386015459,9.821685398786505,1038381.1138640717
2006,Wheat,191806724.8460961,19180.67248460961,3457.664878347433,0,0,1707079.8511302553,103.72994635042298,2.1838903708437765,1038381.1138640717
2007,Corn,1005195521.2343405,100519.55212343406,9299.466699920828,0.010448434986881902,10502720.052721873,25129888.030858513,182.95928785222068,7.856811977306663,8480529.020677008
2007,Sorghum,18308511.899017178,1830.8511899017176,7155.001703772765,0,0,205055.33326899243,143.1000340754555,0.8573268710041337,8480529.020677008
2007,Soybeans,1098067598.786363,109806.7598786363,3259.526732199742,0.004474983272152355,4913834.136261478,6149178.553203632,161.67859146106284,7.97985782435414,8480529.020677008
2007,Wheat,276017633.25668675,27601.763325668675,2585.408476234815,0,0,2456556.935984512,77.56225428704445,2.5545995598875977,8480529.020677008
2008,Corn,999591084.0279852,99959.10840279852,10900.922316177788,0.008344327231395048,8340915.102714412,24989777.10069963,215.598591426451,7.846783645134182,7229568.261691511
2008,Sorghum,35585565.47195877,3558.5565471958776,7637.730424206875,0,0,398558.33328593825,152.7546084841377,1.5009684878432081,7229568.261691511
2008,Soybeans,1400046375.8627021,140004.6375862702,3476.5732838623703,0.004116115496346066,5762752.583291616,7840259.704831131,172.63499069917813,10.203523766144142,7229568.261691511
2008,Wheat,236779731.88210195,23677.9731882102,2410.326748340312,0,0,2107339.613750708,72.30980245020938,2.484050469625628,7229568.261691511
2009,Corn,1220106552.2739139,122010.65522739138,11711.921634638768,0.005225037462984917,6375102.444464565,30502663.806847848,232.72317182850952,9.154910199401266,8553026.168190977
2009,Sorghum,30247892.13297764,3024.789213297764,7969.864051761835,0,0,338776.39188934956,159.3972810352368,2.0996654628461267,8553026.168190977
2009,Soybeans,1409762416.765869,140976.24167658688,3662.875965010125,0.00231903409580178,3269287.1114599686,7894669.533888866,182.47127836272367,10.166441781206583,8553026.168190977
2009,Wheat,133130855.41157795,13313.085541157796,3391.5537691242566,0,0,1184864.6131630437,101.7466130737277,2.5696922822249184,8553026.168190977
2010,Corn,1110153576.937369,111015.3576937369,8914.048287214162,0.008707408681861224,9666560.894023739,27753839.423434228,175.7558172265434,8.201888142249215,9240904.448661877
2010,Sorghum,7929686.718209361,792.968671820936,5123.14069717136,0,0,88812.49124394484,102.46281394342725,2.945948244264906,9240904.448661877
2010,Soybeans,1405717894.419918,140571.7894419918,3187.0618688588424,0.005037459675584154,7081247.208387401,7872020.208751541,157.8922301370227,10.548527725130462,9240904.448661877
2010,Wheat,68876668.92793587,6887.666892793587,2791.252462419212,0,0,613002.3534586292,83.73757387257635,2.3706657813637326,9240904.448661877
2011,Corn,1287743892.4774063,128774.38924774063,7267.026195491518,0.012073352780816308,15547386.30522131,32193597.311935157,141.83925160339356,9.74131785737195,7388063.164347403
2011,Sorghum,7496783.340805659,749.678334080566,2420.820529804138,0,0,83963.97341702339,48.41641059608281,2.7851208383510992,7388063.164347403
2011,Soybeans,1450611947.7372167,145061.19477372168,2594.4141603818825,0.0073930879577537734,10724501.722189764,8123426.907328414,127.57671251134548,10.533440790560576,7388063.164347403
2011,Wheat,130323919.93362254,13032.391993362255,3687.105224938902,0,0,1159882.8874092407,110.61315674816703,2.4768548930789427,7388063.164347403
2012,Corn,1214443669.9020703,121444.36699020703,5482.4016282711755,0.018745727530139852,22765630.136687312,30361091.747551758,104.21177158168292,9.038935552438087,-803834.4657268927
2012,Soybeans,1473890919.5123382,147389.0919512338,2023.3646163630367,0.00926897863372813,13661463.44140577,8253789.149269093,98.48022701437066,10.676922917410991,-803834.4657268927
2012,Wheat,106365191.84896599,10636.519184896597,3754.480240392832,0,0,946650.2074557972,112.63440721178495,2.1424949169909646,-803834.4657268927
2013,Corn,1371898924.068907,137189.8924068907,9084.501565714072,0.012258841605438555,16817891.608832307,34297473.10172267,178.13496724870416,10.19054988729645,3627895.615883026
2013,Sorghum,18259460.27539414,1825.946027539414,5956.860805078634,0,0,204505.9550844144,119.13721610157273,1.9867725803900314,3627895.615883026
2013,Soybeans,1531466371.5284827,153146.63715284827,3089.061916214091,0.006090393844030497,9327233.361496793,8576211.680559503,152.68688159593566,11.118955432919723,3627895.615883026
2013,Wheat,241336801.60422906,24133.680160422908,3673.302182257949,0,0,2147897.5342776384,110.19906546773846,2.3509589620718514,3627895.615883026
2014,Corn,1223250340.7945445,122325.03407945446,9910.4609846895,0.011088144363511871,13563576.371445004,30581258.519863613,194.99365782837143,9.149946943645363,2896954.8361037867
2014,Soybeans,1543209790.2692118,154320.97902692118,3254.8651343424126,0.0058639438474342755,9049295.554949483,8641974.825507585,161.04271300136466,11.071401919885703,2896954.8361037867
2014,Wheat,129696065.28338036,12969.606528338036,3601.187741917837,0,0,1154294.9810220853,108.03563225753507,1.6918537228373665,2896954.8361037867
2015,Corn,1277232131.6106138,127723.21316106139,9600.207641782632,0.005965682135121946,7619560.90995316,31930803.290265344,190.2741050164672,9.49850495962974,10951191.973547265
2015,Sorghum,27668138.011940368,2766.8138011940364,6662.602734524732,0,0,309883.14573373203,133.25205469049467,1.8982904742316418,10951191.973547265
2015,Soybeans,1475405822.2176714,147540.58222176714,3320.462080412287,0.004661541906609719,6877666.069523644,8262272.6044189595,164.6712568676975,11.28062592063591,10951191.973547265
2015,Wheat,150142124.49210456,15014.212449210454,2711.1072723629845,0,0,1336264.9079797305,81.33321817088954,1.8307598844993203,10951191.973547265
2016,Corn,1439386220.1534328,143938.62201534328,9209.52898694252,0.00938390107383117,13507057.896955589,35984655.50383582,181.46924842743928,10.736720340929931,14289868.397609128
2016,Sorghum,23752837.583575632,2375.2837583575633,6244.945005721743,0,0,266031.7809360471,124.89890011443501,1.5337351619186395,14289868.397609128
2016,Soybeans,1567488670.477449,156748.8670477449,3370.315448513451,0.004752577091389415,7449610.746323576,8777936.554673715,167.13752506916958,11.502640887202519,14289868.397609128
2016,Wheat,94772143.95096764,9477.214395096764,3134.1360863391933,0,0,843472.081163612,94.0240825901758,1.8303235535506404,14289868.397609128
2017,Corn,1354896964.3182073,135489.69643182072,9689.019328607603,0.00940142596941885,12737963.506227959,33872424.10795518,191.05397304102053,10.146486929189772,10449737.74996024
2017,Soybeans,1782685915.9724271,178268.59159724272,3257.9888413358426,0.006888718527034044,12280421.497241914,9983041.129445592,160.90171369395222,13.077290662038143,10449737.74996024
2017,Wheat,30119640.65711885,3011.964065711885,3185.6345138475012,0,0,268064.8018483578,95.56903541542508,2.406710792773887,10449737.74996024
2018,Corn,1379005861.281493,137900.5861281493,8751.118370844404,0.010341327111636907,14260750.700376507,34475146.532037325,172.0233825545133,10.456460800317766,5523997.3921252135
2018,Soybeans,1775527426.781755,177552.7426781755,2999.5228311914716,0.0056945092839769534,10110757.415764414,9942953.589977827,148.32473386722023,12.900223953229226,5523997.3921252135
2018,Wheat,46982817.72610937,4698.281772610937,2260.5012318476083,0,0,418147.0777623734,67.81503695542821,2.4917613032383996,5523997.3921252135
2019,Corn,1467301653.6801095,146730.16536801096,9985.522068292777,0.002986018719648068,4381390.205259373,36682541.342002735,198.84449593715752,10.88334858811152,19147032.946281463
2019,Sorghum,27377308.435262885,2737.7308435262885,6203.096003235265,0,0,306625.8544749443,124.06192006470539,1.4891312030618342,19147032.946281463
2019,Soybeans,1742634099.7232518,174263.4099723252,3636.2346143277,0.0014208606389317416,2476040.20035702,9758750.958450211,181.39968113109472,12.950301102782037,19147032.946281463
2019,Wheat,61499070.69583683,6149.907069583683,2991.28372364626,0,0,547341.7291929477,89.73851170938784,1.68348772069604,19147032.946281463
2020,Corn,1490999716.8518457,149099.97168518457,9989.756237099784,0.009878853579220408,14729367.88943847,37274992.92129614,196.93025720402167,11.074102817139151,8680489.82789198
2020,Sorghum,35535172.883166365,3553.517288316637,6550.047348656464,0,0,397993.9362914633,131.00094697312943,1.4905007730636584,8680489.82789198
2020,Soybeans,1848365354.4250562,184836.5354425056,3179.9223290093496,0.0046217482950297005,8542679.425405972,10350845.984780315,157.6558094449088,13.51878934643201,8680489.82789198
2020,Wheat,45004790.27263731,4500.479027263731,3458.849980930776,0,0,400542.6334264721,103.76549942792326,2.3015415104511976,8680489.82789198
2021,Corn,1483709125.282813,148370.9125282813,9037.773435462963,0.009082843840073703,13476298.289036142,37092728.132070325,178.1214439956378,11.060785016164315,8465950.619044611
2021,Sorghum,54195892.99587591,5419.589299587591,6288.005023153455,0,0,606994.0015538102,125.76010046306922,1.281869562002262,8465950.619044611
2021,Soybeans,1818532188.7766185,181853.21887766186,3098.962505062694,0.005795893295228833,10540018.520088216,10183780.257149063,153.2673161975183,13.301527823200217,8465950.619044611
2021,Wheat,29474587.289278604,2947.4587289278606,3576.7633644257908,0,0,262323.8268745796,107.30290093277372,2.177513334394221,8465950.619044611
2022,Corn,1400358597.94954,140035.85979495398,8724.10797358138,0.010864125608073238,15213671.704469133,35008964.94873849,171.3315630452863,10.378252881069615,4801031.255506844
2022,Sorghum,17177354.367908984,1717.7354367908986,5585.024694031407,0,0,192386.3689205806,111.70049388062826,2.3029559086074385,4801031.255506844
2022,Soybeans,1891977320.689837,189197.7320689837,2864.2256306098284,0.0056024786271651195,10599762.502245938,10595072.995863087,141.5865627286135,13.840385014568904,4801031.255506844
2022,Wheat,42498233.25073639,4249.823325073639,3278.9407486034147,0,0,378234.2759315539,98.36822245810247,1.5074783666352896,4801031.255506844
2023,Corn,1548943475.4844847,154894.34754844848,7879.731434616177,0.011599787976129119,17967415.902628575,38723586.88711212,154.230690179246,11.582599305218064,3048768.2150181825
2023,Sorghum,27213715.339214873,2721.3715339214873,4387.617379544919,0,0,304793.6117992066,87.75234759089842,1.6301220951670325,3048768.2150181825
2023,Soybeans,1670286655.4569862,167028.66554569863,2669.5635993164497,0.007586676884716283,12671925.159805588,9353605.270559123,131.2780436692547,12.235139996675642,3048768.2150181825
2023,Wheat,69194124.67341468,6919.412467341468,3702.100539585351,0,0,615827.7095933907,111.0630161875605,1.6742798286118843,3048768.2150181825
