Crop,Domain,FIPS,County,years_active,mean_irrigated_area_ha,mean_waterUse_m3,mean_applied_depth_m,total_pdiv_years,mean_annual_domain_area_share,sd_annual_domain_area_share,historical_area_share
Corn,Alluvial,20045,Douglas,18,466.32192605555554,653727.5569402992,0.14018803757951906,197,0.05312301266842512,0.015870907362998107,0.053546695718510354
Corn,Alluvial,20061,Geary,17,118.977684,213476.64582128322,0.1794257869578998,44,0.013998246795413399,0.006240785077566125,0.013661939288014695
Corn,Alluvial,20087,Jefferson,18,973.5845857777778,1233065.194793484,0.12665208681466666,492,0.1114537371175162,0.019900506281839092,0.1117945236069895
Corn,Alluvial,20091,Johnson,12,53.238691555555555,63774.43733964338,0.11978964072228104,24,0.006478520405897539,0.005961259363144769,0.006113278955785865
Corn,Alluvial,20103,Leavenworth,14,50.76561044444444,52052.24827681697,0.10253446737093916,28,0.005545275864253842,0.00552333320277774,0.005829300625914056
Corn,Alluvial,20149,Pottawatomie,18,2328.3721422777776,3212408.1446015188,0.1379679857129245,1033,0.2673626311524541,0.014133390787398966,0.26736172514253775
Corn,Alluvial,20161,Riley,18,442.28807416666666,634864.8785734479,0.14354103482659422,211,0.0502974266616284,0.014499835164833025,0.0507869426763925
Corn,Alluvial,20177,Shawnee,18,3210.767482722222,3915744.9705126034,0.12195666586210321,1700,0.3680343849938326,0.021704598864882126,0.36868519324079946
Corn,Alluvial,20197,Wabaunsee,18,1052.6669749444445,1511824.552134656,0.14361850310868202,473,0.1221593577549662,0.022273437452000628,0.12087537610993578
Corn,Alluvial,20209,Wyandotte,4,11.713411444444445,33489.717157102146,0.28590916758913987,7,0.0015474065856125336,0.0032821859379909045,0.0013450246351201164
Corn,Non-alluvial,20005,Atchison,16,100.59819483333332,106759.9088427987,0.1061250741324671,56,0.05423493909593015,0.0461736173117751,0.057013073061338904
Corn,Non-alluvial,20013,Brown,14,96.22533777777778,72621.24318560906,0.07546998001017168,34,0.05046026250740675,0.042905239201248634,0.05453479778802783
Corn,Non-alluvial,20061,Geary,18,295.5893991666667,479441.37016865023,0.16219843185185387,143,0.17097199105252084,0.04528517648981385,0.16752248923319998
Corn,Non-alluvial,20085,Jackson,13,44.313117,50777.65037801789,0.1145883066136329,23,0.023935371507201417,0.026158248526670213,0.02511403888789786
Corn,Non-alluvial,20087,Jefferson,9,57.667755,36250.66067014597,0.06286123097759914,9,0.03191080959661272,0.03607521818132627,0.03268265334726434
Corn,Non-alluvial,20091,Johnson,4,9.262812888888888,5960.45834610453,0.06434825379290925,5,0.005414266537239372,0.011034665505894985,0.005249611375856884
Corn,Non-alluvial,20103,Leavenworth,6,12.635196222222222,9530.01773042949,0.0754243746026557,6,0.006566788441236109,0.010199949490044515,0.007160877653474682
Corn,Non-alluvial,20131,Nemaha,12,135.7271878888889,148380.32711240146,0.10932247946805682,55,0.07112530702801717,0.0633895801789993,0.0769220967865243
Corn,Non-alluvial,20139,Osage,9,23.741578666666665,16955.57839246544,0.07141723231855336,9,0.012907907629733267,0.014198239714088423,0.013455314594429295
Corn,Non-alluvial,20149,Pottawatomie,18,512.1750981111111,567002.8194777096,0.11070487838413108,191,0.29505593707310573,0.11370764458172533,0.290270380469407
Corn,Non-alluvial,20161,Riley,18,155.53431933333334,267607.31099436776,0.17205676029664244,50,0.09321204399389174,0.044158054459607604,0.08814760072373283
Corn,Non-alluvial,20177,Shawnee,17,135.3225018888889,115522.42676319863,0.08536823155845302,63,0.07474945839478647,0.04145674736775959,0.07669274483321016
Corn,Non-alluvial,20197,Wabaunsee,18,185.68342633333333,230615.1906863182,0.12419804784963669,99,0.10945491714231828,0.06101279971809114,0.10523432124563593
Soybeans,Alluvial,20045,Douglas,18,331.1792846111111,355200.96788474085,0.10725337736683542,141,0.05570950331608619,0.01932611103285144,0.05649714263797798
Soybeans,Alluvial,20061,Geary,14,58.43216188888889,86647.98748158671,0.14828817671738956,25,0.010038052584702844,0.008126891378066206,0.009968166302305069
Soybeans,Alluvial,20087,Jefferson,18,527.5194422777778,513591.68537652784,0.09735976425037317,265,0.087158084725267,0.02507294699889001,0.08999156215241821
Soybeans,Alluvial,20091,Johnson,6,23.741578666666665,33859.07644067887,0.14261510119467008,11,0.004160253780805149,0.006975661054894753,0.0040501668392590034
Soybeans,Alluvial,20103,Leavenworth,11,28.71022344444444,19495.865710125763,0.06790565649149728,16,0.005465309218561209,0.006395904520782814,0.004897786982702412
Soybeans,Alluvial,20149,Pottawatomie,18,1984.5576614444444,2339084.5013903254,0.1178642750892832,880,0.3438425336948774,0.04126055180079585,0.3385532926782496
Soybeans,Alluvial,20161,Riley,18,427.2809683333333,543728.3877385634,0.12725312570308217,201,0.07290584921809133,0.020769507678654722,0.07289149695086872
Soybeans,Alluvial,20177,Shawnee,18,1538.8409975555555,1583310.9920297214,0.10288983686714914,851,0.2596695033790704,0.05003445205170299,0.262516779810532
Soybeans,Alluvial,20197,Wabaunsee,18,876.1002248888889,1126346.4020119368,0.12856364717344815,393,0.148716172418963,0.038587736548082945,0.14945729298508037
Soybeans,Alluvial,20209,Wyandotte,13,65.5141668888889,90181.22767847277,0.13765149121321937,34,0.012334737663575459,0.009853682692923043,0.01117631266060676
Soybeans,Non-alluvial,20005,Atchison,12,51.20402027777778,61012.80855891203,0.11915628543993684,46,0.04709152939301211,0.04513352735787163,0.047532584082062845
Soybeans,Non-alluvial,20013,Brown,12,69.89826522222222,42847.732697962514,0.06130013750947894,21,0.06051607586578659,0.05205560507261894,0.06488641225516284
Soybeans,Non-alluvial,20061,Geary,18,213.74165566666665,245373.80087257407,0.11479924215391978,108,0.2085729271208814,0.078391299766337,0.19841592837241334
Soybeans,Non-alluvial,20085,Jackson,11,35.18519944444444,37547.187134945896,0.10671301492615073,17,0.03228291354059991,0.03491931362573647,0.0326623464713187
Soybeans,Non-alluvial,20091,Johnson,1,2.6979066666666665,3115.91217518249,0.11549369789846288,1,0.005069708491761723,0.021508951518982432,0.002504461071283223
Soybeans,Non-alluvial,20103,Leavenworth,13,39.434402444444444,44445.091677586526,0.11270639067043348,37,0.038359365875763676,0.03366812347071185,0.03660687265858978
Soybeans,Non-alluvial,20131,Nemaha,10,53.823237999999996,59070.07466477472,0.10974827390499012,25,0.04563989463963802,0.050780265245154096,0.049963998372100304
Soybeans,Non-alluvial,20139,Osage,7,18.705486222222223,6555.955966564962,0.03504830555420927,7,0.015817764137241584,0.021011563210944297,0.017364263427563684
Soybeans,Non-alluvial,20149,Pottawatomie,18,345.57936144444443,342040.40194579656,0.09897593436024195,133,0.3163864027034878,0.08660924700655097,0.32080059272245354
Soybeans,Non-alluvial,20161,Riley,11,18.593073444444443,24185.837763556367,0.1300798269625672,12,0.018422577130085653,0.02156947223716213,0.01725991088292688
Soybeans,Non-alluvial,20177,Shawnee,18,119.89946877777778,82477.44833530112,0.06878883549364609,58,0.10913708644430908,0.05787180380872977,0.11130242410961193
Soybeans,Non-alluvial,20197,Wabaunsee,18,108.47833055555554,133675.16780577268,0.1232275304396512,60,0.10270375465743244,0.03466163263363795,0.10070020557451292
