Year,Crop,Domain,FIPS,County,groundwater_irrigated_area_ha,groundwater_withdrawal_m3,n_pdiv
2006,Corn,Alluvial,20045,Douglas,140.426042,334125.5601548668,5
2006,Corn,Alluvial,20061,Geary,63.535702,243637.3325523822,1
2006,Corn,Alluvial,20087,Jefferson,675.016248,1573219.740063208,20
2006,Corn,Alluvial,20091,Johnson,0,0,0
2006,Corn,Alluvial,20103,Leavenworth,14.568696,3897.8026066501,1
2006,Corn,Alluvial,20149,Pottawatomie,1997.934782,3900923.315699095,54
2006,Corn,Alluvial,20161,Riley,293.39734999999996,606429.0106118529,7
2006,Corn,Alluvial,20177,Shawnee,2929.521954,5282509.317480924,85
2006,Corn,Alluvial,20197,Wabaunsee,1002.609565,1833916.126428872,21
2006,Corn,Alluvial,20209,Wyandotte,0,0,0
2006,Corn,Non-alluvial,20005,Atchison,29.137392,14049.358129666025,2
2006,Corn,Non-alluvial,20061,Geary,325.367544,1096577.688398103,6
2006,Corn,Non-alluvial,20085,Jackson,40.4686,55062.6292281204,1
2006,Corn,Non-alluvial,20131,Nemaha,0,0,0
2006,Corn,Non-alluvial,20139,Osage,0,0,0
2006,Corn,Non-alluvial,20149,Pottawatomie,314.441022,389891.27403038926,5
2006,Corn,Non-alluvial,20161,Riley,48.56232,84641.52369250945,1
2006,Corn,Non-alluvial,20177,Shawnee,0,0,0
2006,Corn,Non-alluvial,20197,Wabaunsee,52.204494,31034.4030326951,1
2006,Soybeans,Alluvial,20045,Douglas,292.992664,416534.48172141524,10
2006,Soybeans,Alluvial,20061,Geary,97.12464,158206.38048384234,2
2006,Soybeans,Alluvial,20087,Jefferson,329.414404,393036.6527161354,10
2006,Soybeans,Alluvial,20091,Johnson,106.837104,161832.817086232,2
2006,Soybeans,Alluvial,20103,Leavenworth,60.7029,36091.67856663985,2
2006,Soybeans,Alluvial,20149,Pottawatomie,1729.627964,2664666.1440171134,40
2006,Soybeans,Alluvial,20161,Riley,251.310006,632529.4862943579,9
2006,Soybeans,Alluvial,20177,Shawnee,1600.128444,1889842.1929432757,56
2006,Soybeans,Alluvial,20197,Wabaunsee,519.212138,869925.4007487498,15
2006,Soybeans,Alluvial,20209,Wyandotte,155.399424,390915.0639555537,5
2006,Soybeans,Non-alluvial,20005,Atchison,56.251354,42505.78412188685,2
2006,Soybeans,Non-alluvial,20061,Geary,175.229038,123718.22830601425,5
2006,Soybeans,Non-alluvial,20085,Jackson,0,0,0
2006,Soybeans,Non-alluvial,20131,Nemaha,0,0,0
2006,Soybeans,Non-alluvial,20139,Osage,0,0,0
2006,Soybeans,Non-alluvial,20149,Pottawatomie,92.67309399999999,119808.09088098868,2
2006,Soybeans,Non-alluvial,20161,Riley,16.592126,19538.3523067524,1
2006,Soybeans,Non-alluvial,20177,Shawnee,19.424928,47859.09529684299,1
2006,Soybeans,Non-alluvial,20197,Wabaunsee,32.374880000000005,61661.75705899952,2
2007,Corn,Alluvial,20045,Douglas,505.8575,609882.7597569858,11
2007,Corn,Alluvial,20061,Geary,110.88396399999999,164694.4949493422,2
2007,Corn,Alluvial,20087,Jefferson,888.690456,1482238.1197257042,25
2007,Corn,Alluvial,20091,Johnson,106.837104,160093.60769529,2
2007,Corn,Alluvial,20103,Leavenworth,17.806184,8856.39959359105,1
2007,Corn,Alluvial,20149,Pottawatomie,2380.767738,2431131.027714245,60
2007,Corn,Alluvial,20161,Riley,355.718994,336074.46145819186,9
2007,Corn,Alluvial,20177,Shawnee,3609.79912,4930621.618865373,114
2007,Corn,Alluvial,20197,Wabaunsee,1047.327368,849017.8836023196,28
2007,Corn,Alluvial,20209,Wyandotte,61.512271999999996,186268.09228804798,2
2007,Corn,Non-alluvial,20005,Atchison,56.25135399999999,78190.41368213602,3
2007,Corn,Non-alluvial,20061,Geary,288.945804,429930.0944771811,6
2007,Corn,Non-alluvial,20085,Jackson,36.42174,62710.2166209149,1
2007,Corn,Non-alluvial,20131,Nemaha,0,0,0
2007,Corn,Non-alluvial,20139,Osage,0,0,0
2007,Corn,Non-alluvial,20149,Pottawatomie,248.88189,258599.46724183336,6
2007,Corn,Non-alluvial,20161,Riley,16.592126,16491.652168010074,1
2007,Corn,Non-alluvial,20177,Shawnee,16.592126,12766.537018616624,1
2007,Corn,Non-alluvial,20197,Wabaunsee,0,0,0
2007,Soybeans,Alluvial,20045,Douglas,93.07778,118414.25640455999,2
2007,Soybeans,Alluvial,20061,Geary,31.160822,65374.537390017496,1
2007,Soybeans,Alluvial,20087,Jefferson,239.97879799999998,291064.70920608356,8
2007,Soybeans,Alluvial,20091,Johnson,0,0,0
2007,Soybeans,Alluvial,20103,Leavenworth,64.74976,24903.998300084026,1
2007,Soybeans,Alluvial,20149,Pottawatomie,1451.203996,1586183.634175832,34
2007,Soybeans,Alluvial,20161,Riley,195.868024,224185.32397425812,6
2007,Soybeans,Alluvial,20177,Shawnee,1300.6608039999999,1508757.9792329755,34
2007,Soybeans,Alluvial,20197,Wabaunsee,676.8373349999999,937828.5759057397,15
2007,Soybeans,Alluvial,20209,Wyandotte,93.887152,144724.42399944816,3
2007,Soybeans,Non-alluvial,20005,Atchison,29.137392,57702.28036047204,2
2007,Soybeans,Non-alluvial,20061,Geary,152.971308,97161.36434361657,4
2007,Soybeans,Non-alluvial,20085,Jackson,0,0,0
2007,Soybeans,Non-alluvial,20131,Nemaha,0,0,0
2007,Soybeans,Non-alluvial,20139,Osage,0,0,0
2007,Soybeans,Non-alluvial,20149,Pottawatomie,204.771116,84579.84960063208,2
2007,Soybeans,Non-alluvial,20161,Riley,48.56232,60255.58776419537,1
2007,Soybeans,Non-alluvial,20177,Shawnee,0,0,0
2007,Soybeans,Non-alluvial,20197,Wabaunsee,72.438794,53952.49557432765,2
2008,Corn,Alluvial,20045,Douglas,327.79566,379924.7407830055,9
2008,Corn,Alluvial,20061,Geary,103.599616,185281.30681800994,2
2008,Corn,Alluvial,20087,Jefferson,539.851124,591232.5143732677,16
2008,Corn,Alluvial,20091,Johnson,106.837104,161216.07616745823,2
2008,Corn,Alluvial,20103,Leavenworth,0,0,0
2008,Corn,Alluvial,20149,Pottawatomie,1837.27444,1421513.8088632408,41
2008,Corn,Alluvial,20161,Riley,233.099136,174759.7067437298,7
2008,Corn,Alluvial,20177,Shawnee,2605.975497,2801397.6057092533,75
2008,Corn,Alluvial,20197,Wabaunsee,1281.842905,809472.4558905468,27
2008,Corn,Alluvial,20209,Wyandotte,61.512271999999996,184652.2310808607,2
2008,Corn,Non-alluvial,20005,Atchison,29.137392,20426.4592297866,2
2008,Corn,Non-alluvial,20061,Geary,52.609179999999995,73774.54870371596,2
2008,Corn,Non-alluvial,20085,Jackson,0,0,0
2008,Corn,Non-alluvial,20131,Nemaha,0,0,0
2008,Corn,Non-alluvial,20139,Osage,0,0,0
2008,Corn,Non-alluvial,20149,Pottawatomie,340.745612,180014.33937168214,5
2008,Corn,Non-alluvial,20161,Riley,19.020242,16466.982531259124,1
2008,Corn,Non-alluvial,20177,Shawnee,0,0,0
2008,Corn,Non-alluvial,20197,Wabaunsee,0,0,0
2008,Soybeans,Alluvial,20045,Douglas,402.257884,259216.20816060712,7
2008,Soybeans,Alluvial,20061,Geary,31.160822,28370.0822635925,1
2008,Soybeans,Alluvial,20087,Jefferson,318.892568,301882.34492137516,11
2008,Soybeans,Alluvial,20091,Johnson,0,0,0
2008,Soybeans,Alluvial,20103,Leavenworth,82.555944,15961.25497786465,2
2008,Soybeans,Alluvial,20149,Pottawatomie,1579.8941439999999,1132990.0722425051,38
2008,Soybeans,Alluvial,20161,Riley,316.86913799999996,162671.5847357643,8
2008,Soybeans,Alluvial,20177,Shawnee,1736.10294,1506204.6718292523,49
2008,Soybeans,Alluvial,20197,Wabaunsee,431.799962,315857.6941407883,11
2008,Soybeans,Alluvial,20209,Wyandotte,93.887152,206706.88633621004,3
2008,Soybeans,Non-alluvial,20005,Atchison,0,0,0
2008,Soybeans,Non-alluvial,20061,Geary,271.13962,223765.94014949197,7
2008,Soybeans,Non-alluvial,20085,Jackson,36.42174,70592.16556284342,1
2008,Soybeans,Non-alluvial,20131,Nemaha,0,0,0
2008,Soybeans,Non-alluvial,20139,Osage,0,0,0
2008,Soybeans,Non-alluvial,20149,Pottawatomie,92.67309399999999,53915.49111920122,2
2008,Soybeans,Non-alluvial,20161,Riley,0,0,0
2008,Soybeans,Non-alluvial,20177,Shawnee,16.592126,30960.39412244225,1
2008,Soybeans,Non-alluvial,20197,Wabaunsee,20.2343,26914.57369528645,1
2009,Corn,Alluvial,20045,Douglas,377.167352,144995.79000370862,12
2009,Corn,Alluvial,20061,Geary,107.646476,177177.33114532288,2
2009,Corn,Alluvial,20087,Jefferson,652.353832,280913.15368306765,16
2009,Corn,Alluvial,20091,Johnson,106.837104,155418.711530985,2
2009,Corn,Alluvial,20103,Leavenworth,0,0,0
2009,Corn,Alluvial,20149,Pottawatomie,1520.405302,666092.5270940254,30
2009,Corn,Alluvial,20161,Riley,353.695564,254960.69582106825,8
2009,Corn,Alluvial,20177,Shawnee,2110.842176,712212.4129999265,57
2009,Corn,Alluvial,20197,Wabaunsee,697.678664,404495.69898695167,17
2009,Corn,Alluvial,20209,Wyandotte,61.512271999999996,152951.74785589,2
2009,Corn,Non-alluvial,20005,Atchison,0,0,0
2009,Corn,Non-alluvial,20061,Geary,191.01179199999999,257464.66395128967,5
2009,Corn,Non-alluvial,20085,Jackson,0,0,0
2009,Corn,Non-alluvial,20131,Nemaha,0,0,0
2009,Corn,Non-alluvial,20139,Osage,0,0,0
2009,Corn,Non-alluvial,20149,Pottawatomie,331.033148,44306.6676047062,6
2009,Corn,Non-alluvial,20161,Riley,79.723142,35203.571643605654,3
2009,Corn,Non-alluvial,20177,Shawnee,0,0,0
2009,Corn,Non-alluvial,20197,Wabaunsee,36.42174,14049.358129666025,1
2009,Soybeans,Alluvial,20045,Douglas,139.211984,42209.74848087545,3
2009,Soybeans,Alluvial,20061,Geary,31.160822,19735.70940076,1
2009,Soybeans,Alluvial,20087,Jefferson,157.82754,59860.873576180165,5
2009,Soybeans,Alluvial,20091,Johnson,0,0,0
2009,Soybeans,Alluvial,20103,Leavenworth,56.65604,2874.012681485675,1
2009,Soybeans,Alluvial,20149,Pottawatomie,1458.89303,475889.62774420093,35
2009,Soybeans,Alluvial,20161,Riley,238.76474,110704.99491988812,7
2009,Soybeans,Alluvial,20177,Shawnee,448.392088,177016.97850644172,11
2009,Soybeans,Alluvial,20197,Wabaunsee,476.92245099999997,145982.57547374663,13
2009,Soybeans,Alluvial,20209,Wyandotte,93.887152,37312.82558581187,3
2009,Soybeans,Non-alluvial,20005,Atchison,0,0,0
2009,Soybeans,Non-alluvial,20061,Geary,43.706088,9843.18506362905,3
2009,Soybeans,Non-alluvial,20085,Jackson,0,0,0
2009,Soybeans,Non-alluvial,20131,Nemaha,0,0,0
2009,Soybeans,Non-alluvial,20139,Osage,0,0,0
2009,Soybeans,Non-alluvial,20149,Pottawatomie,102.385558,9436.136057238375,1
2009,Soybeans,Non-alluvial,20161,Riley,0,0,0
2009,Soybeans,Non-alluvial,20177,Shawnee,0,0,0
2009,Soybeans,Non-alluvial,20197,Wabaunsee,0,0,0
2010,Corn,Alluvial,20045,Douglas,182.1087,251321.9244003031,5
2010,Corn,Alluvial,20061,Geary,146.091646,139519.13064499773,3
2010,Corn,Alluvial,20087,Jefferson,616.741464,699162.1751586739,18
2010,Corn,Alluvial,20091,Johnson,0,0,0
2010,Corn,Alluvial,20103,Leavenworth,64.74976,14530.416046309549,1
2010,Corn,Alluvial,20149,Pottawatomie,2256.12445,1480597.5888817662,50
2010,Corn,Alluvial,20161,Riley,412.77972,427771.50126147293,10
2010,Corn,Alluvial,20177,Shawnee,3159.383602,2729349.931578104,84
2010,Corn,Alluvial,20197,Wabaunsee,883.2271949999999,897580.0635465648,24
2010,Corn,Alluvial,20209,Wyandotte,0,0,0
2010,Corn,Non-alluvial,20005,Atchison,0,0,0
2010,Corn,Non-alluvial,20061,Geary,121.001114,161142.06725720537,3
2010,Corn,Non-alluvial,20085,Jackson,0,0,0
2010,Corn,Non-alluvial,20131,Nemaha,0,0,0
2010,Corn,Non-alluvial,20139,Osage,0,0,0
2010,Corn,Non-alluvial,20149,Pottawatomie,334.270636,222039.06557692547,5
2010,Corn,Non-alluvial,20161,Riley,19.020242,30923.389667315823,2
2010,Corn,Non-alluvial,20177,Shawnee,0,0,0
2010,Corn,Non-alluvial,20197,Wabaunsee,27.113962,16898.701174400747,1
2010,Soybeans,Alluvial,20045,Douglas,535.804264,436467.54821618285,13
2010,Soybeans,Alluvial,20061,Geary,57.870098,66731.36741131975,2
2010,Soybeans,Alluvial,20087,Jefferson,537.827694,470573.3210243712,16
2010,Soybeans,Alluvial,20091,Johnson,53.418552,124334.96922478799,2
2010,Soybeans,Alluvial,20103,Leavenworth,17.806184,10225.564433268773,1
2010,Soybeans,Alluvial,20149,Pottawatomie,1842.940044,1746832.3086980185,49
2010,Soybeans,Alluvial,20161,Riley,436.65619399999997,545815.7131147687,13
2010,Soybeans,Alluvial,20177,Shawnee,1682.279702,1894628.1024729598,54
2010,Soybeans,Alluvial,20197,Wabaunsee,568.58383,639609.6720418807,15
2010,Soybeans,Alluvial,20209,Wyandotte,93.887152,82643.2831156825,3
2010,Soybeans,Non-alluvial,20005,Atchison,0,0,0
2010,Soybeans,Non-alluvial,20061,Geary,187.774304,183406.41442493777,5
2010,Soybeans,Non-alluvial,20085,Jackson,0,0,0
2010,Soybeans,Non-alluvial,20131,Nemaha,0,0,0
2010,Soybeans,Non-alluvial,20139,Osage,0,0,0
2010,Soybeans,Non-alluvial,20149,Pottawatomie,92.67309399999999,93892.6374741157,2
2010,Soybeans,Non-alluvial,20161,Riley,0,0,0
2010,Soybeans,Non-alluvial,20177,Shawnee,16.592126,21684.610704085047,1
2010,Soybeans,Non-alluvial,20197,Wabaunsee,0,0,0
2011,Corn,Alluvial,20045,Douglas,679.063108,1158177.771365225,16
2011,Corn,Alluvial,20061,Geary,154.99473799999998,355649.8182200707,4
2011,Corn,Alluvial,20087,Jefferson,765.665912,1269696.8642978945,21
2011,Corn,Alluvial,20091,Johnson,106.837104,161721.8037208527,2
2011,Corn,Alluvial,20103,Leavenworth,19.829614,12260.809465222148,1
2011,Corn,Alluvial,20149,Pottawatomie,2257.743194,4600319.852406903,56
2011,Corn,Alluvial,20161,Riley,706.17707,1655184.6081682392,20
2011,Corn,Alluvial,20177,Shawnee,3403.40926,6542288.987804936,104
2011,Corn,Alluvial,20197,Wabaunsee,760.404994,1603958.1074548915,22
2011,Corn,Alluvial,20209,Wyandotte,0,0,0
2011,Corn,Non-alluvial,20005,Atchison,55.846667999999994,21240.55724256795,3
2011,Corn,Non-alluvial,20061,Geary,243.620972,347743.19964139117,4
2011,Corn,Non-alluvial,20085,Jackson,0,0,0
2011,Corn,Non-alluvial,20131,Nemaha,0,0,0
2011,Corn,Non-alluvial,20139,Osage,0,0,0
2011,Corn,Non-alluvial,20149,Pottawatomie,247.667832,472596.2312379491,5
2011,Corn,Non-alluvial,20161,Riley,0,0,0
2011,Corn,Non-alluvial,20177,Shawnee,16.592126,31688.148406595275,1
2011,Corn,Non-alluvial,20197,Wabaunsee,60.7029,129589.60185274035,1
2011,Soybeans,Alluvial,20045,Douglas,243.620972,344708.83432102436,6
2011,Soybeans,Alluvial,20061,Geary,0,0,0
2011,Soybeans,Alluvial,20087,Jefferson,471.863876,801195.7927606031,14
2011,Soybeans,Alluvial,20091,Johnson,0,0,0
2011,Soybeans,Alluvial,20103,Leavenworth,0,0,0
2011,Soybeans,Alluvial,20149,Pottawatomie,1976.486424,3787196.2902772157,49
2011,Soybeans,Alluvial,20161,Riley,357.337738,730973.671749024,9
2011,Soybeans,Alluvial,20177,Shawnee,1567.7535639999999,2174702.488506495,46
2011,Soybeans,Alluvial,20197,Wabaunsee,851.257001,1851049.1891524068,24
2011,Soybeans,Alluvial,20209,Wyandotte,93.887152,158502.41612485374,3
2011,Soybeans,Non-alluvial,20005,Atchison,0,0,0
2011,Soybeans,Non-alluvial,20061,Geary,270.734934,474236.76208188734,8
2011,Soybeans,Non-alluvial,20085,Jackson,0,0,0
2011,Soybeans,Non-alluvial,20131,Nemaha,0,0,0
2011,Soybeans,Non-alluvial,20139,Osage,0,0,0
2011,Soybeans,Non-alluvial,20149,Pottawatomie,220.55387000000002,350247.16777161264,3
2011,Soybeans,Non-alluvial,20161,Riley,19.020242,29492.550735760724,1
2011,Soybeans,Non-alluvial,20177,Shawnee,0,0,0
2011,Soybeans,Non-alluvial,20197,Wabaunsee,34.802996,70037.09873594705,1
2012,Corn,Alluvial,20045,Douglas,470.649818,1218087.984214907,12
2012,Corn,Alluvial,20061,Geary,112.502708,360731.76339076634,2
2012,Corn,Alluvial,20087,Jefferson,944.132438,2343948.531436388,25
2012,Corn,Alluvial,20091,Johnson,0,0,0
2012,Corn,Alluvial,20103,Leavenworth,0,0,0
2012,Corn,Alluvial,20149,Pottawatomie,2262.5994259999998,5079490.54183898,56
2012,Corn,Alluvial,20161,Riley,329.81909,775095.317078098,10
2012,Corn,Alluvial,20177,Shawnee,3527.243176,8245813.749186662,100
2012,Corn,Alluvial,20197,Wabaunsee,978.733091,3032502.7627921533,28
2012,Corn,Alluvial,20209,Wyandotte,0,0,0
2012,Corn,Non-alluvial,20005,Atchison,32.374880000000005,95693.52095693504,2
2012,Corn,Non-alluvial,20061,Geary,228.24290399999998,678365.6713776231,8
2012,Corn,Non-alluvial,20085,Jackson,0,0,0
2012,Corn,Non-alluvial,20131,Nemaha,0,0,0
2012,Corn,Non-alluvial,20139,Osage,0,0,0
2012,Corn,Non-alluvial,20149,Pottawatomie,294.206722,378703.59376383346,4
2012,Corn,Non-alluvial,20161,Riley,49.776377999999994,90438.88832898269,2
2012,Corn,Non-alluvial,20177,Shawnee,16.592126,43726.93114105888,1
2012,Corn,Non-alluvial,20197,Wabaunsee,87.816862,238432.03919793174,2
2012,Soybeans,Alluvial,20045,Douglas,407.518802,806635.4476641875,10
2012,Soybeans,Alluvial,20061,Geary,88.626234,291101.71366121,2
2012,Soybeans,Alluvial,20087,Jefferson,249.691262,496513.4440679951,8
2012,Soybeans,Alluvial,20091,Johnson,114.930824,159119.15704362746,2
2012,Soybeans,Alluvial,20103,Leavenworth,17.806184,14481.07677280765,1
2012,Soybeans,Alluvial,20149,Pottawatomie,1826.752604,3997208.907938053,45
2012,Soybeans,Alluvial,20161,Riley,488.45600199999996,996455.9676443724,12
2012,Soybeans,Alluvial,20177,Shawnee,1371.88554,2920342.259303959,45
2012,Soybeans,Alluvial,20197,Wabaunsee,602.577454,1231680.9540646805,16
2012,Soybeans,Alluvial,20209,Wyandotte,93.887152,205892.7883234287,3
2012,Soybeans,Non-alluvial,20005,Atchison,56.65604,137360.5374292896,3
2012,Soybeans,Non-alluvial,20061,Geary,138.402612,218523.6423399151,2
2012,Soybeans,Non-alluvial,20085,Jackson,0,0,0
2012,Soybeans,Non-alluvial,20131,Nemaha,0,0,0
2012,Soybeans,Non-alluvial,20139,Osage,0,0,0
2012,Soybeans,Non-alluvial,20149,Pottawatomie,112.907394,254997.70027619466,3
2012,Soybeans,Non-alluvial,20161,Riley,0,0,0
2012,Soybeans,Non-alluvial,20177,Shawnee,0,0,0
2012,Soybeans,Non-alluvial,20197,Wabaunsee,0,0,0
2013,Corn,Alluvial,20045,Douglas,665.303784,1253575.2566811487,15
2013,Corn,Alluvial,20061,Geary,146.091646,234139.52240326643,3
2013,Corn,Alluvial,20087,Jefferson,848.626542,1336637.9236215972,27
2013,Corn,Alluvial,20091,Johnson,106.837104,158564.09021673113,2
2013,Corn,Alluvial,20103,Leavenworth,78.509084,37103.1336734288,2
2013,Corn,Alluvial,20149,Pottawatomie,2764.00538,4285633.966011785,67
2013,Corn,Alluvial,20161,Riley,571.4166319999999,847007.3082071173,14
2013,Corn,Alluvial,20177,Shawnee,3894.293378,5476178.300794256,113
2013,Corn,Alluvial,20197,Wabaunsee,957.08239,1645020.7178268477,26
2013,Corn,Alluvial,20209,Wyandotte,26.30459,78942.83760304,1
2013,Corn,Non-alluvial,20005,Atchison,113.31208,104290.88936464113,4
2013,Corn,Non-alluvial,20061,Geary,277.20991,340033.9381567193,6
2013,Corn,Non-alluvial,20085,Jackson,0,0,0
2013,Corn,Non-alluvial,20131,Nemaha,84.98406,64141.05555247,2
2013,Corn,Non-alluvial,20139,Osage,47.348262,36696.08466703812,1
2013,Corn,Non-alluvial,20149,Pottawatomie,205.985174,230574.75989275417,4
2013,Corn,Non-alluvial,20161,Riley,48.56232,44319.00242308167,2
2013,Corn,Non-alluvial,20177,Shawnee,18.21087,27494.31015893377,1
2013,Corn,Non-alluvial,20197,Wabaunsee,0,0,0
2013,Soybeans,Alluvial,20045,Douglas,242.002228,362483.3076000838,6
2013,Soybeans,Alluvial,20061,Geary,66.77319,88452.98257053123,2
2013,Soybeans,Alluvial,20087,Jefferson,429.371846,561875.6466396372,12
2013,Soybeans,Alluvial,20091,Johnson,0,0,0
2013,Soybeans,Alluvial,20103,Leavenworth,0,0,0
2013,Soybeans,Alluvial,20149,Pottawatomie,1652.7376239999999,1972793.846518345,41
2013,Soybeans,Alluvial,20161,Riley,333.46126399999997,700568.344453478,7
2013,Soybeans,Alluvial,20177,Shawnee,1189.77684,1542728.0690390337,40
2013,Soybeans,Alluvial,20197,Wabaunsee,851.257001,1477094.5004631311,22
2013,Soybeans,Alluvial,20209,Wyandotte,82.555944,90969.28551912811,3
2013,Soybeans,Non-alluvial,20005,Atchison,0,0,0
2013,Soybeans,Non-alluvial,20061,Geary,140.426042,194359.73314235956,5
2013,Soybeans,Non-alluvial,20085,Jackson,0,0,0
2013,Soybeans,Non-alluvial,20131,Nemaha,0,0,0
2013,Soybeans,Non-alluvial,20139,Osage,0,0,0
2013,Soybeans,Non-alluvial,20149,Pottawatomie,225.005416,271452.3479890783,3
2013,Soybeans,Non-alluvial,20161,Riley,0,0,0
2013,Soybeans,Non-alluvial,20177,Shawnee,0,0,0
2013,Soybeans,Non-alluvial,20197,Wabaunsee,0,0,0
2014,Corn,Alluvial,20045,Douglas,312.822278,523600.70522053825,8
2014,Corn,Alluvial,20061,Geary,116.549568,255762.45901547413,2
2014,Corn,Alluvial,20087,Jefferson,910.948186,1239772.5949189921,24
2014,Corn,Alluvial,20091,Johnson,0,0,0
2014,Corn,Alluvial,20103,Leavenworth,0,0,0
2014,Corn,Alluvial,20149,Pottawatomie,2437.019092,4271226.89814923,61
2014,Corn,Alluvial,20161,Riley,579.510352,939197.7407454174,16
2014,Corn,Alluvial,20177,Shawnee,3294.953412,4723236.317518511,93
2014,Corn,Alluvial,20197,Wabaunsee,1079.095219,2198052.299691269,28
2014,Corn,Alluvial,20209,Wyandotte,0,0,0
2014,Corn,Non-alluvial,20005,Atchison,56.656040000000004,17922.491099565173,2
2014,Corn,Non-alluvial,20061,Geary,264.664644,575776.9869487975,9
2014,Corn,Non-alluvial,20085,Jackson,0,0,0
2014,Corn,Non-alluvial,20131,Nemaha,100.362128,122114.70191720249,3
2014,Corn,Non-alluvial,20139,Osage,47.348262,54174.5223050862,1
2014,Corn,Non-alluvial,20149,Pottawatomie,336.294066,425575.9035906384,5
2014,Corn,Non-alluvial,20161,Riley,101.98087199999999,111605.43666129779,2
2014,Corn,Non-alluvial,20177,Shawnee,0,0,0
2014,Corn,Non-alluvial,20197,Wabaunsee,27.113962,63474.975360194345,1
2014,Soybeans,Alluvial,20045,Douglas,631.512503,650365.6336652949,13
2014,Soybeans,Alluvial,20061,Geary,31.160822,51806.237176995,1
2014,Soybeans,Alluvial,20087,Jefferson,559.276052,662873.1394980265,18
2014,Soybeans,Alluvial,20091,Johnson,53.418552,135115.60048495315,2
2014,Soybeans,Alluvial,20103,Leavenworth,82.555944,35425.5983743642,2
2014,Soybeans,Alluvial,20149,Pottawatomie,2143.621742,3154420.107615348,52
2014,Soybeans,Alluvial,20161,Riley,368.26426,645456.3759518558,8
2014,Soybeans,Alluvial,20177,Shawnee,2057.018938,2322448.943007935,66
2014,Soybeans,Alluvial,20197,Wabaunsee,879.787364,1261222.8440739433,25
2014,Soybeans,Alluvial,20209,Wyandotte,0,0,0
2014,Soybeans,Non-alluvial,20005,Atchison,0,0,0
2014,Soybeans,Non-alluvial,20061,Geary,130.30889200000001,113936.71733426256,2
2014,Soybeans,Non-alluvial,20085,Jackson,0,0,0
2014,Soybeans,Non-alluvial,20131,Nemaha,0,0,0
2014,Soybeans,Non-alluvial,20139,Osage,0,0,0
2014,Soybeans,Non-alluvial,20149,Pottawatomie,92.67309399999999,146994.0305805356,2
2014,Soybeans,Non-alluvial,20161,Riley,32.37488,132266.2574402184,1
2014,Soybeans,Non-alluvial,20177,Shawnee,18.21087,40063.49008354279,1
2014,Soybeans,Non-alluvial,20197,Wabaunsee,0,0,0
2015,Corn,Alluvial,20045,Douglas,468.62638799999996,311145.7935213569,11
2015,Corn,Alluvial,20061,Geary,147.71039,171676.00214986104,3
2015,Corn,Alluvial,20087,Jefferson,893.142002,439440.2394446723,27
2015,Corn,Alluvial,20091,Johnson,106.837104,68680.2687146448,2
2015,Corn,Alluvial,20103,Leavenworth,17.806184,7154.1946577755,1
2015,Corn,Alluvial,20149,Pottawatomie,1785.474632,1140909.02563956,44
2015,Corn,Alluvial,20161,Riley,177.252468,185996.72628378752,5
2015,Corn,Alluvial,20177,Shawnee,2134.313964,650525.986304176,58
2015,Corn,Alluvial,20197,Wabaunsee,955.868332,576899.4554209657,19
2015,Corn,Alluvial,20209,Wyandotte,0,0,0
2015,Corn,Non-alluvial,20005,Atchison,0,0,0
2015,Corn,Non-alluvial,20061,Geary,148.519762,182962.36096342068,5
2015,Corn,Non-alluvial,20085,Jackson,0,0,0
2015,Corn,Non-alluvial,20131,Nemaha,139.211984,151718.2660183425,3
2015,Corn,Non-alluvial,20139,Osage,47.752947999999996,42357.766301381154,1
2015,Corn,Non-alluvial,20149,Pottawatomie,92.67309399999999,76562.21765657331,2
2015,Corn,Non-alluvial,20161,Riley,152.566622,148424.86951209066,3
2015,Corn,Non-alluvial,20177,Shawnee,0,0,0
2015,Corn,Non-alluvial,20197,Wabaunsee,0,0,0
2015,Soybeans,Alluvial,20045,Douglas,200.31957,149572.00762100983,5
2015,Soybeans,Alluvial,20061,Geary,57.465412,35770.973288877496,1
2015,Soybeans,Alluvial,20087,Jefferson,558.46668,238345.6954693034,14
2015,Soybeans,Alluvial,20091,Johnson,0,0,0
2015,Soybeans,Alluvial,20103,Leavenworth,0,0,0
2015,Soybeans,Alluvial,20149,Pottawatomie,2133.909278,1619845.3535225033,53
2015,Soybeans,Alluvial,20161,Riley,629.2867299999999,374361.7376956662,16
2015,Soybeans,Alluvial,20177,Shawnee,1083.749108,576628.0894167053,32
2015,Soybeans,Alluvial,20197,Wabaunsee,791.363473,615532.1065729534,21
2015,Soybeans,Alluvial,20209,Wyandotte,0,0,0
2015,Soybeans,Non-alluvial,20005,Atchison,0,0,0
2015,Soybeans,Non-alluvial,20061,Geary,181.704014,188611.70777938823,5
2015,Soybeans,Non-alluvial,20085,Jackson,0,0,0
2015,Soybeans,Non-alluvial,20131,Nemaha,1.214058,1233.4818375475,1
2015,Soybeans,Non-alluvial,20139,Osage,0,0,0
2015,Soybeans,Non-alluvial,20149,Pottawatomie,224.60073,39483.75361989548,3
2015,Soybeans,Non-alluvial,20161,Riley,0,0,0
2015,Soybeans,Non-alluvial,20177,Shawnee,0,0,0
2015,Soybeans,Non-alluvial,20197,Wabaunsee,27.113962,47464.381108827794,1
2016,Corn,Alluvial,20045,Douglas,726.816056,1255129.4437964587,14
2016,Corn,Alluvial,20061,Geary,88.626234,82643.28311568248,2
2016,Corn,Alluvial,20087,Jefferson,1024.664952,1239217.5280920959,31
2016,Corn,Alluvial,20091,Johnson,0,0,0
2016,Corn,Alluvial,20103,Leavenworth,51.799808,63437.97090506792,2
2016,Corn,Alluvial,20149,Pottawatomie,2554.378032,2664727.8181089903,64
2016,Corn,Alluvial,20161,Riley,270.330248,318633.0282752702,6
2016,Corn,Alluvial,20177,Shawnee,3631.247478,3750228.8396059168,113
2016,Corn,Alluvial,20197,Wabaunsee,1289.936625,1482608.1642769685,27
2016,Corn,Alluvial,20209,Wyandotte,0,0,0
2016,Corn,Non-alluvial,20005,Atchison,60.7029,79325.21697267971,3
2016,Corn,Non-alluvial,20061,Geary,292.587978,387004.9265305281,9
2016,Corn,Non-alluvial,20085,Jackson,0,0,0
2016,Corn,Non-alluvial,20131,Nemaha,86.198118,191189.68481986248,3
2016,Corn,Non-alluvial,20139,Osage,46.943576,36696.08466703812,1
2016,Corn,Non-alluvial,20149,Pottawatomie,253.333436,244981.82775530897,4
2016,Corn,Non-alluvial,20161,Riley,32.37488,92412.4592690587,1
2016,Corn,Non-alluvial,20177,Shawnee,0,0,0
2016,Corn,Non-alluvial,20197,Wabaunsee,0,0,0
2016,Soybeans,Alluvial,20045,Douglas,268.711504,222754.48504270302,9
2016,Soybeans,Alluvial,20061,Geary,59.084156,58319.0212792458,1
2016,Soybeans,Alluvial,20087,Jefferson,615.12272,444941.5684401342,17
2016,Soybeans,Alluvial,20091,Johnson,45.324832,8363.00685857205,1
2016,Soybeans,Alluvial,20103,Leavenworth,0,0,0
2016,Soybeans,Alluvial,20149,Pottawatomie,1876.933668,1148655.2915793583,46
2016,Soybeans,Alluvial,20161,Riley,211.24609199999998,133450.40000426403,6
2016,Soybeans,Alluvial,20177,Shawnee,1690.778108,767053.0154972883,47
2016,Soybeans,Alluvial,20197,Wabaunsee,871.693644,553598.9835096934,25
2016,Soybeans,Alluvial,20209,Wyandotte,0,0,0
2016,Soybeans,Non-alluvial,20005,Atchison,55.846667999999994,17737.46882393305,3
2016,Soybeans,Non-alluvial,20061,Geary,133.54638,22683.730992498524,2
2016,Soybeans,Non-alluvial,20085,Jackson,0,0,0
2016,Soybeans,Non-alluvial,20131,Nemaha,54.227924,56740.164527185,1
2016,Soybeans,Non-alluvial,20139,Osage,48.56232,27963.033257201827,1
2016,Soybeans,Non-alluvial,20149,Pottawatomie,149.329134,6821.154561637675,3
2016,Soybeans,Non-alluvial,20161,Riley,59.893527999999996,1517.1826601834248,1
2016,Soybeans,Non-alluvial,20177,Shawnee,12.14058,12137.461281467398,1
2016,Soybeans,Non-alluvial,20197,Wabaunsee,0,0,0
2017,Corn,Alluvial,20045,Douglas,442.928827,409232.26924313407,10
2017,Corn,Alluvial,20061,Geary,205.175802,458670.22129203787,4
2017,Corn,Alluvial,20087,Jefferson,706.17707,582906.511969822,22
2017,Corn,Alluvial,20091,Johnson,50.181064,39829.12853440877,2
2017,Corn,Alluvial,20103,Leavenworth,144.06821599999998,59873.208394555644,3
2017,Corn,Alluvial,20149,Pottawatomie,2191.779376,3610722.0437792945,62
2017,Corn,Alluvial,20161,Riley,360.372883,510303.7710117762,9
2017,Corn,Alluvial,20177,Shawnee,3124.580606,2649444.978141777,91
2017,Corn,Alluvial,20197,Wabaunsee,1030.330556,1292947.996935665,28
2017,Corn,Alluvial,20209,Wyandotte,0,0,0
2017,Corn,Non-alluvial,20005,Atchison,89.03092,46884.64464518047,5
2017,Corn,Non-alluvial,20061,Geary,242.8116,371093.0108261653,5
2017,Corn,Non-alluvial,20085,Jackson,36.42174,56764.83416393595,1
2017,Corn,Non-alluvial,20131,Nemaha,54.227924,96211.58332870499,1
2017,Corn,Non-alluvial,20139,Osage,48.56232,31046.737851070575,1
2017,Corn,Non-alluvial,20149,Pottawatomie,138.807298,303880.58549820207,4
2017,Corn,Non-alluvial,20161,Riley,30.756135999999998,178904.2057178894,2
2017,Corn,Non-alluvial,20177,Shawnee,0,0,0
2017,Corn,Non-alluvial,20197,Wabaunsee,60.7029,71048.553842736,1
2017,Soybeans,Alluvial,20045,Douglas,456.081122,348754.6547481801,11
2017,Soybeans,Alluvial,20061,Geary,0,0,0
2017,Soybeans,Alluvial,20087,Jefferson,744.217554,639276.6319457428,22
2017,Soybeans,Alluvial,20091,Johnson,0,0,0
2017,Soybeans,Alluvial,20103,Leavenworth,0,0,0
2017,Soybeans,Alluvial,20149,Pottawatomie,2369.841216,2841966.8233461906,59
2017,Soybeans,Alluvial,20161,Riley,669.75533,958797.7671440472,18
2017,Soybeans,Alluvial,20177,Shawnee,2067.540774,1822432.4105213047,65
2017,Soybeans,Alluvial,20197,Wabaunsee,1402.034647,1947791.1696712573,28
2017,Soybeans,Alluvial,20209,Wyandotte,0,0,0
2017,Soybeans,Non-alluvial,20005,Atchison,0,0,0
2017,Soybeans,Non-alluvial,20061,Geary,119.78705599999999,136053.04668148924,4
2017,Soybeans,Non-alluvial,20085,Jackson,0,0,0
2017,Soybeans,Non-alluvial,20131,Nemaha,91.05435,96211.58332870499,3
2017,Soybeans,Non-alluvial,20139,Osage,46.943576,4835.248803186199,1
2017,Soybeans,Non-alluvial,20149,Pottawatomie,233.503822,108657.41506955927,3
2017,Soybeans,Non-alluvial,20161,Riley,0,0,0
2017,Soybeans,Non-alluvial,20177,Shawnee,12.14058,17379.759091044274,1
2017,Soybeans,Non-alluvial,20197,Wabaunsee,27.113962,75513.75809465794,1
2018,Corn,Alluvial,20045,Douglas,427.348416,820092.7345118308,10
2018,Corn,Alluvial,20061,Geary,0,0,0
2018,Corn,Alluvial,20087,Jefferson,911.150529,1828895.8553500536,30
2018,Corn,Alluvial,20091,Johnson,53.418552,63931.36364008692,2
2018,Corn,Alluvial,20103,Leavenworth,64.74976,4107.494519033175,1
2018,Corn,Alluvial,20149,Pottawatomie,2542.642138,5057670.248132765,66
2018,Corn,Alluvial,20161,Riley,642.236682,1154785.6963119693,17
2018,Corn,Alluvial,20177,Shawnee,3453.185638,5705827.94930885,105
2018,Corn,Alluvial,20197,Wabaunsee,1187.75341,2870102.5440606494,31
2018,Corn,Alluvial,20209,Wyandotte,0,0,0
2018,Corn,Non-alluvial,20005,Atchison,44.920146,36215.026750394594,2
2018,Corn,Non-alluvial,20061,Geary,112.907394,309332.575220162,4
2018,Corn,Non-alluvial,20085,Jackson,36.42174,87675.88901287629,1
2018,Corn,Non-alluvial,20131,Nemaha,120.19174199999999,212158.87605817,3
2018,Corn,Non-alluvial,20139,Osage,46.943576,42962.17240177942,1
2018,Corn,Non-alluvial,20149,Pottawatomie,136.379182,291212.7270265893,3
2018,Corn,Non-alluvial,20161,Riley,0,0,0
2018,Corn,Non-alluvial,20177,Shawnee,0,0,0
2018,Corn,Non-alluvial,20197,Wabaunsee,0,0,0
2018,Soybeans,Alluvial,20045,Douglas,484.813828,556534.6702830564,9
2018,Soybeans,Alluvial,20061,Geary,205.175802,299538.7294300349,4
2018,Soybeans,Alluvial,20087,Jefferson,568.58383,680154.2200420669,18
2018,Soybeans,Alluvial,20091,Johnson,0,0,0
2018,Soybeans,Alluvial,20103,Leavenworth,52.204494,140653.93393554143,3
2018,Soybeans,Alluvial,20149,Pottawatomie,2169.3193029999998,3078079.9166895333,53
2018,Soybeans,Alluvial,20161,Riley,394.16416399999997,450418.22779884504,10
2018,Soybeans,Alluvial,20177,Shawnee,1857.50874,2270975.7459270777,59
2018,Soybeans,Alluvial,20197,Wabaunsee,939.680892,1543270.8010475545,26
2018,Soybeans,Alluvial,20209,Wyandotte,93.887152,56838.84307418879,2
2018,Soybeans,Non-alluvial,20005,Atchison,57.060726,45244.113801242296,3
2018,Soybeans,Non-alluvial,20061,Geary,293.802036,172157.06006650458,7
2018,Soybeans,Non-alluvial,20085,Jackson,0,0,0
2018,Soybeans,Non-alluvial,20131,Nemaha,89.435606,115947.292729465,2
2018,Soybeans,Non-alluvial,20139,Osage,48.56232,3910.137425025575,1
2018,Soybeans,Non-alluvial,20149,Pottawatomie,150.138506,166507.71325053702,4
2018,Soybeans,Non-alluvial,20161,Riley,19.424928,20858.177872928223,1
2018,Soybeans,Non-alluvial,20177,Shawnee,0,0,0
2018,Soybeans,Non-alluvial,20197,Wabaunsee,0,0,0
2019,Corn,Alluvial,20045,Douglas,553.610448,327057.7092257196,11
2019,Corn,Alluvial,20061,Geary,205.175802,188710.386326392,4
2019,Corn,Alluvial,20087,Jefferson,1182.897178,930082.3099659414,36
2019,Corn,Alluvial,20091,Johnson,53.418552,37473.178224693045,2
2019,Corn,Alluvial,20103,Leavenworth,17.806184,7400.891025285,1
2019,Corn,Alluvial,20149,Pottawatomie,1942.4928,1739887.805952626,47
2019,Corn,Alluvial,20161,Riley,311.60821999999996,241367.7259712948,8
2019,Corn,Alluvial,20177,Shawnee,3269.86288,2035676.7505965165,96
2019,Corn,Alluvial,20197,Wabaunsee,946.560554,834129.7578231214,24
2019,Corn,Alluvial,20209,Wyandotte,0,0,0
2019,Corn,Non-alluvial,20005,Atchison,0,0,0
2019,Corn,Non-alluvial,20061,Geary,236.74131,207015.2567955969,6
2019,Corn,Non-alluvial,20085,Jackson,0,0,0
2019,Corn,Non-alluvial,20131,Nemaha,174.419666,100269.73857423627,4
2019,Corn,Non-alluvial,20139,Osage,48.56232,12026.447916088124,1
2019,Corn,Non-alluvial,20149,Pottawatomie,123.42922999999999,157108.58164842505,3
2019,Corn,Non-alluvial,20161,Riley,66.368504,62747.22107604132,3
2019,Corn,Non-alluvial,20177,Shawnee,0,0,0
2019,Corn,Non-alluvial,20197,Wabaunsee,0,0,0
2019,Soybeans,Alluvial,20045,Douglas,313.226964,183443.4188800642,6
2019,Soybeans,Alluvial,20061,Geary,0,0,0
2019,Soybeans,Alluvial,20087,Jefferson,279.030997,82569.27420542964,9
2019,Soybeans,Alluvial,20091,Johnson,0,0,0
2019,Soybeans,Alluvial,20103,Leavenworth,0,0,0
2019,Soybeans,Alluvial,20149,Pottawatomie,1742.982602,852027.5792859356,45
2019,Soybeans,Alluvial,20161,Riley,496.549722,168444.27973548658,12
2019,Soybeans,Alluvial,20177,Shawnee,945.346496,258291.0967824465,27
2019,Soybeans,Alluvial,20197,Wabaunsee,1166.709738,816922.6861893338,23
2019,Soybeans,Alluvial,20209,Wyandotte,0,0,0
2019,Soybeans,Non-alluvial,20005,Atchison,0,0,0
2019,Soybeans,Non-alluvial,20061,Geary,157.018168,42925.167946653,5
2019,Soybeans,Non-alluvial,20085,Jackson,50.58575,22881.088086506126,1
2019,Soybeans,Non-alluvial,20131,Nemaha,11.331208,9867.85470038,1
2019,Soybeans,Non-alluvial,20139,Osage,0,0,0
2019,Soybeans,Non-alluvial,20149,Pottawatomie,135.974496,6673.136741131975,3
2019,Soybeans,Non-alluvial,20161,Riley,0,0,0
2019,Soybeans,Non-alluvial,20177,Shawnee,0,0,0
2019,Soybeans,Non-alluvial,20197,Wabaunsee,27.113962,35363.92428248683,1
2020,Corn,Alluvial,20045,Douglas,524.06837,456055.23979643715,11
2020,Corn,Alluvial,20061,Geary,66.77319,122891.79547485743,2
2020,Corn,Alluvial,20087,Jefferson,839.318764,632073.0980144654,26
2020,Corn,Alluvial,20091,Johnson,0,0,0
2020,Corn,Alluvial,20103,Leavenworth,111.28864999999999,134449.52029267748,3
2020,Corn,Alluvial,20149,Pottawatomie,2424.473826,2426530.1404601927,62
2020,Corn,Alluvial,20161,Riley,519.616824,456745.9896254637,12
2020,Corn,Alluvial,20177,Shawnee,3667.2645319999997,2293795.159921706,109
2020,Corn,Alluvial,20197,Wabaunsee,1264.036721,1629466.5118553739,32
2020,Corn,Alluvial,20209,Wyandotte,0,0,0
2020,Corn,Non-alluvial,20005,Atchison,41.075629,9226.444144855299,2
2020,Corn,Non-alluvial,20061,Geary,257.380296,381528.2671718172,9
2020,Corn,Non-alluvial,20085,Jackson,36.017054,12297.813920348575,1
2020,Corn,Non-alluvial,20131,Nemaha,178.06184,98678.54700379999,5
2020,Corn,Non-alluvial,20139,Osage,46.943576,30220.305019913747,1
2020,Corn,Non-alluvial,20149,Pottawatomie,138.402612,129059.20466259492,3
2020,Corn,Non-alluvial,20161,Riley,28.32802,19859.05758451475,1
2020,Corn,Non-alluvial,20177,Shawnee,0,0,0
2020,Corn,Non-alluvial,20197,Wabaunsee,0,0,0
2020,Soybeans,Alluvial,20045,Douglas,230.266334,196370.308537562,6
2020,Soybeans,Alluvial,20061,Geary,136.37918200000001,104833.62137316202,3
2020,Soybeans,Alluvial,20087,Jefferson,702.534896,487422.68292527006,21
2020,Soybeans,Alluvial,20091,Johnson,53.418552,20697.82523404705,2
2020,Soybeans,Alluvial,20103,Leavenworth,0,0,0
2020,Soybeans,Alluvial,20149,Pottawatomie,2109.223432,1572146.6108645415,50
2020,Soybeans,Alluvial,20161,Riley,331.84252,344079.7585838751,10
2020,Soybeans,Alluvial,20177,Shawnee,1421.864261,685655.5490375288,41
2020,Soybeans,Alluvial,20197,Wabaunsee,807.34857,675355.9756940072,20
2020,Soybeans,Alluvial,20209,Wyandotte,93.887152,39989.481173289954,2
2020,Soybeans,Non-alluvial,20005,Atchison,56.65604,5365.645993331625,2
2020,Soybeans,Non-alluvial,20061,Geary,131.52295,211665.483323151,3
2020,Soybeans,Non-alluvial,20085,Jackson,0,0,0
2020,Soybeans,Non-alluvial,20131,Nemaha,0,0,0
2020,Soybeans,Non-alluvial,20139,Osage,48.56232,9867.85470038,1
2020,Soybeans,Non-alluvial,20149,Pottawatomie,125.45266000000001,49524.29577753212,3
2020,Soybeans,Non-alluvial,20161,Riley,23.876473999999998,8794.725501713674,1
2020,Soybeans,Non-alluvial,20177,Shawnee,0,0,0
2020,Soybeans,Non-alluvial,20197,Wabaunsee,0,0,0
2021,Corn,Alluvial,20045,Douglas,432.609334,405803.189734752,8
2021,Corn,Alluvial,20061,Geary,150.138506,314192.49366009916,3
2021,Corn,Alluvial,20087,Jefferson,1230.650126,998034.8243964332,35
2021,Corn,Alluvial,20091,Johnson,53.418552,41025.60591682985,2
2021,Corn,Alluvial,20103,Leavenworth,17.806184,11101.3365379275,1
2021,Corn,Alluvial,20149,Pottawatomie,2546.2843119999998,3804452.701184505,59
2021,Corn,Alluvial,20161,Riley,471.054504,726533.1371338529,13
2021,Corn,Alluvial,20177,Shawnee,3149.4687949999998,4004054.7321364414,97
2021,Corn,Alluvial,20197,Wabaunsee,948.98867,1338549.820469796,22
2021,Corn,Alluvial,20209,Wyandotte,0,0,0
2021,Corn,Non-alluvial,20005,Atchison,0,0,0
2021,Corn,Non-alluvial,20061,Geary,137.188554,234990.62487117422,4
2021,Corn,Non-alluvial,20085,Jackson,36.42174,61970.1275183864,1
2021,Corn,Non-alluvial,20131,Nemaha,120.19174199999999,104845.9561915375,3
2021,Corn,Non-alluvial,20139,Osage,0,0,0
2021,Corn,Non-alluvial,20149,Pottawatomie,143.66352999999998,199244.32121904765,4
2021,Corn,Non-alluvial,20161,Riley,22.662416,26063.47122737867,1
2021,Corn,Non-alluvial,20177,Shawnee,0,0,0
2021,Corn,Non-alluvial,20197,Wabaunsee,0,0,0
2021,Soybeans,Alluvial,20045,Douglas,303.91918599999997,212516.58579105875,9
2021,Soybeans,Alluvial,20061,Geary,66.77319,137039.83215152725,2
2021,Soybeans,Alluvial,20087,Jefferson,566.965086,288856.7767168735,15
2021,Soybeans,Alluvial,20091,Johnson,0,0,0
2021,Soybeans,Alluvial,20103,Leavenworth,0,0,0
2021,Soybeans,Alluvial,20149,Pottawatomie,1926.30536,2354815.5064251814,50
2021,Soybeans,Alluvial,20161,Riley,395.378222,421135.36897546746,10
2021,Soybeans,Alluvial,20177,Shawnee,2180.043482,2096672.4274632405,66
2021,Soybeans,Alluvial,20197,Wabaunsee,1450.192281,1647500.0163203182,32
2021,Soybeans,Alluvial,20209,Wyandotte,48.157634,18810.598022599374,1
2021,Soybeans,Non-alluvial,20005,Atchison,97.731669,48007.113117348694,5
2021,Soybeans,Non-alluvial,20061,Geary,165.92126,265321.94325646723,6
2021,Soybeans,Non-alluvial,20085,Jackson,0,0,0
2021,Soybeans,Non-alluvial,20131,Nemaha,55.846668,54273.20085209,2
2021,Soybeans,Non-alluvial,20139,Osage,46.943576,12026.447916088124,1
2021,Soybeans,Non-alluvial,20149,Pottawatomie,139.211984,62710.21662091489,3
2021,Soybeans,Non-alluvial,20161,Riley,44.51546,48956.89413226027,1
2021,Soybeans,Non-alluvial,20177,Shawnee,0,0,0
2021,Soybeans,Non-alluvial,20197,Wabaunsee,0,0,0
2022,Corn,Alluvial,20045,Douglas,615.932092,1097490.464957888,16
2022,Corn,Alluvial,20061,Geary,66.77319,104463.57682189778,2
2022,Corn,Alluvial,20087,Jefferson,957.6894189999999,1349059.0857257007,29
2022,Corn,Alluvial,20091,Johnson,53.418552,61587.74814874667,2
2022,Corn,Alluvial,20103,Leavenworth,31.970194,49339.273501899996,1
2022,Corn,Alluvial,20149,Pottawatomie,2332.205418,3021759.1359871146,59
2022,Corn,Alluvial,20161,Riley,447.582716,517248.2737571686,14
2022,Corn,Alluvial,20177,Shawnee,3253.67544,3648108.8782753595,98
2022,Corn,Alluvial,20197,Wabaunsee,1112.077128,1627135.231182409,30
2022,Corn,Alluvial,20209,Wyandotte,0,0,0
2022,Corn,Non-alluvial,20005,Atchison,76.89034,170220.493581555,1
2022,Corn,Non-alluvial,20061,Geary,233.90850799999998,313390.73046569334,8
2022,Corn,Non-alluvial,20085,Jackson,0,0,0
2022,Corn,Non-alluvial,20131,Nemaha,109.26522,87577.2104658725,3
2022,Corn,Non-alluvial,20139,Osage,0,0,0
2022,Corn,Non-alluvial,20149,Pottawatomie,159.446284,165348.24032324238,4
2022,Corn,Non-alluvial,20161,Riley,0,0,0
2022,Corn,Non-alluvial,20177,Shawnee,0,0,0
2022,Corn,Non-alluvial,20197,Wabaunsee,0,0,0
2022,Soybeans,Alluvial,20045,Douglas,345.60184399999997,488878.1914935761,7
2022,Soybeans,Alluvial,20061,Geary,91.863722,154382.5867874451,2
2022,Soybeans,Alluvial,20087,Jefferson,686.7521419999999,726126.0881274623,18
2022,Soybeans,Alluvial,20091,Johnson,0,0,0
2022,Soybeans,Alluvial,20103,Leavenworth,17.806184,17268.745725664998,1
2022,Soybeans,Alluvial,20149,Pottawatomie,2070.9806049999997,2498762.8368669744,49
2022,Soybeans,Alluvial,20161,Riley,477.934166,548825.4087983846,13
2022,Soybeans,Alluvial,20177,Shawnee,1781.630115,2068302.3451996478,54
2022,Soybeans,Alluvial,20197,Wabaunsee,860.160093,1312905.7330671835,22
2022,Soybeans,Alluvial,20209,Wyandotte,48.157634,75341.0706374013,1
2022,Soybeans,Non-alluvial,20005,Atchison,51.799808,110914.6868322712,5
2022,Soybeans,Non-alluvial,20061,Geary,165.111888,221829.3736645424,4
2022,Soybeans,Non-alluvial,20085,Jackson,36.017054,58121.664185238194,1
2022,Soybeans,Non-alluvial,20131,Nemaha,0,0,0
2022,Soybeans,Non-alluvial,20139,Osage,48.56232,11816.75600370505,1
2022,Soybeans,Non-alluvial,20149,Pottawatomie,127.47609,172860.14471390663,3
2022,Soybeans,Non-alluvial,20161,Riley,21.853044,26828.229966658124,1
2022,Soybeans,Non-alluvial,20177,Shawnee,0,0,0
2022,Soybeans,Non-alluvial,20197,Wabaunsee,72.84348,52978.044922665125,1
2023,Corn,Alluvial,20045,Douglas,540.660496,811396.6875571209,13
2023,Corn,Alluvial,20061,Geary,149.329134,282738.7068026379,3
2023,Corn,Alluvial,20087,Jefferson,1274.7609,1487788.787994668,37
2023,Corn,Alluvial,20091,Johnson,53.418552,38398.28960285367,2
2023,Corn,Alluvial,20103,Leavenworth,111.28864999999999,168987.0117440075,3
2023,Corn,Alluvial,20149,Pottawatomie,2293.962591,3468920.971734834,55
2023,Corn,Alluvial,20161,Riley,524.877742,884369.473066431,16
2023,Corn,Alluvial,20177,Shawnee,3522.184601,4235986.322050498,105
2023,Corn,Alluvial,20197,Wabaunsee,766.87997,1258015.7912963198,24
2023,Corn,Alluvial,20209,Wyandotte,0,0,0
2023,Corn,Non-alluvial,20005,Atchison,0,0,0
2023,Corn,Non-alluvial,20061,Geary,244.430344,450393.5581620941,7
2023,Corn,Non-alluvial,20085,Jackson,36.42174,3897.8026066501,1
2023,Corn,Non-alluvial,20131,Nemaha,241.597542,250396.81302214248,4
2023,Corn,Non-alluvial,20139,Osage,46.943576,19020.289934982447,1
2023,Corn,Non-alluvial,20149,Pottawatomie,150.138506,457979.4714630112,4
2023,Corn,Non-alluvial,20161,Riley,16.18744,57270.56171733042,1
2023,Corn,Non-alluvial,20177,Shawnee,0,0,0
2023,Corn,Non-alluvial,20197,Wabaunsee,0,0,0
2023,Soybeans,Alluvial,20045,Douglas,370.28769,597757.633293894,9
2023,Soybeans,Alluvial,20061,Geary,0,0,0
2023,Soybeans,Alluvial,20087,Jefferson,461.34204,522576.9152953738,14
2023,Soybeans,Alluvial,20091,Johnson,0,0,0
2023,Soybeans,Alluvial,20103,Leavenworth,0,0,0
2023,Soybeans,Alluvial,20149,Pottawatomie,2346.369428,3976757.7790715154,61
2023,Soybeans,Alluvial,20161,Riley,634.547648,1059819.9296391874,15
2023,Soybeans,Alluvial,20177,Shawnee,1704.132746,2007750.721794441,56
2023,Soybeans,Alluvial,20197,Wabaunsee,1070.799156,2039401.86574591,27
2023,Soybeans,Alluvial,20209,Wyandotte,93.887152,114615.1323449137,2
2023,Soybeans,Non-alluvial,20005,Atchison,132.737008,182876.01723479235,5
2023,Soybeans,Non-alluvial,20061,Geary,80.93719999999999,137027.49733315178,2
2023,Soybeans,Non-alluvial,20085,Jackson,0,0,0
2023,Soybeans,Non-alluvial,20131,Nemaha,58.274784,54273.20085209,2
2023,Soybeans,Non-alluvial,20139,Osage,48.56232,47587.729292582546,1
2023,Soybeans,Non-alluvial,20149,Pottawatomie,126.666718,314278.8373887275,3
2023,Soybeans,Non-alluvial,20161,Riley,0,0,0
2023,Soybeans,Non-alluvial,20177,Shawnee,0,0,0
2023,Soybeans,Non-alluvial,20197,Wabaunsee,0,0,0
