Year,Crop_group,irrigated_area_ha,Denominator,denominator_ha,percent_irrigated
2006,Corn,7324.203095356699,Total basin area,2179049.9136,0.3361191062969462
2006,Corn,7324.203095356699,Basin cultivated area,574967.7248,1.2738459533366662
2006,Corn,7324.203095356699,Total alluvial area,87558.0608,8.36496723252772
2006,Corn,7324.203095356699,Alluvial cultivated area,46446.355200000005,15.769166523009964
2006,Other/Unclassified,7313.8836114806,Total basin area,2179049.9136,0.33564552908278084
2006,Other/Unclassified,7313.8836114806,Basin cultivated area,574967.7248,1.27205115974548
2006,Other/Unclassified,7313.8836114806,Total alluvial area,87558.0608,8.35318135721046
2006,Other/Unclassified,7313.8836114806,Alluvial cultivated area,46446.355200000005,15.746948452654038
2006,Soybeans,5262.5320911687995,Total basin area,2179049.9136,0.24150580756888632
2006,Soybeans,5262.5320911687995,Basin cultivated area,574967.7248,0.9152743474426063
2006,Soybeans,5262.5320911687995,Total alluvial area,87558.0608,6.010334220614442
2006,Soybeans,5262.5320911687995,Alluvial cultivated area,46446.355200000005,11.33034458464633
2007,Corn,9301.2948003248,Total basin area,2203636.1536,0.4220885006415244
2007,Corn,9301.2948003248,Basin cultivated area,552486.0544,1.6835347654930417
2007,Corn,9301.2948003248,Total alluvial area,87558.06079999999,10.623002285958348
2007,Corn,9301.2948003248,Alluvial cultivated area,46711.347200000004,19.912281186197085
2007,Other/Unclassified,5818.1654779094,Total basin area,2203636.1536,0.26402568629147216
2007,Other/Unclassified,5818.1654779094,Basin cultivated area,552486.0544,1.0530882058603142
2007,Other/Unclassified,5818.1654779094,Total alluvial area,87558.06079999999,6.644922722990914
2007,Other/Unclassified,5818.1654779094,Alluvial cultivated area,46711.347200000004,12.455571989817066
2007,Sorghum,52.60913348599999,Total basin area,2203636.1536,0.00238737839729369
2007,Sorghum,52.60913348599999,Basin cultivated area,552486.0544,0.009522255460933493
2007,Sorghum,52.60913348599999,Total alluvial area,87558.06079999999,0.06008485455858793
2007,Sorghum,52.60913348599999,Alluvial cultivated area,46711.347200000004,0.11262602480880703
2007,Soybeans,4216.6220489029,Total basin area,2203636.1536,0.1913483785430893
2007,Soybeans,4216.6220489029,Basin cultivated area,552486.0544,0.7632087751938197
2007,Soybeans,4216.6220489029,Total alluvial area,87558.06079999999,4.815801092870824
2007,Soybeans,4216.6220489029,Alluvial cultivated area,46711.347200000004,9.026975888425886
2007,Wheat,28.327994954,Total basin area,2203636.1536,0.0012855114446966025
2007,Wheat,28.327994954,Basin cultivated area,552486.0544,0.005127368325118036
2007,Wheat,28.327994954,Total alluvial area,87558.06079999999,0.032353383223855045
2007,Wheat,28.327994954,Alluvial cultivated area,46711.347200000004,0.06064478258935764
2008,Corn,7300.1242996458,Total basin area,2247005.16,0.32488240034329957
2008,Corn,7300.1242996458,Basin cultivated area,689072.13,1.0594136639433958
2008,Corn,7300.1242996458,Total alluvial area,86777.1,8.412500878279868
2008,Corn,7300.1242996458,Alluvial cultivated area,46917.45,15.559507815633204
2008,Other/Unclassified,5852.159071854199,Total basin area,2247005.16,0.26044261829172655
2008,Other/Unclassified,5852.159071854199,Basin cultivated area,689072.13,0.8492810573915098
2008,Other/Unclassified,5852.159071854199,Total alluvial area,86777.1,6.743897954476698
2008,Other/Unclassified,5852.159071854199,Alluvial cultivated area,46917.45,12.473310190247338
2008,Sorghum,24.281138532,Total basin area,2247005.16,0.0010806000344031252
2008,Sorghum,24.281138532,Basin cultivated area,689072.13,0.00352374410092598
2008,Sorghum,24.281138532,Total alluvial area,86777.1,0.027981043998935202
2008,Sorghum,24.281138532,Alluvial cultivated area,46917.45,0.051752894780087155
2008,Soybeans,5045.6205869496,Total basin area,2247005.16,0.2245486871489694
2008,Soybeans,5045.6205869496,Basin cultivated area,689072.13,0.7322340241724186
2008,Soybeans,5045.6205869496,Total alluvial area,86777.1,5.814460942978735
2008,Soybeans,5045.6205869496,Alluvial cultivated area,46917.45,10.75425153530211
2009,Corn,6006.3443015324,Total basin area,2251752.48,0.26674087648978184
2009,Corn,6006.3443015324,Basin cultivated area,706469.22,0.850191930730174
2009,Corn,6006.3443015324,Total alluvial area,86777.1,6.921577583869937
2009,Corn,6006.3443015324,Alluvial cultivated area,48144.87,12.47556448180751
2009,Other/Unclassified,4368.581507549,Total basin area,2251752.48,0.19400806910842172
2009,Other/Unclassified,4368.581507549,Basin cultivated area,706469.22,0.6183682719466533
2009,Other/Unclassified,4368.581507549,Total alluvial area,86777.1,5.034256166141758
2009,Other/Unclassified,4368.581507549,Alluvial cultivated area,48144.87,9.073825534369497
2009,Sorghum,2.0234282109999997,Total basin area,2251752.48,8.986015243558207e-5
2009,Sorghum,2.0234282109999997,Basin cultivated area,706469.22,2.8641420655241e-4
2009,Sorghum,2.0234282109999997,Total alluvial area,86777.1,0.0023317536665779333
2009,Sorghum,2.0234282109999997,Alluvial cultivated area,48144.87,0.004202790891324454
2009,Soybeans,3101.7131046419,Total basin area,2251752.48,0.13774662766850376
2009,Soybeans,3101.7131046419,Basin cultivated area,706469.22,0.4390443372241893
2009,Soybeans,3101.7131046419,Total alluvial area,86777.1,3.574345195497314
2009,Soybeans,3101.7131046419,Alluvial cultivated area,48144.87,6.442458157311256
2010,Corn,7944.9908704915,Total basin area,2178076.23,0.36477101953826013
2010,Corn,7944.9908704915,Basin cultivated area,632702.61,1.2557227906000734
2010,Corn,7944.9908704915,Total alluvial area,86777.09999999999,9.155630771818256
2010,Corn,7944.9908704915,Alluvial cultivated area,44571.78,17.825159485422166
2010,Other/Unclassified,5026.600361766199,Total basin area,2178076.23,0.23078165458727767
2010,Other/Unclassified,5026.600361766199,Basin cultivated area,632702.61,0.7944649322319375
2010,Other/Unclassified,5026.600361766199,Total alluvial area,86777.09999999999,5.792542458512902
2010,Other/Unclassified,5026.600361766199,Alluvial cultivated area,44571.78,11.277540097716985
2010,Sorghum,50.585705274999995,Total basin area,2178076.23,0.0023224947124554952
2010,Sorghum,50.585705274999995,Basin cultivated area,632702.61,0.007995178852668237
2010,Sorghum,50.585705274999995,Total alluvial area,86777.09999999999,0.058293841664448336
2010,Sorghum,50.585705274999995,Alluvial cultivated area,44571.78,0.11349267468115475
2010,Soybeans,5861.0621559825995,Total basin area,2178076.23,0.26909352736394354
2010,Soybeans,5861.0621559825995,Basin cultivated area,632702.61,0.9263534025855528
2010,Soybeans,5861.0621559825995,Total alluvial area,86777.09999999999,6.754157670609643
2010,Soybeans,5861.0621559825995,Alluvial cultivated area,44571.78,13.149715259257313
2011,Corn,9007.0883384454,Total basin area,2197392.75,0.40989888304880406
2011,Corn,9007.0883384454,Basin cultivated area,687323.34,1.3104586755987946
2011,Corn,9007.0883384454,Total alluvial area,86777.1,10.379568271405013
2011,Corn,9007.0883384454,Alluvial cultivated area,48451.32,18.58997513059582
2011,Other/Unclassified,5486.7279369476,Total basin area,2197392.75,0.24969263855756324
2011,Other/Unclassified,5486.7279369476,Basin cultivated area,687323.34,0.798274642753671
2011,Other/Unclassified,5486.7279369476,Total alluvial area,86777.1,6.322783242292724
2011,Other/Unclassified,5486.7279369476,Alluvial cultivated area,48451.32,11.324207342436903
2011,Sorghum,48.96696270619999,Total basin area,2197392.75,0.0022284119534935207
2011,Sorghum,48.96696270619999,Basin cultivated area,687323.34,0.007124297962324398
2011,Sorghum,48.96696270619999,Total alluvial area,86777.1,0.05642843873118598
2011,Sorghum,48.96696270619999,Alluvial cultivated area,48451.32,0.10106424903635235
2011,Soybeans,5865.3113552257,Total basin area,2197392.75,0.2669213937847797
2011,Soybeans,5865.3113552257,Basin cultivated area,687323.34,0.8533554753466833
2011,Soybeans,5865.3113552257,Total alluvial area,86777.1,6.759054353309455
2011,Soybeans,5865.3113552257,Alluvial cultivated area,48451.32,12.105575978581594
2011,Wheat,28.327994954,Total basin area,2197392.75,0.0012891639400375741
2011,Wheat,28.327994954,Basin cultivated area,687323.34,0.004121494688948
2011,Wheat,28.327994954,Total alluvial area,86777.1,0.03264455133209107
2011,Wheat,28.327994954,Alluvial cultivated area,48451.32,0.0584669209301212
2012,Corn,8944.969092367699,Total basin area,2204057.52,0.40584100057278444
2012,Corn,8944.969092367699,Basin cultivated area,674384.67,1.3263897431665668
2012,Corn,8944.969092367699,Total alluvial area,86777.1,10.30798343384107
2012,Corn,8944.969092367699,Alluvial cultivated area,47147.310000000005,18.972384834612406
2012,Other/Unclassified,6254.0119145588,Total basin area,2204057.52,0.28374994108859736
2012,Other/Unclassified,6254.0119145588,Basin cultivated area,674384.67,0.9273656701832796
2012,Other/Unclassified,6254.0119145588,Total alluvial area,86777.1,7.206984232659076
2012,Other/Unclassified,6254.0119145588,Alluvial cultivated area,47147.310000000005,13.264832955599797
2012,Sorghum,52.609133486,Total basin area,2204057.52,0.0023869219840505795
2012,Sorghum,52.609133486,Basin cultivated area,674384.67,0.007801057145323306
2012,Sorghum,52.609133486,Total alluvial area,86777.1,0.060625595331026266
2012,Sorghum,52.609133486,Alluvial cultivated area,47147.310000000005,0.1115845919650559
2012,Soybeans,5448.6874865807995,Total basin area,2204057.52,0.24721167379428463
2012,Soybeans,5448.6874865807995,Basin cultivated area,674384.67,0.8079494877279461
2012,Soybeans,5448.6874865807995,Total alluvial area,86777.1,6.2789462733610595
2012,Soybeans,5448.6874865807995,Alluvial cultivated area,47147.310000000005,11.556730355519328
2013,Corn,10224.7874358252,Total basin area,2219532.21,0.4606730819114898
2013,Corn,10224.7874358252,Basin cultivated area,995945.31,1.02664145642949
2013,Corn,10224.7874358252,Total alluvial area,86777.1,11.782817627951612
2013,Corn,10224.7874358252,Alluvial cultivated area,50979.33,20.056731690717
2013,Other/Unclassified,6160.934216852799,Total basin area,2219532.21,0.27757804951399195
2013,Other/Unclassified,6160.934216852799,Basin cultivated area,995945.31,0.6186016596486407
2013,Other/Unclassified,6160.934216852799,Total alluvial area,86777.1,7.099723563996491
2013,Other/Unclassified,6160.934216852799,Alluvial cultivated area,50979.33,12.085161215050883
2013,Sorghum,132.3322049994,Total basin area,2219532.21,0.005962166460265066
2013,Sorghum,132.3322049994,Basin cultivated area,995945.31,0.013287095553409452
2013,Sorghum,132.3322049994,Total alluvial area,86777.1,0.15249668979419684
2013,Sorghum,132.3322049994,Alluvial cultivated area,50979.33,0.2595801180584366
2013,Soybeans,5181.3926199077,Total basin area,2219532.21,0.23344525466056198
2013,Soybeans,5181.3926199077,Basin cultivated area,995945.31,0.5202487092295961
2013,Soybeans,5181.3926199077,Total alluvial area,86777.1,5.970921614006113
2013,Soybeans,5181.3926199077,Alluvial cultivated area,50979.33,10.163712665324748
2014,Corn,9142.4556857613,Total basin area,2219944.41,0.4118326406993813
2014,Corn,9142.4556857613,Basin cultivated area,758620.35,1.2051424254254848
2014,Corn,9142.4556857613,Total alluvial area,86777.09999999999,10.53556259169908
2014,Corn,9142.4556857613,Alluvial cultivated area,47712.689999999995,19.161476088984507
2014,Other/Unclassified,5930.2634007988,Total basin area,2219944.41,0.26713567123956944
2014,Other/Unclassified,5930.2634007988,Basin cultivated area,758620.35,0.7817168891921763
2014,Other/Unclassified,5930.2634007988,Total alluvial area,86777.09999999999,6.8339036460066085
2014,Other/Unclassified,5930.2634007988,Alluvial cultivated area,47712.689999999995,12.429111418364382
2014,Sorghum,2.0234282109999997,Total basin area,2219944.41,9.114769729751925e-5
2014,Sorghum,2.0234282109999997,Basin cultivated area,758620.35,2.6672474723358e-4
2014,Sorghum,2.0234282109999997,Total alluvial area,86777.09999999999,0.0023317536665779337
2014,Sorghum,2.0234282109999997,Alluvial cultivated area,47712.689999999995,0.0042408596350362975
2014,Soybeans,6909.8049977439,Total basin area,2219944.41,0.3112602715012985
2014,Soybeans,6909.8049977439,Basin cultivated area,758620.35,0.9108383393279523
2014,Soybeans,6909.8049977439,Total alluvial area,86777.09999999999,7.962705595996985
2014,Soybeans,6909.8049977439,Alluvial cultivated area,47712.689999999995,14.482111567685452
2015,Corn,6808.026558730599,Total basin area,2165300.28,0.3144148930110793
2015,Corn,6808.026558730599,Basin cultivated area,752016.87,0.9053023715718771
2015,Corn,6808.026558730599,Total alluvial area,86777.1,7.845418386568115
2015,Corn,6808.026558730599,Alluvial cultivated area,49378.14,13.787531403026927
2015,Other/Unclassified,4863.1073623174,Total basin area,2165300.28,0.22459274619949712
2015,Other/Unclassified,4863.1073623174,Basin cultivated area,752016.87,0.6466753016215447
2015,Other/Unclassified,4863.1073623174,Total alluvial area,86777.1,5.604136762253405
2015,Other/Unclassified,4863.1073623174,Alluvial cultivated area,49378.14,9.848705038945168
2015,Soybeans,5814.3209643085,Total basin area,2165300.28,0.26852261637856994
2015,Soybeans,5814.3209643085,Basin cultivated area,752016.87,0.7731636345217229
2015,Soybeans,5814.3209643085,Total alluvial area,86777.1,6.7002941609116915
2015,Soybeans,5814.3209643085,Alluvial cultivated area,49378.14,11.77509109154071
2016,Corn,10021.0282149775,Total basin area,2196025.2,0.45632573865625486
2016,Corn,10021.0282149775,Basin cultivated area,788868.63,1.2703038039397636
2016,Corn,10021.0282149775,Total alluvial area,86777.09999999999,11.548010033727216
2016,Corn,10021.0282149775,Alluvial cultivated area,49771.89,20.133911360363246
2016,Other/Unclassified,5423.596976764399,Total basin area,2196025.2,0.24697334879237262
2016,Other/Unclassified,5423.596976764399,Basin cultivated area,788868.63,0.6875158639232998
2016,Other/Unclassified,5423.596976764399,Total alluvial area,86777.09999999999,6.250032527895493
2016,Other/Unclassified,5423.596976764399,Alluvial cultivated area,49771.89,10.896907826414466
2016,Sorghum,21.448339036599997,Total basin area,2196025.2,9.766891125202021e-4
2016,Sorghum,21.448339036599997,Basin cultivated area,788868.63,0.002718873361284501
2016,Sorghum,21.448339036599997,Total alluvial area,86777.09999999999,0.024716588865726093
2016,Sorghum,21.448339036599997,Alluvial cultivated area,49771.89,0.043093278227127794
2016,Soybeans,5721.850295065799,Total basin area,2196025.2,0.2605548558853423
2016,Soybeans,5721.850295065799,Basin cultivated area,788868.63,0.7253235934943693
2016,Soybeans,5721.850295065799,Total alluvial area,86777.09999999999,6.593733018349081
2016,Soybeans,5721.850295065799,Alluvial cultivated area,49771.89,11.496148317987924
2017,Corn,8539.6764217044,Total basin area,2194087.5,0.3892131203383822
2017,Corn,8539.6764217044,Basin cultivated area,797847.75,1.0703390993713275
2017,Corn,8539.6764217044,Total alluvial area,86777.1,9.84093317442551
2017,Corn,8539.6764217044,Alluvial cultivated area,49994.28,17.081306944923302
2017,Other/Unclassified,5959.400767037199,Total basin area,2194087.5,0.2716118097859451
2017,Other/Unclassified,5959.400767037199,Basin cultivated area,797847.75,0.7469345833258537
2017,Other/Unclassified,5959.400767037199,Total alluvial area,86777.1,6.867480898805328
2017,Other/Unclassified,5959.400767037199,Alluvial cultivated area,49994.28,11.92016520097339
2017,Soybeans,8097.557357600899,Total basin area,2194087.5,0.3690626448398662
2017,Soybeans,8097.557357600899,Basin cultivated area,797847.75,1.0149251354786548
2017,Soybeans,8097.557357600899,Total alluvial area,86777.1,9.331444998278231
2017,Soybeans,8097.557357600899,Alluvial cultivated area,49994.28,16.196967648300763
2018,Corn,9632.5299984655,Total basin area,2195761.95,0.4386873539941567
2018,Corn,9632.5299984655,Basin cultivated area,818229.87,1.1772400827246137
2018,Corn,9632.5299984655,Total alluvial area,86777.1,11.100313329744251
2018,Corn,9632.5299984655,Alluvial cultivated area,50167.71,19.200657152709383
2018,Other/Unclassified,5972.1483647665,Total basin area,2195761.95,0.27198523796108676
2018,Other/Unclassified,5972.1483647665,Basin cultivated area,818229.87,0.7298863783555714
2018,Other/Unclassified,5972.1483647665,Total alluvial area,86777.1,6.88217094690477
2018,Other/Unclassified,5972.1483647665,Alluvial cultivated area,50167.71,11.904367101401478
2018,Sorghum,44.1107349998,Total basin area,2195761.95,0.0020089033330685053
2018,Sorghum,44.1107349998,Basin cultivated area,818229.87,0.005390995442368781
2018,Sorghum,44.1107349998,Total alluvial area,86777.1,0.05083222993139896
2018,Sorghum,44.1107349998,Alluvial cultivated area,50167.71,0.0879265467764026
2018,Soybeans,6917.8987105879,Total basin area,2195761.95,0.3150568626343079
2018,Soybeans,6917.8987105879,Basin cultivated area,818229.87,0.8454712989869094
2018,Soybeans,6917.8987105879,Total alluvial area,86777.1,7.972032610663296
2018,Soybeans,6917.8987105879,Alluvial cultivated area,50167.71,13.789544530910222
2018,Wheat,16.187425687999998,Total basin area,2195761.95,7.372122323187173e-4
2018,Wheat,16.187425687999998,Basin cultivated area,818229.87,0.0019783469513279927
2018,Wheat,16.187425687999998,Total alluvial area,86777.1,0.018654029332623466
2018,Wheat,16.187425687999998,Alluvial cultivated area,50167.71,0.03226662267023948
2019,Corn,8659.0586861534,Total basin area,2127430.8,0.40701952261635965
2019,Corn,8659.0586861534,Basin cultivated area,854520.48,1.0133237164957591
2019,Corn,8659.0586861534,Total alluvial area,86777.1,9.978506640753608
2019,Corn,8659.0586861534,Alluvial cultivated area,49618.979999999996,17.451101748067778
2019,Other/Unclassified,5810.274107886499,Total basin area,2127430.8,0.2731122491921476
2019,Other/Unclassified,5810.274107886499,Basin cultivated area,854520.48,0.6799455652468972
2019,Other/Unclassified,5810.274107886499,Total alluvial area,86777.1,6.695630653578535
2019,Other/Unclassified,5810.274107886499,Alluvial cultivated area,49618.979999999996,11.709781434214285
2019,Sorghum,25.8998811008,Total basin area,2127430.8,0.0012174253141770815
2019,Sorghum,25.8998811008,Basin cultivated area,854520.48,0.003030925730510286
2019,Sorghum,25.8998811008,Total alluvial area,86777.1,0.029846446932197547
2019,Sorghum,25.8998811008,Alluvial cultivated area,49618.979999999996,0.052197528245844636
2019,Soybeans,4999.6887665599,Total basin area,2127430.8,0.2350106413125118
2019,Soybeans,4999.6887665599,Basin cultivated area,854520.48,0.5850870615248331
2019,Soybeans,4999.6887665599,Total alluvial area,86777.1,5.7615301347474155
2019,Soybeans,4999.6887665599,Alluvial cultivated area,49618.979999999996,10.076161917395117
2020,Corn,9794.4042553455,Total basin area,2151543.69,0.4552268355445527
2020,Corn,9794.4042553455,Basin cultivated area,876787.92,1.1170779195207776
2020,Corn,9794.4042553455,Total alluvial area,86777.1,11.286853623070487
2020,Corn,9794.4042553455,Alluvial cultivated area,50535.18,19.381358205007878
2020,Other/Unclassified,6383.7136628839,Total basin area,2151543.69,0.2967038825450902
2020,Other/Unclassified,6383.7136628839,Basin cultivated area,876787.92,0.7280795637426095
2020,Other/Unclassified,6383.7136628839,Total alluvial area,86777.1,7.356449642686722
2020,Other/Unclassified,6383.7136628839,Alluvial cultivated area,50535.18,12.63221712653225
2020,Sorghum,0.4046856422,Total basin area,2151543.69,1.8809083175066734e-5
2020,Sorghum,0.4046856422,Basin cultivated area,876787.92,4.6155476480560995e-5
2020,Sorghum,0.4046856422,Total alluvial area,86777.1,4.6635073331558667e-4
2020,Sorghum,0.4046856422,Alluvial cultivated area,50535.18,8.007998431983421e-4
2020,Soybeans,6123.500794949299,Total basin area,2151543.69,0.28460964206352224
2020,Soybeans,6123.500794949299,Basin cultivated area,876787.92,0.6984015923656086
2020,Soybeans,6123.500794949299,Total alluvial area,86777.1,7.056586121164798
2020,Soybeans,6123.500794949299,Alluvial cultivated area,50535.18,12.117302827355713
2020,Wheat,2.0234282109999997,Total basin area,2151543.69,9.404541587533367e-5
2020,Wheat,2.0234282109999997,Basin cultivated area,876787.92,2.3077738240280497e-4
2020,Wheat,2.0234282109999997,Total alluvial area,86777.1,0.0023317536665779333
2020,Wheat,2.0234282109999997,Alluvial cultivated area,50535.18,0.004003999215991711
2021,Corn,9288.1425169533,Total basin area,2151543.69,0.4316966724925441
2021,Corn,9288.1425169533,Basin cultivated area,876787.92,1.0593374184435957
2021,Corn,9288.1425169533,Total alluvial area,86777.1,10.703448855692686
2021,Corn,9288.1425169533,Alluvial cultivated area,50535.18,18.37955760116675
2021,Other/Unclassified,6208.687122632399,Total basin area,2151543.69,0.28856895407187383
2021,Other/Unclassified,6208.687122632399,Basin cultivated area,876787.92,0.7081173201647667
2021,Other/Unclassified,6208.687122632399,Total alluvial area,86777.1,7.15475295052773
2021,Other/Unclassified,6208.687122632399,Alluvial cultivated area,50535.18,12.285871194348964
2021,Sorghum,2.4281138531999997,Total basin area,2151543.69,1.128544990504004e-4
2021,Sorghum,2.4281138531999997,Basin cultivated area,876787.92,2.76932858883366e-4
2021,Sorghum,2.4281138531999997,Total alluvial area,86777.1,0.00279810439989352
2021,Sorghum,2.4281138531999997,Alluvial cultivated area,50535.18,0.004804799059190052
2021,Soybeans,7284.948588063299,Total basin area,2151543.69,0.3385917107759638
2021,Soybeans,7284.948588063299,Basin cultivated area,876787.92,0.8308678098648187
2021,Soybeans,7284.948588063299,Total alluvial area,86777.1,8.395012725780532
2021,Soybeans,7284.948588063299,Alluvial cultivated area,50535.18,14.415598377334955
2021,Wheat,47.3482201374,Total basin area,2151543.69,0.002200662731482808
2021,Wheat,47.3482201374,Basin cultivated area,876787.92,0.005400190748225636
2021,Wheat,47.3482201374,Total alluvial area,86777.1,0.05456303579792363
2021,Wheat,47.3482201374,Alluvial cultivated area,50535.18,0.09369358165420603
2022,Corn,9225.0115567701,Total basin area,2186962.56,0.4218184492728627
2022,Corn,9225.0115567701,Basin cultivated area,868212,1.0625298379623986
2022,Corn,9225.0115567701,Total alluvial area,86777.1,10.630698141295456
2022,Corn,9225.0115567701,Alluvial cultivated area,50219.82,18.369264479183915
2022,Other/Unclassified,6221.2323775406,Total basin area,2186962.56,0.28446908471723453
2022,Other/Unclassified,6221.2323775406,Basin cultivated area,868212,0.7165568291546996
2022,Other/Unclassified,6221.2323775406,Total alluvial area,86777.1,7.169209823260515
2022,Other/Unclassified,6221.2323775406,Alluvial cultivated area,50219.82,12.388002142462081
2022,Sorghum,4.4515420642,Total basin area,2186962.56,2.0354907512454168e-4
2022,Sorghum,4.4515420642,Basin cultivated area,868212,5.127252404021137e-4
2022,Sorghum,4.4515420642,Total alluvial area,86777.1,0.0051298580664714535
2022,Sorghum,4.4515420642,Alluvial cultivated area,50219.82,0.00886411393788349
2022,Soybeans,6668.6123549927,Total basin area,2186962.56,0.3049257667672509
2022,Soybeans,6668.6123549927,Basin cultivated area,868212,0.768085715815112
2022,Soybeans,6668.6123549927,Total alluvial area,86777.1,7.684760558940895
2022,Soybeans,6668.6123549927,Alluvial cultivated area,50219.82,13.278845593219371
2022,Wheat,21.0436533944,Total basin area,2186962.56,9.622319914978333e-4
2022,Wheat,21.0436533944,Basin cultivated area,868212,0.002423792045537265
2022,Wheat,21.0436533944,Total alluvial area,86777.1,0.024250238132410507
2022,Wheat,21.0436533944,Alluvial cultivated area,50219.82,0.04190308406999467
2023,Corn,9592.2637770666,Total basin area,2190029.76,0.4379969602361295
2023,Corn,9592.2637770666,Basin cultivated area,854510.58,1.1225447644038067
2023,Corn,9592.2637770666,Total alluvial area,86777.1,11.053911431779351
2023,Corn,9592.2637770666,Alluvial cultivated area,49758.39,19.277681165059
2023,Other/Unclassified,6086.472058687999,Total basin area,2190029.76,0.2779173219403192
2023,Other/Unclassified,6086.472058687999,Basin cultivated area,854510.58,0.7122757987019891
2023,Other/Unclassified,6086.472058687999,Total alluvial area,86777.1,7.013915029066423
2023,Other/Unclassified,6086.472058687999,Alluvial cultivated area,49758.39,12.232051838268882
2023,Sorghum,4.8562277063999995,Total basin area,2190029.76,2.217425441013185e-4
2023,Sorghum,4.8562277063999995,Basin cultivated area,854510.58,5.683051585388211e-4
2023,Sorghum,4.8562277063999995,Total alluvial area,86777.1,0.00559620879978704
2023,Sorghum,4.8562277063999995,Alluvial cultivated area,49758.39,0.009759615828406022
2023,Soybeans,6992.5632115738,Total basin area,2190029.76,0.3192907849605569
2023,Soybeans,6992.5632115738,Basin cultivated area,854510.58,0.8183120695326909
2023,Soybeans,6992.5632115738,Total alluvial area,86777.1,8.058074320960023
2023,Soybeans,6992.5632115738,Alluvial cultivated area,49758.39,14.05303349158564
