FIPS,Year,crop,GDD,n_days,precip_gs_mm,ppt_n_days
20005,2006,Corn,2108.9514801025425,214,634.329132190207,214
20005,2007,Corn,2229.038595581058,214,800.1417387641268,214
20005,2008,Corn,1960.4487609863315,214,792.648300431727,214
20005,2009,Corn,1864.2163391113318,214,832.3016737886937,214
20005,2010,Corn,2277.2733978271517,214,920.5063848862192,214
20005,2011,Corn,2353.179425048831,214,665.767032115371,214
20005,2012,Corn,2430.9501037597684,214,385.5354379056953,214
20005,2013,Corn,2214.9293518066434,214,716.0757915957947,214
20005,2014,Corn,2078.747671508793,214,807.5376348891878,214
20005,2015,Corn,2172.5339416503944,214,856.2130205128342,214
20005,2016,Corn,2245.7660308837926,214,974.3625627076253,214
20005,2017,Corn,2099.2556427001987,214,793.0786784508964,214
20005,2018,Corn,2224.8954315185574,214,767.7157400429569,214
20005,2019,Corn,2103.3724121093783,214,1135.2705661566433,214
20005,2020,Corn,2026.7349884033235,214,713.9685455165163,214
20005,2021,Corn,2149.0020019531285,214,721.2476174277253,214
20005,2022,Corn,2107.1243408203154,214,556.7388069496956,214
20005,2023,Corn,2190.6599914550816,214,566.4835735705274,214
20013,2006,Corn,2063.576010131839,214,623.458638413169,214
20013,2007,Corn,2192.095346069339,214,858.1110569092561,214
20013,2008,Corn,1939.869784545902,214,751.4365360314259,214
20013,2009,Corn,1821.1408569335972,214,798.0161953923525,214
20013,2010,Corn,2235.594338989261,214,797.7406786246574,214
20013,2011,Corn,2323.199441528323,214,674.052970408753,214
20013,2012,Corn,2385.6437683105496,214,432.86633672908647,214
20013,2013,Corn,2187.371273803714,214,747.384332574904,214
20013,2014,Corn,2042.3697875976598,214,755.1766638585832,214
20013,2015,Corn,2116.9684234619176,214,879.5665321137058,214
20013,2016,Corn,2215.076962280277,214,981.7197226682329,214
20013,2017,Corn,2068.4880676269563,214,626.2461667330936,214
20013,2018,Corn,2174.077133178714,214,810.80801289808,214
20013,2019,Corn,2066.2211578369174,214,1119.0557701401995,214
20013,2020,Corn,1984.8057678222688,214,731.6612933764118,214
20013,2021,Corn,2144.8880035400425,214,656.3453571051359,214
20013,2022,Corn,2090.602377319339,214,584.9599960742053,214
20013,2023,Corn,2181.149969482425,214,616.818196119275,214
20045,2006,Corn,2178.033261108402,214,603.8305091161383,214
20045,2007,Corn,2292.7926544189486,214,844.5726973973215,214
20045,2008,Corn,2028.2596862793005,214,815.1774187030642,214
20045,2009,Corn,1932.0142883300816,214,907.0751898679882,214
20045,2010,Corn,2336.537768554691,214,876.5778884589672,214
20045,2011,Corn,2398.9098876953153,214,510.38027442863677,214
20045,2012,Corn,2449.4772857666044,214,357.9861986616161,214
20045,2013,Corn,2241.1685913085967,214,697.8829610090106,214
20045,2014,Corn,2176.7163055419956,214,776.0423791335134,214
20045,2015,Corn,2244.9152374267615,214,902.1930699639997,214
20045,2016,Corn,2350.3495269775426,214,918.6107619082031,214
20045,2017,Corn,2203.103851318363,214,1020.2121931750808,214
20045,2018,Corn,2317.1872802734406,214,621.7145066878152,214
20045,2019,Corn,2192.002954101566,214,1241.7900511454282,214
20045,2020,Corn,2091.463269042972,214,725.73718734504655,214
20045,2021,Corn,2252.8985626220738,214,1008.4688060086592,214
20045,2022,Corn,2249.6370697021516,214,642.2845576183317,214
20045,2023,Corn,2314.5010070800813,214,593.5077429138728,214
20061,2006,Corn,2160.035910034183,214,594.418137394503,214
20061,2007,Corn,2241.017095947269,214,754.6274891381036,214
20061,2008,Corn,2008.9364379882848,214,728.718510018196,214
20061,2009,Corn,1868.468399047855,214,771.1464064866886,214
20061,2010,Corn,2271.01336975098,214,738.1599462867016,214
20061,2011,Corn,2345.8339447021513,214,549.1322186898274,214
20061,2012,Corn,2392.9975799560575,214,446.6323569393717,214
20061,2013,Corn,2214.759442138675,214,737.5041355374851,214
20061,2014,Corn,2153.8943664550816,214,630.9089877298102,214
20061,2015,Corn,2218.666870117191,214,762.6161601756467,214
20061,2016,Corn,2355.8724975585974,214,923.8731418685638,214
20061,2017,Corn,2207.4954864501988,214,663.8119047768414,214
20061,2018,Corn,2302.0614440918,214,753.9046129071503,214
20061,2019,Corn,2180.6558044433627,214,968.832976893289,214
20061,2020,Corn,2084.0297485351593,214,645.992614209652,214
20061,2021,Corn,2228.2770141601595,214,693.9422093069588,214
20061,2022,Corn,2228.9254150390657,214,658.9451098467689,214
20061,2023,Corn,2286.1257446289096,214,470.7991466684616,214
20085,2006,Corn,2086.466668701175,214,616.2130380922463,214
20085,2007,Corn,2204.0776824951204,214,854.7711968999356,214
20085,2008,Corn,1939.386282348636,214,766.60520144039765,214
20085,2009,Corn,1832.9889617919957,214,821.0974280417431,214
20085,2010,Corn,2241.812277221683,214,858.6537206007051,214
20085,2011,Corn,2344.4967590332058,214,607.2835134016932,214
20085,2012,Corn,2412.2460784912137,214,396.48071278224234,214
20085,2013,Corn,2205.2574340820343,214,707.9527824756224,214
20085,2014,Corn,2057.8629394531285,214,726.7468785906676,214
20085,2015,Corn,2156.015158081058,214,843.2103335420834,214
20085,2016,Corn,2239.597518920902,214,1034.1760711441748,214
20085,2017,Corn,2080.4508453369176,214,743.7419982659048,214
20085,2018,Corn,2196.8969512939484,214,710.6322171424981,214
20085,2019,Corn,2083.427667236331,214,1112.757120037335,214
20085,2020,Corn,2023.7525451660188,214,689.1869332523202,214
20085,2021,Corn,2176.95138549805,214,641.2755447253585,214
20085,2022,Corn,2143.918276977542,214,584.0725502935238,214
20085,2023,Corn,2195.2024169921906,214,535.4135938893305,214
20087,2006,Corn,2126.0900695800815,214,610.0398034541868,214
20087,2007,Corn,2238.329168701175,214,834.9250207532896,214
20087,2008,Corn,1969.355996704105,214,797.6089553119382,214
20087,2009,Corn,1902.2995330810581,214,858.0643414621009,214
20087,2010,Corn,2296.7883728027377,214,941.4559362250147,214
20087,2011,Corn,2367.3207244873074,214,582.2050807254855,214
20087,2012,Corn,2436.145504760745,214,366.177722549648,214
20087,2013,Corn,2222.3957763671906,214,677.5054351433646,214
20087,2014,Corn,2111.2478088378944,214,796.5578035895014,214
20087,2015,Corn,2200.988476562504,214,839.1905903869192,214
20087,2016,Corn,2299.045077514652,214,1017.428978335578,214
20087,2017,Corn,2147.3370605468785,214,927.7700730762444,214
20087,2018,Corn,2270.1834716796902,214,595.7828879824374,214
20087,2019,Corn,2153.0893188476593,214,1204.268454333942,214
20087,2020,Corn,2088.6698364257845,214,718.00666440645,214
20087,2021,Corn,2222.0946868896517,214,794.4188341492554,214
20087,2022,Corn,2204.5197387695343,214,602.748539146909,214
20087,2023,Corn,2264.077767944339,214,564.6720510600135,214
20091,2006,Corn,2182.9632110595735,214,619.6798290346599,214
20091,2007,Corn,2309.0778778076206,214,846.5337410073057,214
20091,2008,Corn,2039.8322814941441,214,894.3426504461095,214
20091,2009,Corn,1939.136340332035,214,888.9381846664473,214
20091,2010,Corn,2332.742321777347,214,931.8634468265809,214
20091,2011,Corn,2410.7606475830107,214,546.2127947002678,214
20091,2012,Corn,2451.622244262698,214,416.35517662906267,214
20091,2013,Corn,2244.318640136722,214,734.7037839030177,214
20091,2014,Corn,2147.1034912109412,214,843.3638652269728,214
20091,2015,Corn,2228.804144287113,214,914.4508882756345,214
20091,2016,Corn,2344.689102172855,214,1005.409485177719,214
20091,2017,Corn,2202.2664886474645,214,1122.3214987171814,214
20091,2018,Corn,2335.690121459964,214,683.5712682371892,214
20091,2019,Corn,2189.0113891601595,214,1087.9542574998513,214
20091,2020,Corn,2079.952706909183,214,688.097481709905,214
20091,2021,Corn,2248.399075317386,214,943.1622633891701,214
20091,2022,Corn,2279.074322509769,214,594.5962378634642,214
20091,2023,Corn,2341.5404724121126,214,628.7336835435126,214
20103,2006,Corn,2165.645431518558,214,617.5153500963934,214
20103,2007,Corn,2283.596667480472,214,808.4747275705449,214
20103,2008,Corn,2010.3367950439488,214,842.456670598127,214
20103,2009,Corn,1922.8270843505895,214,877.3604518308275,214
20103,2010,Corn,2329.2687530517615,214,936.5882930262014,214
20103,2011,Corn,2393.4549987793,214,570.1767842338304,214
20103,2012,Corn,2447.1652465820343,214,370.53095191018656,214
20103,2013,Corn,2242.037124633792,214,687.7091853243764,214
20103,2014,Corn,2134.9325500488317,214,842.162924428354,214
20103,2015,Corn,2215.4058471679723,214,863.2780846836395,214
20103,2016,Corn,2299.868011474613,214,982.7497671525052,214
20103,2017,Corn,2144.086843872074,214,990.0355883069933,214
20103,2018,Corn,2292.3025054931672,214,652.2769339675142,214
20103,2019,Corn,2152.965045166019,214,1056.0902239110146,214
20103,2020,Corn,2077.423315429691,214,665.8491836945177,214
20103,2021,Corn,2237.554910278324,214,865.8495346340351,214
20103,2022,Corn,2249.0744781494172,214,588.1549104878213,214
20103,2023,Corn,2305.356988525394,214,613.8960192171216,214
20117,2006,Corn,2029.9621520996125,214,595.6796405240893,214
20117,2007,Corn,2151.066311645511,214,905.2617432633415,214
20117,2008,Corn,1903.015921020511,214,750.8869911525398,214
20117,2009,Corn,1763.6035186767613,214,756.8836342105642,214
20117,2010,Corn,2180.526336669925,214,644.7048763539642,214
20117,2011,Corn,2289.4098876953153,214,612.7496535740793,214
20117,2012,Corn,2345.5699462890652,214,452.7955736331643,214
20117,2013,Corn,2161.855575561526,214,778.7993838945404,214
20117,2014,Corn,2007.202688598636,214,684.6667639873923,214
20117,2015,Corn,2075.7237426757847,214,830.7436098922044,214
20117,2016,Corn,2136.284640502933,214,917.5582404863089,214
20117,2017,Corn,1985.2705474853549,214,646.769851461053,214
20117,2018,Corn,2095.2364654541047,214,770.554224186577,214
20117,2019,Corn,1992.136334228519,214,1184.8874700460583,214
20117,2020,Corn,1959.7745086669954,214,569.77268011868,214
20117,2021,Corn,2131.608325195316,214,575.8765200935305,214
20117,2022,Corn,2084.5573516845734,214,575.5426901467144,214
20117,2023,Corn,2154.282040405277,214,560.1092402655634,214
20127,2006,Corn,2171.3283843994172,214,585.4219764222798,214
20127,2007,Corn,2233.5017547607454,214,712.0310467238305,214
20127,2008,Corn,1997.513842773441,214,712.7266805682739,214
20127,2009,Corn,1846.9497772216832,214,769.065625147894,214
20127,2010,Corn,2269.8095947265656,214,784.8670450029895,214
20127,2011,Corn,2360.8571319580105,214,521.3158121912129,214
20127,2012,Corn,2409.6470123291047,214,422.7629711670743,214
20127,2013,Corn,2214.96694030762,214,735.5363860922807,214
20127,2014,Corn,2150.0531738281284,214,616.8157900811639,214
20127,2015,Corn,2196.761859130863,214,817.9323938207817,214
20127,2016,Corn,2327.41893615723,214,799.0455540600233,214
20127,2017,Corn,2189.049050903324,214,659.591663422063,214
20127,2018,Corn,2295.948187255862,214,783.450351023348,214
20127,2019,Corn,2153.53338928223,214,943.8673415442827,214
20127,2020,Corn,2042.462600708011,214,617.1860150001012,214
20127,2021,Corn,2177.0670379638705,214,745.8414530840964,214
20127,2022,Corn,2181.668750000003,214,657.081350395456,214
20127,2023,Corn,2226.0582183837923,214,469.1140728255268,214
20131,2006,Corn,2033.4953918457063,214,614.6623838879168,214
20131,2007,Corn,2163.5596923828157,214,877.9910679105669,214
20131,2008,Corn,1915.0108825683628,214,745.6290779041592,214
20131,2009,Corn,1777.3129730224646,214,753.4004522147588,214
20131,2010,Corn,2189.048522949222,214,716.4490014661278,214
20131,2011,Corn,2295.4591003417995,214,636.9677835471666,214
20131,2012,Corn,2349.60932312012,214,439.8215343276388,214
20131,2013,Corn,2163.597915649417,214,785.5827773682977,214
20131,2014,Corn,2007.3121093750033,214,715.4706389508792,214
20131,2015,Corn,2078.9936279296912,214,817.130288052751,214
20131,2016,Corn,2158.6235778808627,214,919.454951607695,214
20131,2017,Corn,2013.658761596683,214,589.3857664555107,214
20131,2018,Corn,2117.4402923584016,214,751.6856480152928,214
20131,2019,Corn,2017.4255493164096,214,1118.3932252190425,214
20131,2020,Corn,1965.057833862308,214,643.912727513205,214
20131,2021,Corn,2140.328961181644,214,607.8652727956651,214
20131,2022,Corn,2089.819125366214,214,573.1424585987697,214
20131,2023,Corn,2160.561499023441,214,591.5308779100887,214
20139,2006,Corn,2161.8722351074252,214,585.2637566027188,214
20139,2007,Corn,2259.297616577152,214,851.9340481727925,214
20139,2008,Corn,2011.0974487304723,214,800.0839504920878,214
20139,2009,Corn,1900.8907745361364,214,902.9307145988569,214
20139,2010,Corn,2316.864733886722,214,846.2111232258176,214
20139,2011,Corn,2384.142291259768,214,480.0846964037046,214
20139,2012,Corn,2433.5102966308623,214,364.67323133003447,214
20139,2013,Corn,2219.520474243167,214,704.2199840163812,214
20139,2014,Corn,2177.245614624027,214,685.3891474818811,214
20139,2015,Corn,2250.877578735355,214,972.0502835661173,214
20139,2016,Corn,2380.6941711425816,214,981.5320575476762,214
20139,2017,Corn,2244.054882812504,214,874.422777077158,214
20139,2018,Corn,2342.4853149414093,214,595.3040695228337,214
20139,2019,Corn,2215.6743438720737,214,1171.8751189481445,214
20139,2020,Corn,2116.6929626464876,214,705.0666022176556,214
20139,2021,Corn,2266.8690856933626,214,1072.0027043921873,214
20139,2022,Corn,2259.1823181152376,214,668.1208382357145,214
20139,2023,Corn,2316.9374206543002,214,563.9694246919644,214
20149,2006,Corn,2094.9987274169953,214,612.4722062993387,214
20149,2007,Corn,2200.7019226074253,214,856.8471206951217,214
20149,2008,Corn,1944.6394348144565,214,762.7603119622072,214
20149,2009,Corn,1824.474359130863,214,789.1544276122622,214
20149,2010,Corn,2238.9942535400423,214,745.5665762951027,214
20149,2011,Corn,2335.3177795410184,214,573.5946102262824,214
20149,2012,Corn,2396.0856170654324,214,438.4262073493155,214
20149,2013,Corn,2207.60815124512,214,746.9092071216292,214
20149,2014,Corn,2087.6467102050815,214,670.8281535468996,214
20149,2015,Corn,2162.8224243164095,214,789.0026667165657,214
20149,2016,Corn,2250.234362792972,214,948.5394973810035,214
20149,2017,Corn,2098.6393554687534,214,648.3252114809002,214
20149,2018,Corn,2200.385604858401,214,782.4194694294929,214
20149,2019,Corn,2086.789001464847,214,1126.5711229875305,214
20149,2020,Corn,2027.6369262695343,214,604.5192090399796,214
20149,2021,Corn,2184.1799591064487,214,558.1503551627393,214
20149,2022,Corn,2153.617517089847,214,624.5152870201418,214
20149,2023,Corn,2218.4292297363313,214,516.2327758895117,214
20161,2006,Corn,2153.9966308593785,214,605.247091779358,214
20161,2007,Corn,2249.7955993652376,214,791.7206179464993,214
20161,2008,Corn,1997.5853637695345,214,749.251293506939,214
20161,2009,Corn,1857.7219024658236,214,758.9325954706765,214
20161,2010,Corn,2261.620190429691,214,698.80387018896,214
20161,2011,Corn,2341.2167205810574,214,565.2038454414469,214
20161,2012,Corn,2389.9552001953152,214,454.5435906036,214
20161,2013,Corn,2216.8256744384794,214,750.4596637405921,214
20161,2014,Corn,2143.5361358642613,214,639.782197565888,214
20161,2015,Corn,2213.8544769287146,214,764.6751731467593,214
20161,2016,Corn,2351.959982299808,214,896.6245064469585,214
20161,2017,Corn,2200.4061859130893,214,625.2138650321576,214
20161,2018,Corn,2282.1509185791047,214,761.6717130777324,214
20161,2019,Corn,2154.445562744144,214,1040.2174225321105,214
20161,2020,Corn,2062.015948486331,214,623.9849925121744,214
20161,2021,Corn,2209.9918884277376,214,643.9589164736972,214
20161,2022,Corn,2205.1505920410186,214,659.5383640675791,214
20161,2023,Corn,2276.2901611328157,214,463.0081017926277,214
20177,2006,Corn,2158.2929199218784,214,614.5890596617392,214
20177,2007,Corn,2268.5569244384797,214,834.8013483933173,214
20177,2008,Corn,2011.6511230468784,214,777.3185163006856,214
20177,2009,Corn,1906.5016784668005,214,867.732302482138,214
20177,2010,Corn,2314.2499633789093,214,834.6840384568786,214
20177,2011,Corn,2379.2842590332057,214,499.9462439036579,214
20177,2012,Corn,2440.886117553714,214,372.50348422292154,214
20177,2013,Corn,2229.9429595947295,214,691.067433062708,214
20177,2014,Corn,2165.1235015869174,214,687.4265469731763,214
20177,2015,Corn,2236.1400604248083,214,947.7568074776791,214
20177,2016,Corn,2361.7924957275427,214,990.0100684619974,214
20177,2017,Corn,2218.249484252933,214,839.4353745847839,214
20177,2018,Corn,2315.8893615722686,214,621.6484320440213,214
20177,2019,Corn,2194.972613525394,214,1087.5958780596848,214
20177,2020,Corn,2101.6467834472687,214,699.945088449982,214
20177,2021,Corn,2252.587619018558,214,839.7032800088346,214
20177,2022,Corn,2243.627996826175,214,632.463000442629,214
20177,2023,Corn,2287.0469177246127,214,497.11226838194125,214
20197,2006,Corn,2127.375656127933,214,613.8563183293445,214
20197,2007,Corn,2220.40350646973,214,805.5801176019013,214
20197,2008,Corn,1972.9583160400425,214,774.5084190986236,214
20197,2009,Corn,1851.9881134033237,214,812.8719607235398,214
20197,2010,Corn,2262.257183837894,214,747.7927161094558,214
20197,2011,Corn,2354.1282257080106,214,499.90629841871123,214
20197,2012,Corn,2409.560726928714,214,401.9275945199188,214
20197,2013,Corn,2209.649685668948,214,735.4657912862021,214
20197,2014,Corn,2125.4818145751988,214,648.3680983120576,214
20197,2015,Corn,2196.7592010498083,214,858.2037160062464,214
20197,2016,Corn,2310.1357391357456,214,916.5838212023955,214
20197,2017,Corn,2166.222155761722,214,745.1748563102738,214
20197,2018,Corn,2292.614016723636,214,674.0121146147721,214
20197,2019,Corn,2160.9347503662143,214,1033.650580581976,214
20197,2020,Corn,2090.307305908206,214,608.1976547843369,214
20197,2021,Corn,2220.3635192871125,214,764.0853131533368,214
20197,2022,Corn,2205.1028808593783,214,651.9277228183346,214
20197,2023,Corn,2270.9687103271517,214,496.9737822136376,214
20209,2006,Corn,2177.747787475589,214,614.0003466652706,214
20209,2007,Corn,2314.0635040283237,214,823.0605317409791,214
20209,2008,Corn,2036.6463195800816,214,899.9280485396739,214
20209,2009,Corn,1929.3907623291052,214,892.5573324672928,214
20209,2010,Corn,2349.308633422855,214,949.084864195378,214
20209,2011,Corn,2416.5587158203152,214,563.5959547454358,214
20209,2012,Corn,2461.6263305664093,214,394.0124437743507,214
20209,2013,Corn,2256.6779571533234,214,726.6221572455834,214
20209,2014,Corn,2162.8031402587926,214,855.7903195754625,214
20209,2015,Corn,2250.868905639652,214,918.8649705772987,214
20209,2016,Corn,2350.0035858154333,214,938.1530650243221,214
20209,2017,Corn,2218.382363891605,214,1089.6847311235906,214
20209,2018,Corn,2353.5728912353547,214,691.0329410513805,214
20209,2019,Corn,2217.831390380863,214,994.599823121971,214
20209,2020,Corn,2099.9333312988315,214,656.2428517392837,214
20209,2021,Corn,2260.366699218753,214,859.1798317593639,214
20209,2022,Corn,2301.277017211917,214,592.9827990243211,214
20209,2023,Corn,2358.7915344238318,214,614.998779208865,214
20005,2006,Sorghum,2239.5775452660196,214,634.329132190207,214
20005,2007,Sorghum,2322.3596815765663,214,800.1417387641268,214
20005,2008,Sorghum,2004.0331634521524,214,792.648300431727,214
20005,2009,Sorghum,1912.0919006347694,214,832.3016737886937,214
20005,2010,Sorghum,2380.0012000412153,214,920.5063848862192,214
20005,2011,Sorghum,2625.105281942191,214,665.767032115371,214
20005,2012,Sorghum,2734.4749380640665,214,385.5354379056953,214
20005,2013,Sorghum,2456.871251690824,214,716.0757915957947,214
20005,2014,Sorghum,2133.402691650395,214,807.5376348891878,214
20005,2015,Sorghum,2240.7964721679728,214,856.2130205128342,214
20005,2016,Sorghum,2341.5516452476604,214,974.3625627076253,214
20005,2017,Sorghum,2165.734463851176,214,793.0786784508964,214
20005,2018,Sorghum,2361.3741882324257,214,767.7157400429569,214
20005,2019,Sorghum,2164.4303283691447,214,1135.2705661566433,214
20005,2020,Sorghum,2097.9604736328165,214,713.9685455165163,214
20005,2021,Sorghum,2217.2064331054726,214,721.2476174277253,214
20005,2022,Sorghum,2211.474819946293,214,556.7388069496956,214
20005,2023,Sorghum,2276.969953443168,214,566.4835735705274,214
20013,2006,Sorghum,2184.6238885597695,214,623.458638413169,214
20013,2007,Sorghum,2281.194306470512,214,858.1110569092561,214
20013,2008,Sorghum,1984.5929107666054,214,751.4365360314259,214
20013,2009,Sorghum,1867.3751098632852,214,798.0161953923525,214
20013,2010,Sorghum,2329.5087192222695,214,797.7406786246574,214
20013,2011,Sorghum,2591.033603905668,214,674.052970408753,214
20013,2012,Sorghum,2681.1178298197306,214,432.86633672908647,214
20013,2013,Sorghum,2428.1598323632847,214,747.384332574904,214
20013,2014,Sorghum,2095.645770263676,214,755.1766638585832,214
20013,2015,Sorghum,2181.826910400395,214,879.5665321137058,214
20013,2016,Sorghum,2309.4001773521527,214,981.7197226682329,214
20013,2017,Sorghum,2144.2619784996136,214,626.2461667330936,214
20013,2018,Sorghum,2301.21177978516,214,810.80801289808,214
20013,2019,Sorghum,2124.6930572509805,214,1119.0557701401995,214
20013,2020,Sorghum,2053.0835357666056,214,731.6612933764118,214
20013,2021,Sorghum,2224.544873046879,214,656.3453571051359,214
20013,2022,Sorghum,2203.839825439457,214,584.9599960742053,214
20013,2023,Sorghum,2270.041199781059,214,616.818196119275,214
20045,2006,Sorghum,2324.4914928498088,214,603.8305091161383,214
20045,2007,Sorghum,2389.464499601762,214,844.5726973973215,214
20045,2008,Sorghum,2078.516195678715,214,815.1774187030642,214
20045,2009,Sorghum,1978.9458709716837,214,907.0751898679882,214
20045,2010,Sorghum,2454.079122324418,214,876.5778884589672,214
20045,2011,Sorghum,2695.651935664652,214,510.38027442863677,214
20045,2012,Sorghum,2747.354739179496,214,357.9861986616161,214
20045,2013,Sorghum,2464.6090100396523,214,697.8829610090106,214
20045,2014,Sorghum,2260.289859709184,214,776.0423791335134,214
20045,2015,Sorghum,2323.2247833251995,214,902.1930699639997,214
20045,2016,Sorghum,2453.000314681254,214,918.6107619082031,214
20045,2017,Sorghum,2257.6429992675826,214,1020.2121931750808,214
20045,2018,Sorghum,2462.722558593754,214,621.7145066878152,214
20045,2019,Sorghum,2256.045669555668,214,1241.7900511454282,214
20045,2020,Sorghum,2166.7227478027385,214,725.73718734504655,214
20045,2021,Sorghum,2338.786804199223,214,1008.4688060086592,214
20045,2022,Sorghum,2376.768710677348,214,642.2845576183317,214
20045,2023,Sorghum,2435.3340597183637,214,593.5077429138728,214
20061,2006,Sorghum,2324.8281292023476,214,594.418137394503,214
20061,2007,Sorghum,2345.0659881591837,214,754.6274891381036,214
20061,2008,Sorghum,2073.46413949434,214,728.718510018196,214
20061,2009,Sorghum,1938.412781111918,214,771.1464064866886,214
20061,2010,Sorghum,2398.2366086365273,214,738.1599462867016,214
20061,2011,Sorghum,2647.340229121683,214,549.1322186898274,214
20061,2012,Sorghum,2671.7218635431677,214,446.6323569393717,214
20061,2013,Sorghum,2437.9532530236365,214,737.5041355374851,214
20061,2014,Sorghum,2257.557414120512,214,630.9089877298102,214
20061,2015,Sorghum,2324.66448094102,214,762.6161601756467,214
20061,2016,Sorghum,2469.1436259285197,214,923.8731418685638,214
20061,2017,Sorghum,2301.9261820808633,214,663.8119047768414,214
20061,2018,Sorghum,2463.6218302742227,214,753.9046129071503,214
20061,2019,Sorghum,2261.372180175785,214,968.832976893289,214
20061,2020,Sorghum,2176.3515533447303,214,645.992614209652,214
20061,2021,Sorghum,2343.279803466801,214,693.9422093069588,214
20061,2022,Sorghum,2370.989526717387,214,658.9451098467689,214
20061,2023,Sorghum,2430.2293743195355,214,470.7991466684616,214
20085,2006,Sorghum,2222.2245460884806,214,616.2130380922463,214
20085,2007,Sorghum,2298.0436289802774,214,854.7711968999356,214
20085,2008,Sorghum,1985.8530517578165,214,766.60520144039765,214
20085,2009,Sorghum,1881.0874908447304,214,821.0974280417431,214
20085,2010,Sorghum,2349.867650766801,214,858.6537206007051,214
20085,2011,Sorghum,2624.485378377738,214,607.2835134016932,214
20085,2012,Sorghum,2709.190763779691,214,396.48071278224234,214
20085,2013,Sorghum,2443.871608746488,214,707.9527824756224,214
20085,2014,Sorghum,2124.944433943949,214,726.7468785906676,214
20085,2015,Sorghum,2233.2734283447307,214,843.2103335420834,214
20085,2016,Sorghum,2337.4610995933635,214,1034.1760711441748,214
20085,2017,Sorghum,2155.543616423051,214,743.7419982659048,214
20085,2018,Sorghum,2334.108868408207,214,710.6322171424981,214
20085,2019,Sorghum,2142.755050659184,214,1112.757120037335,214
20085,2020,Sorghum,2096.183639526371,214,689.1869332523202,214
20085,2021,Sorghum,2263.340603637699,214,641.2755447253585,214
20085,2022,Sorghum,2267.55345153809,214,584.0725502935238,214
20085,2023,Sorghum,2294.7277510345743,214,535.4135938893305,214
20087,2006,Sorghum,2265.496503836137,214,610.0398034541868,214
20087,2007,Sorghum,2329.2716261566447,214,834.9250207532896,214
20087,2008,Sorghum,2014.8255554199259,214,797.6089553119382,214
20087,2009,Sorghum,1953.3411315918008,214,858.0643414621009,214
20087,2010,Sorghum,2414.7445459084024,214,941.4559362250147,214
20087,2011,Sorghum,2649.1633186212925,214,582.2050807254855,214
20087,2012,Sorghum,2734.642586729691,214,366.177722549648,214
20087,2013,Sorghum,2458.860069700004,214,677.5054351433646,214
20087,2014,Sorghum,2183.40589294434,214,796.5578035895014,214
20087,2015,Sorghum,2274.828955078129,214,839.1905903869192,214
20087,2016,Sorghum,2400.9323276207074,214,1017.428978335578,214
20087,2017,Sorghum,2212.5929721519574,214,927.7700730762444,214
20087,2018,Sorghum,2425.315195052348,214,595.7828879824374,214
20087,2019,Sorghum,2219.3574981689494,214,1204.268454333942,214
20087,2020,Sorghum,2169.8151763916057,214,718.00666440645,214
20087,2021,Sorghum,2301.2178527832075,214,794.4188341492554,214
20087,2022,Sorghum,2329.957150618754,214,602.748539146909,214
20087,2023,Sorghum,2372.2695360527387,214,564.6720510600135,214
20091,2006,Sorghum,2325.6141812683636,214,619.6798290346599,214
20091,2007,Sorghum,2395.949347624223,214,846.5337410073057,214
20091,2008,Sorghum,2085.615872192387,214,894.3426504461095,214
20091,2009,Sorghum,1981.6182708740275,214,888.9381846664473,214
20091,2010,Sorghum,2438.1498267501997,214,931.8634468265809,214
20091,2011,Sorghum,2696.4762068949253,214,546.2127947002678,214
20091,2012,Sorghum,2744.3207083277384,214,416.35517662906267,214
20091,2013,Sorghum,2457.7270971078165,214,734.7037839030177,214
20091,2014,Sorghum,2210.901535034184,214,843.3638652269728,214
20091,2015,Sorghum,2296.6710235595747,214,914.4508882756345,214
20091,2016,Sorghum,2437.859591674809,214,1005.409485177719,214
20091,2017,Sorghum,2255.0009735107465,214,1122.3214987171814,214
20091,2018,Sorghum,2471.8348083496135,214,683.5712682371892,214
20091,2019,Sorghum,2245.3193023681683,214,1087.9542574998513,214
20091,2020,Sorghum,2151.9598571777383,214,688.097481709905,214
20091,2021,Sorghum,2332.4814361572307,214,943.1622633891701,214
20091,2022,Sorghum,2408.714734236918,214,594.5962378634642,214
20091,2023,Sorghum,2455.9540358246136,214,628.7336835435126,214
20103,2006,Sorghum,2311.2174602570353,214,617.5153500963934,214
20103,2007,Sorghum,2376.824256771879,214,808.4747275705449,214
20103,2008,Sorghum,2056.9836303710977,214,842.456670598127,214
20103,2009,Sorghum,1969.226412963871,214,877.3604518308275,214
20103,2010,Sorghum,2444.236188794731,214,936.5882930262014,214
20103,2011,Sorghum,2679.6981459818394,214,570.1767842338304,214
20103,2012,Sorghum,2747.343539228324,214,370.53095191018656,214
20103,2013,Sorghum,2474.2533558328164,214,687.7091853243764,214
20103,2014,Sorghum,2201.334161376957,214,842.162924428354,214
20103,2015,Sorghum,2283.970526123051,214,863.2780846836395,214
20103,2016,Sorghum,2395.760065047465,214,982.7497671525052,214
20103,2017,Sorghum,2199.9659729003947,214,990.0355883069933,214
20103,2018,Sorghum,2433.819793701176,214,652.2769339675142,214
20103,2019,Sorghum,2214.48352966309,214,1056.0902239110146,214
20103,2020,Sorghum,2151.35608825684,214,665.8491836945177,214
20103,2021,Sorghum,2314.74651794434,214,865.8495346340351,214
20103,2022,Sorghum,2370.5594699546914,214,588.1549104878213,214
20103,2023,Sorghum,2407.3824354828166,214,613.8960192171216,214
20117,2006,Sorghum,2158.005312509965,214,595.6796405240893,214
20117,2007,Sorghum,2233.000588989262,214,905.2617432633415,214
20117,2008,Sorghum,1950.1360992431678,214,750.8869911525398,214
20117,2009,Sorghum,1808.8587558433633,214,756.8836342105642,214
20117,2010,Sorghum,2278.5558122978555,214,644.7048763539642,214
20117,2011,Sorghum,2550.3199968179724,214,612.7496535740793,214
20117,2012,Sorghum,2621.2440983003944,214,452.7955736331643,214
20117,2013,Sorghum,2383.103777675785,214,778.7993838945404,214
20117,2014,Sorghum,2078.5547427818396,214,684.6667639873923,214
20117,2015,Sorghum,2141.7818908691447,214,830.7436098922044,214
20117,2016,Sorghum,2226.8910770103557,214,917.5582404863089,214
20117,2017,Sorghum,2074.69228620684,214,646.769851461053,214
20117,2018,Sorghum,2221.7806583091838,214,770.554224186577,214
20117,2019,Sorghum,2042.4825103759804,214,1184.8874700460583,214
20117,2020,Sorghum,2021.2594299316445,214,569.77268011868,214
20117,2021,Sorghum,2221.8715179443398,214,575.8765200935305,214
20117,2022,Sorghum,2194.7248474121134,214,575.5426901467144,214
20117,2023,Sorghum,2235.7998942390664,214,560.1092402655634,214
20127,2006,Sorghum,2338.654435704887,214,585.4219764222798,214
20127,2007,Sorghum,2334.0902130126997,214,712.0310467238305,214
20127,2008,Sorghum,2063.3822059005897,214,712.7266805682739,214
20127,2009,Sorghum,1916.3565673828164,214,769.065625147894,214
20127,2010,Sorghum,2394.14581273809,214,784.8670450029895,214
20127,2011,Sorghum,2669.2973868945346,214,521.3158121912129,214
20127,2012,Sorghum,2687.216379884574,214,422.7629711670743,214
20127,2013,Sorghum,2427.79925827266,214,735.5363860922807,214
20127,2014,Sorghum,2252.6091078460977,214,616.8157900811639,214
20127,2015,Sorghum,2301.973215071879,214,817.9323938207817,214
20127,2016,Sorghum,2435.530131055473,214,799.0455540600233,214
20127,2017,Sorghum,2277.7089793220744,214,659.591663422063,214
20127,2018,Sorghum,2454.326392652152,214,783.450351023348,214
20127,2019,Sorghum,2228.179995727543,214,943.8673415442827,214
20127,2020,Sorghum,2128.088247680668,214,617.1860150001012,214
20127,2021,Sorghum,2277.9315185546916,214,745.8414530840964,214
20127,2022,Sorghum,2314.4882297203167,214,657.081350395456,214
20127,2023,Sorghum,2362.071237983012,214,469.1140728255268,214
20131,2006,Sorghum,2158.516607415824,214,614.6623838879168,214
20131,2007,Sorghum,2251.3349639892617,214,877.9910679105669,214
20131,2008,Sorghum,1960.741613769535,214,745.6290779041592,214
20131,2009,Sorghum,1820.3715545654336,214,753.4004522147588,214
20131,2010,Sorghum,2281.6209635750038,214,716.4490014661278,214
20131,2011,Sorghum,2556.353937767972,214,636.9677835471666,214
20131,2012,Sorghum,2629.81759108223,214,439.8215343276388,214
20131,2013,Sorghum,2393.2168914293006,214,785.5827773682977,214
20131,2014,Sorghum,2066.7324466392615,214,715.4706389508792,214
20131,2015,Sorghum,2142.7097106933634,214,817.130288052751,214
20131,2016,Sorghum,2249.279040877543,214,919.454951607695,214
20131,2017,Sorghum,2097.8685001060585,214,589.3857664555107,214
20131,2018,Sorghum,2241.8521640464883,214,751.6856480152928,214
20131,2019,Sorghum,2069.231250000004,214,1118.3932252190425,214
20131,2020,Sorghum,2028.1171569824257,214,643.912727513205,214
20131,2021,Sorghum,2228.1175811767616,214,607.8652727956651,214
20131,2022,Sorghum,2204.370587158207,214,573.1424585987697,214
20131,2023,Sorghum,2245.976600171684,214,591.5308779100887,214
20139,2006,Sorghum,2310.2267067330117,214,585.2637566027188,214
20139,2007,Sorghum,2352.412078857426,214,851.9340481727925,214
20139,2008,Sorghum,2060.5326904296917,214,800.0839504920878,214
20139,2009,Sorghum,1950.9521545410196,214,902.9307145988569,214
20139,2010,Sorghum,2437.072363031059,214,846.2111232258176,214
20139,2011,Sorghum,2685.147394298832,214,480.0846964037046,214
20139,2012,Sorghum,2720.5500991068398,214,364.67323133003447,214
20139,2013,Sorghum,2434.201141907621,214,704.2199840163812,214
20139,2014,Sorghum,2270.769380062895,214,685.3891474818811,214
20139,2015,Sorghum,2343.1656555175823,214,972.0502835661173,214
20139,2016,Sorghum,2494.943597762309,214,981.5320575476762,214
20139,2017,Sorghum,2311.9649234459025,214,874.422777077158,214
20139,2018,Sorghum,2502.0506473228556,214,595.3040695228337,214
20139,2019,Sorghum,2290.4575805664103,214,1171.8751189481445,214
20139,2020,Sorghum,2208.676712036137,214,705.0666022176556,214
20139,2021,Sorghum,2363.988140869145,214,1072.0027043921873,214
20139,2022,Sorghum,2394.2891421959025,214,668.1208382357145,214
20139,2023,Sorghum,2448.687884271293,214,563.9694246919644,214
20149,2006,Sorghum,2240.6116802277384,214,612.4722062993387,214
20149,2007,Sorghum,2292.970361328129,214,856.8471206951217,214
20149,2008,Sorghum,1994.5907958984415,214,762.7603119622072,214
20149,2009,Sorghum,1878.3566104576212,214,789.1544276122622,214
20149,2010,Sorghum,2354.974010630082,214,745.5665762951027,214
20149,2011,Sorghum,2616.6837673998084,214,573.5946102262824,214
20149,2012,Sorghum,2684.8342818460974,214,438.4262073493155,214
20149,2013,Sorghum,2442.336001186527,214,746.9092071216292,214
20149,2014,Sorghum,2175.048929883598,214,670.8281535468996,214
20149,2015,Sorghum,2249.01533813477,214,789.0026667165657,214
20149,2016,Sorghum,2354.2402259201212,214,948.5394973810035,214
20149,2017,Sorghum,2191.2372324959024,214,648.3252114809002,214
20149,2018,Sorghum,2345.91907148516,214,782.4194694294929,214
20149,2019,Sorghum,2150.1285522460976,214,1126.5711229875305,214
20149,2020,Sorghum,2102.7514373779336,214,604.5192090399796,214
20149,2021,Sorghum,2283.8281005859417,214,558.1503551627393,214
20149,2022,Sorghum,2277.0511417076214,214,624.5152870201418,214
20149,2023,Sorghum,2326.2240564064496,214,516.2327758895117,214
20161,2006,Sorghum,2318.7837508904336,214,605.247091779358,214
20161,2007,Sorghum,2358.1167789146525,214,791.7206179464993,214
20161,2008,Sorghum,2062.094519393168,214,749.251293506939,214
20161,2009,Sorghum,1926.1773441001992,214,758.9325954706765,214
20161,2010,Sorghum,2392.8921445251995,214,698.80387018896,214
20161,2011,Sorghum,2637.9254083849646,214,565.2038454414469,214
20161,2012,Sorghum,2674.4880938418005,214,454.5435906036,214
20161,2013,Sorghum,2451.7228202943397,214,750.4596637405921,214
20161,2014,Sorghum,2251.469700497465,214,639.782197565888,214
20161,2015,Sorghum,2321.7789096519573,214,764.6751731467593,214
20161,2016,Sorghum,2464.8758185714887,214,896.6245064469585,214
20161,2017,Sorghum,2298.096042920707,214,625.2138650321576,214
20161,2018,Sorghum,2435.894343441801,214,761.6717130777324,214
20161,2019,Sorghum,2228.5292907714884,214,1040.2174225321105,214
20161,2020,Sorghum,2148.7175659179725,214,623.9849925121744,214
20161,2021,Sorghum,2320.2017734214883,214,643.9589164736972,214
20161,2022,Sorghum,2337.6003238365274,214,659.5383640675791,214
20161,2023,Sorghum,2411.839820136332,214,463.0081017926277,214
20177,2006,Sorghum,2306.4352028267617,214,614.5890596617392,214
20177,2007,Sorghum,2364.5107577964886,214,834.8013483933173,214
20177,2008,Sorghum,2063.5369354248087,214,777.3185163006856,214
20177,2009,Sorghum,1960.0379516601602,214,867.732302482138,214
20177,2010,Sorghum,2436.1825894714884,214,834.6840384568786,214
20177,2011,Sorghum,2672.7474051050817,214,499.9462439036579,214
20177,2012,Sorghum,2730.826422519144,214,372.50348422292154,214
20177,2013,Sorghum,2456.6827733773475,214,691.067433062708,214
20177,2014,Sorghum,2254.4854780853557,214,687.4265469731763,214
20177,2015,Sorghum,2325.5373321533248,214,947.7568074776791,214
20177,2016,Sorghum,2466.286130110942,214,990.0100684619974,214
20177,2017,Sorghum,2287.35552403184,214,839.4353745847839,214
20177,2018,Sorghum,2467.1796905517617,214,621.6484320440213,214
20177,2019,Sorghum,2265.252249145512,214,1087.5958780596848,214
20177,2020,Sorghum,2185.5631683349648,214,699.945088449982,214
20177,2021,Sorghum,2348.835028076176,214,839.7032800088346,214
20177,2022,Sorghum,2378.4488773033245,214,632.463000442629,214
20177,2023,Sorghum,2410.6017019302776,214,497.11226838194125,214
20197,2006,Sorghum,2278.19348564766,214,613.8563183293445,214
20197,2007,Sorghum,2313.150473022465,214,805.5801176019013,214
20197,2008,Sorghum,2022.43343200684,214,774.5084190986236,214
20197,2009,Sorghum,1906.0081756591835,214,812.8719607235398,214
20197,2010,Sorghum,2381.873202264457,214,747.7927161094558,214
20197,2011,Sorghum,2652.468026182816,214,499.90629841871123,214
20197,2012,Sorghum,2694.0969181246132,214,401.9275945199188,214
20197,2013,Sorghum,2434.9431130830117,214,735.4657912862021,214
20197,2014,Sorghum,2217.4383738533243,214,648.3680983120576,214
20197,2015,Sorghum,2290.8190063476604,214,858.2037160062464,214
20197,2016,Sorghum,2412.446261946879,214,916.5838212023955,214
20197,2017,Sorghum,2244.0842994064496,214,745.1748563102738,214
20197,2018,Sorghum,2448.5981296226605,214,674.0121146147721,214
20197,2019,Sorghum,2235.1166870117227,214,1033.650580581976,214
20197,2020,Sorghum,2183.553753662113,214,608.1976547843369,214
20197,2021,Sorghum,2321.914883422856,214,764.0853131533368,214
20197,2022,Sorghum,2335.198526351176,214,651.9277228183346,214
20197,2023,Sorghum,2398.0467679382855,214,496.9737822136376,214
20209,2006,Sorghum,2319.637299034184,214,614.0003466652706,214
20209,2007,Sorghum,2401.34704965059,214,823.0605317409791,214
20209,2008,Sorghum,2079.0856842041057,214,899.9280485396739,214
20209,2009,Sorghum,1970.3014221191447,214,892.5573324672928,214
20209,2010,Sorghum,2452.8426425621137,214,949.084864195378,214
20209,2011,Sorghum,2695.1280006281286,214,563.5959547454358,214
20209,2012,Sorghum,2755.4709843867226,214,394.0124437743507,214
20209,2013,Sorghum,2473.9922765511756,214,726.6221572455834,214
20209,2014,Sorghum,2220.215264892582,214,855.7903195754625,214
20209,2015,Sorghum,2317.611889648442,214,918.8649705772987,214
20209,2016,Sorghum,2448.107482910161,214,938.1530650243221,214
20209,2017,Sorghum,2277.4147460937543,214,1089.6847311235906,214
20209,2018,Sorghum,2494.3382972091836,214,691.0329410513805,214
20209,2019,Sorghum,2282.615167236332,214,994.599823121971,214
20209,2020,Sorghum,2175.0242828369182,214,656.2428517392837,214
20209,2021,Sorghum,2345.1717742919964,214,859.1798317593639,214
20209,2022,Sorghum,2425.855945174418,214,592.9827990243211,214
20209,2023,Sorghum,2464.3333723724654,214,614.998779208865,214
20005,2006,Soybeans,2108.9514801025425,214,634.329132190207,214
20005,2007,Soybeans,2229.038595581058,214,800.1417387641268,214
20005,2008,Soybeans,1960.4487609863315,214,792.648300431727,214
20005,2009,Soybeans,1864.2163391113318,214,832.3016737886937,214
20005,2010,Soybeans,2277.2733978271517,214,920.5063848862192,214
20005,2011,Soybeans,2353.179425048831,214,665.767032115371,214
20005,2012,Soybeans,2430.9501037597684,214,385.5354379056953,214
20005,2013,Soybeans,2214.9293518066434,214,716.0757915957947,214
20005,2014,Soybeans,2078.747671508793,214,807.5376348891878,214
20005,2015,Soybeans,2172.5339416503944,214,856.2130205128342,214
20005,2016,Soybeans,2245.7660308837926,214,974.3625627076253,214
20005,2017,Soybeans,2099.2556427001987,214,793.0786784508964,214
20005,2018,Soybeans,2224.8954315185574,214,767.7157400429569,214
20005,2019,Soybeans,2103.3724121093783,214,1135.2705661566433,214
20005,2020,Soybeans,2026.7349884033235,214,713.9685455165163,214
20005,2021,Soybeans,2149.0020019531285,214,721.2476174277253,214
20005,2022,Soybeans,2107.1243408203154,214,556.7388069496956,214
20005,2023,Soybeans,2190.6599914550816,214,566.4835735705274,214
20013,2006,Soybeans,2063.576010131839,214,623.458638413169,214
20013,2007,Soybeans,2192.095346069339,214,858.1110569092561,214
20013,2008,Soybeans,1939.869784545902,214,751.4365360314259,214
20013,2009,Soybeans,1821.1408569335972,214,798.0161953923525,214
20013,2010,Soybeans,2235.594338989261,214,797.7406786246574,214
20013,2011,Soybeans,2323.199441528323,214,674.052970408753,214
20013,2012,Soybeans,2385.6437683105496,214,432.86633672908647,214
20013,2013,Soybeans,2187.371273803714,214,747.384332574904,214
20013,2014,Soybeans,2042.3697875976598,214,755.1766638585832,214
20013,2015,Soybeans,2116.9684234619176,214,879.5665321137058,214
20013,2016,Soybeans,2215.076962280277,214,981.7197226682329,214
20013,2017,Soybeans,2068.4880676269563,214,626.2461667330936,214
20013,2018,Soybeans,2174.077133178714,214,810.80801289808,214
20013,2019,Soybeans,2066.2211578369174,214,1119.0557701401995,214
20013,2020,Soybeans,1984.8057678222688,214,731.6612933764118,214
20013,2021,Soybeans,2144.8880035400425,214,656.3453571051359,214
20013,2022,Soybeans,2090.602377319339,214,584.9599960742053,214
20013,2023,Soybeans,2181.149969482425,214,616.818196119275,214
20045,2006,Soybeans,2178.033261108402,214,603.8305091161383,214
20045,2007,Soybeans,2292.7926544189486,214,844.5726973973215,214
20045,2008,Soybeans,2028.2596862793005,214,815.1774187030642,214
20045,2009,Soybeans,1932.0142883300816,214,907.0751898679882,214
20045,2010,Soybeans,2336.537768554691,214,876.5778884589672,214
20045,2011,Soybeans,2398.9098876953153,214,510.38027442863677,214
20045,2012,Soybeans,2449.4772857666044,214,357.9861986616161,214
20045,2013,Soybeans,2241.1685913085967,214,697.8829610090106,214
20045,2014,Soybeans,2176.7163055419956,214,776.0423791335134,214
20045,2015,Soybeans,2244.9152374267615,214,902.1930699639997,214
20045,2016,Soybeans,2350.3495269775426,214,918.6107619082031,214
20045,2017,Soybeans,2203.103851318363,214,1020.2121931750808,214
20045,2018,Soybeans,2317.1872802734406,214,621.7145066878152,214
20045,2019,Soybeans,2192.002954101566,214,1241.7900511454282,214
20045,2020,Soybeans,2091.463269042972,214,725.73718734504655,214
20045,2021,Soybeans,2252.8985626220738,214,1008.4688060086592,214
20045,2022,Soybeans,2249.6370697021516,214,642.2845576183317,214
20045,2023,Soybeans,2314.5010070800813,214,593.5077429138728,214
20061,2006,Soybeans,2160.035910034183,214,594.418137394503,214
20061,2007,Soybeans,2241.017095947269,214,754.6274891381036,214
20061,2008,Soybeans,2008.9364379882848,214,728.718510018196,214
20061,2009,Soybeans,1868.468399047855,214,771.1464064866886,214
20061,2010,Soybeans,2271.01336975098,214,738.1599462867016,214
20061,2011,Soybeans,2345.8339447021513,214,549.1322186898274,214
20061,2012,Soybeans,2392.9975799560575,214,446.6323569393717,214
20061,2013,Soybeans,2214.759442138675,214,737.5041355374851,214
20061,2014,Soybeans,2153.8943664550816,214,630.9089877298102,214
20061,2015,Soybeans,2218.666870117191,214,762.6161601756467,214
20061,2016,Soybeans,2355.8724975585974,214,923.8731418685638,214
20061,2017,Soybeans,2207.4954864501988,214,663.8119047768414,214
20061,2018,Soybeans,2302.0614440918,214,753.9046129071503,214
20061,2019,Soybeans,2180.6558044433627,214,968.832976893289,214
20061,2020,Soybeans,2084.0297485351593,214,645.992614209652,214
20061,2021,Soybeans,2228.2770141601595,214,693.9422093069588,214
20061,2022,Soybeans,2228.9254150390657,214,658.9451098467689,214
20061,2023,Soybeans,2286.1257446289096,214,470.7991466684616,214
20085,2006,Soybeans,2086.466668701175,214,616.2130380922463,214
20085,2007,Soybeans,2204.0776824951204,214,854.7711968999356,214
20085,2008,Soybeans,1939.386282348636,214,766.60520144039765,214
20085,2009,Soybeans,1832.9889617919957,214,821.0974280417431,214
20085,2010,Soybeans,2241.812277221683,214,858.6537206007051,214
20085,2011,Soybeans,2344.4967590332058,214,607.2835134016932,214
20085,2012,Soybeans,2412.2460784912137,214,396.48071278224234,214
20085,2013,Soybeans,2205.2574340820343,214,707.9527824756224,214
20085,2014,Soybeans,2057.8629394531285,214,726.7468785906676,214
20085,2015,Soybeans,2156.015158081058,214,843.2103335420834,214
20085,2016,Soybeans,2239.597518920902,214,1034.1760711441748,214
20085,2017,Soybeans,2080.4508453369176,214,743.7419982659048,214
20085,2018,Soybeans,2196.8969512939484,214,710.6322171424981,214
20085,2019,Soybeans,2083.427667236331,214,1112.757120037335,214
20085,2020,Soybeans,2023.7525451660188,214,689.1869332523202,214
20085,2021,Soybeans,2176.95138549805,214,641.2755447253585,214
20085,2022,Soybeans,2143.918276977542,214,584.0725502935238,214
20085,2023,Soybeans,2195.2024169921906,214,535.4135938893305,214
20087,2006,Soybeans,2126.0900695800815,214,610.0398034541868,214
20087,2007,Soybeans,2238.329168701175,214,834.9250207532896,214
20087,2008,Soybeans,1969.355996704105,214,797.6089553119382,214
20087,2009,Soybeans,1902.2995330810581,214,858.0643414621009,214
20087,2010,Soybeans,2296.7883728027377,214,941.4559362250147,214
20087,2011,Soybeans,2367.3207244873074,214,582.2050807254855,214
20087,2012,Soybeans,2436.145504760745,214,366.177722549648,214
20087,2013,Soybeans,2222.3957763671906,214,677.5054351433646,214
20087,2014,Soybeans,2111.2478088378944,214,796.5578035895014,214
20087,2015,Soybeans,2200.988476562504,214,839.1905903869192,214
20087,2016,Soybeans,2299.045077514652,214,1017.428978335578,214
20087,2017,Soybeans,2147.3370605468785,214,927.7700730762444,214
20087,2018,Soybeans,2270.1834716796902,214,595.7828879824374,214
20087,2019,Soybeans,2153.0893188476593,214,1204.268454333942,214
20087,2020,Soybeans,2088.6698364257845,214,718.00666440645,214
20087,2021,Soybeans,2222.0946868896517,214,794.4188341492554,214
20087,2022,Soybeans,2204.5197387695343,214,602.748539146909,214
20087,2023,Soybeans,2264.077767944339,214,564.6720510600135,214
20091,2006,Soybeans,2182.9632110595735,214,619.6798290346599,214
20091,2007,Soybeans,2309.0778778076206,214,846.5337410073057,214
20091,2008,Soybeans,2039.8322814941441,214,894.3426504461095,214
20091,2009,Soybeans,1939.136340332035,214,888.9381846664473,214
20091,2010,Soybeans,2332.742321777347,214,931.8634468265809,214
20091,2011,Soybeans,2410.7606475830107,214,546.2127947002678,214
20091,2012,Soybeans,2451.622244262698,214,416.35517662906267,214
20091,2013,Soybeans,2244.318640136722,214,734.7037839030177,214
20091,2014,Soybeans,2147.1034912109412,214,843.3638652269728,214
20091,2015,Soybeans,2228.804144287113,214,914.4508882756345,214
20091,2016,Soybeans,2344.689102172855,214,1005.409485177719,214
20091,2017,Soybeans,2202.2664886474645,214,1122.3214987171814,214
20091,2018,Soybeans,2335.690121459964,214,683.5712682371892,214
20091,2019,Soybeans,2189.0113891601595,214,1087.9542574998513,214
20091,2020,Soybeans,2079.952706909183,214,688.097481709905,214
20091,2021,Soybeans,2248.399075317386,214,943.1622633891701,214
20091,2022,Soybeans,2279.074322509769,214,594.5962378634642,214
20091,2023,Soybeans,2341.5404724121126,214,628.7336835435126,214
20103,2006,Soybeans,2165.645431518558,214,617.5153500963934,214
20103,2007,Soybeans,2283.596667480472,214,808.4747275705449,214
20103,2008,Soybeans,2010.3367950439488,214,842.456670598127,214
20103,2009,Soybeans,1922.8270843505895,214,877.3604518308275,214
20103,2010,Soybeans,2329.2687530517615,214,936.5882930262014,214
20103,2011,Soybeans,2393.4549987793,214,570.1767842338304,214
20103,2012,Soybeans,2447.1652465820343,214,370.53095191018656,214
20103,2013,Soybeans,2242.037124633792,214,687.7091853243764,214
20103,2014,Soybeans,2134.9325500488317,214,842.162924428354,214
20103,2015,Soybeans,2215.4058471679723,214,863.2780846836395,214
20103,2016,Soybeans,2299.868011474613,214,982.7497671525052,214
20103,2017,Soybeans,2144.086843872074,214,990.0355883069933,214
20103,2018,Soybeans,2292.3025054931672,214,652.2769339675142,214
20103,2019,Soybeans,2152.965045166019,214,1056.0902239110146,214
20103,2020,Soybeans,2077.423315429691,214,665.8491836945177,214
20103,2021,Soybeans,2237.554910278324,214,865.8495346340351,214
20103,2022,Soybeans,2249.0744781494172,214,588.1549104878213,214
20103,2023,Soybeans,2305.356988525394,214,613.8960192171216,214
20117,2006,Soybeans,2029.9621520996125,214,595.6796405240893,214
20117,2007,Soybeans,2151.066311645511,214,905.2617432633415,214
20117,2008,Soybeans,1903.015921020511,214,750.8869911525398,214
20117,2009,Soybeans,1763.6035186767613,214,756.8836342105642,214
20117,2010,Soybeans,2180.526336669925,214,644.7048763539642,214
20117,2011,Soybeans,2289.4098876953153,214,612.7496535740793,214
20117,2012,Soybeans,2345.5699462890652,214,452.7955736331643,214
20117,2013,Soybeans,2161.855575561526,214,778.7993838945404,214
20117,2014,Soybeans,2007.202688598636,214,684.6667639873923,214
20117,2015,Soybeans,2075.7237426757847,214,830.7436098922044,214
20117,2016,Soybeans,2136.284640502933,214,917.5582404863089,214
20117,2017,Soybeans,1985.2705474853549,214,646.769851461053,214
20117,2018,Soybeans,2095.2364654541047,214,770.554224186577,214
20117,2019,Soybeans,1992.136334228519,214,1184.8874700460583,214
20117,2020,Soybeans,1959.7745086669954,214,569.77268011868,214
20117,2021,Soybeans,2131.608325195316,214,575.8765200935305,214
20117,2022,Soybeans,2084.5573516845734,214,575.5426901467144,214
20117,2023,Soybeans,2154.282040405277,214,560.1092402655634,214
20127,2006,Soybeans,2171.3283843994172,214,585.4219764222798,214
20127,2007,Soybeans,2233.5017547607454,214,712.0310467238305,214
20127,2008,Soybeans,1997.513842773441,214,712.7266805682739,214
20127,2009,Soybeans,1846.9497772216832,214,769.065625147894,214
20127,2010,Soybeans,2269.8095947265656,214,784.8670450029895,214
20127,2011,Soybeans,2360.8571319580105,214,521.3158121912129,214
20127,2012,Soybeans,2409.6470123291047,214,422.7629711670743,214
20127,2013,Soybeans,2214.96694030762,214,735.5363860922807,214
20127,2014,Soybeans,2150.0531738281284,214,616.8157900811639,214
20127,2015,Soybeans,2196.761859130863,214,817.9323938207817,214
20127,2016,Soybeans,2327.41893615723,214,799.0455540600233,214
20127,2017,Soybeans,2189.049050903324,214,659.591663422063,214
20127,2018,Soybeans,2295.948187255862,214,783.450351023348,214
20127,2019,Soybeans,2153.53338928223,214,943.8673415442827,214
20127,2020,Soybeans,2042.462600708011,214,617.1860150001012,214
20127,2021,Soybeans,2177.0670379638705,214,745.8414530840964,214
20127,2022,Soybeans,2181.668750000003,214,657.081350395456,214
20127,2023,Soybeans,2226.0582183837923,214,469.1140728255268,214
20131,2006,Soybeans,2033.4953918457063,214,614.6623838879168,214
20131,2007,Soybeans,2163.5596923828157,214,877.9910679105669,214
20131,2008,Soybeans,1915.0108825683628,214,745.6290779041592,214
20131,2009,Soybeans,1777.3129730224646,214,753.4004522147588,214
20131,2010,Soybeans,2189.048522949222,214,716.4490014661278,214
20131,2011,Soybeans,2295.4591003417995,214,636.9677835471666,214
20131,2012,Soybeans,2349.60932312012,214,439.8215343276388,214
20131,2013,Soybeans,2163.597915649417,214,785.5827773682977,214
20131,2014,Soybeans,2007.3121093750033,214,715.4706389508792,214
20131,2015,Soybeans,2078.9936279296912,214,817.130288052751,214
20131,2016,Soybeans,2158.6235778808627,214,919.454951607695,214
20131,2017,Soybeans,2013.658761596683,214,589.3857664555107,214
20131,2018,Soybeans,2117.4402923584016,214,751.6856480152928,214
20131,2019,Soybeans,2017.4255493164096,214,1118.3932252190425,214
20131,2020,Soybeans,1965.057833862308,214,643.912727513205,214
20131,2021,Soybeans,2140.328961181644,214,607.8652727956651,214
20131,2022,Soybeans,2089.819125366214,214,573.1424585987697,214
20131,2023,Soybeans,2160.561499023441,214,591.5308779100887,214
20139,2006,Soybeans,2161.8722351074252,214,585.2637566027188,214
20139,2007,Soybeans,2259.297616577152,214,851.9340481727925,214
20139,2008,Soybeans,2011.0974487304723,214,800.0839504920878,214
20139,2009,Soybeans,1900.8907745361364,214,902.9307145988569,214
20139,2010,Soybeans,2316.864733886722,214,846.2111232258176,214
20139,2011,Soybeans,2384.142291259768,214,480.0846964037046,214
20139,2012,Soybeans,2433.5102966308623,214,364.67323133003447,214
20139,2013,Soybeans,2219.520474243167,214,704.2199840163812,214
20139,2014,Soybeans,2177.245614624027,214,685.3891474818811,214
20139,2015,Soybeans,2250.877578735355,214,972.0502835661173,214
20139,2016,Soybeans,2380.6941711425816,214,981.5320575476762,214
20139,2017,Soybeans,2244.054882812504,214,874.422777077158,214
20139,2018,Soybeans,2342.4853149414093,214,595.3040695228337,214
20139,2019,Soybeans,2215.6743438720737,214,1171.8751189481445,214
20139,2020,Soybeans,2116.6929626464876,214,705.0666022176556,214
20139,2021,Soybeans,2266.8690856933626,214,1072.0027043921873,214
20139,2022,Soybeans,2259.1823181152376,214,668.1208382357145,214
20139,2023,Soybeans,2316.9374206543002,214,563.9694246919644,214
20149,2006,Soybeans,2094.9987274169953,214,612.4722062993387,214
20149,2007,Soybeans,2200.7019226074253,214,856.8471206951217,214
20149,2008,Soybeans,1944.6394348144565,214,762.7603119622072,214
20149,2009,Soybeans,1824.474359130863,214,789.1544276122622,214
20149,2010,Soybeans,2238.9942535400423,214,745.5665762951027,214
20149,2011,Soybeans,2335.3177795410184,214,573.5946102262824,214
20149,2012,Soybeans,2396.0856170654324,214,438.4262073493155,214
20149,2013,Soybeans,2207.60815124512,214,746.9092071216292,214
20149,2014,Soybeans,2087.6467102050815,214,670.8281535468996,214
20149,2015,Soybeans,2162.8224243164095,214,789.0026667165657,214
20149,2016,Soybeans,2250.234362792972,214,948.5394973810035,214
20149,2017,Soybeans,2098.6393554687534,214,648.3252114809002,214
20149,2018,Soybeans,2200.385604858401,214,782.4194694294929,214
20149,2019,Soybeans,2086.789001464847,214,1126.5711229875305,214
20149,2020,Soybeans,2027.6369262695343,214,604.5192090399796,214
20149,2021,Soybeans,2184.1799591064487,214,558.1503551627393,214
20149,2022,Soybeans,2153.617517089847,214,624.5152870201418,214
20149,2023,Soybeans,2218.4292297363313,214,516.2327758895117,214
20161,2006,Soybeans,2153.9966308593785,214,605.247091779358,214
20161,2007,Soybeans,2249.7955993652376,214,791.7206179464993,214
20161,2008,Soybeans,1997.5853637695345,214,749.251293506939,214
20161,2009,Soybeans,1857.7219024658236,214,758.9325954706765,214
20161,2010,Soybeans,2261.620190429691,214,698.80387018896,214
20161,2011,Soybeans,2341.2167205810574,214,565.2038454414469,214
20161,2012,Soybeans,2389.9552001953152,214,454.5435906036,214
20161,2013,Soybeans,2216.8256744384794,214,750.4596637405921,214
20161,2014,Soybeans,2143.5361358642613,214,639.782197565888,214
20161,2015,Soybeans,2213.8544769287146,214,764.6751731467593,214
20161,2016,Soybeans,2351.959982299808,214,896.6245064469585,214
20161,2017,Soybeans,2200.4061859130893,214,625.2138650321576,214
20161,2018,Soybeans,2282.1509185791047,214,761.6717130777324,214
20161,2019,Soybeans,2154.445562744144,214,1040.2174225321105,214
20161,2020,Soybeans,2062.015948486331,214,623.9849925121744,214
20161,2021,Soybeans,2209.9918884277376,214,643.9589164736972,214
20161,2022,Soybeans,2205.1505920410186,214,659.5383640675791,214
20161,2023,Soybeans,2276.2901611328157,214,463.0081017926277,214
20177,2006,Soybeans,2158.2929199218784,214,614.5890596617392,214
20177,2007,Soybeans,2268.5569244384797,214,834.8013483933173,214
20177,2008,Soybeans,2011.6511230468784,214,777.3185163006856,214
20177,2009,Soybeans,1906.5016784668005,214,867.732302482138,214
20177,2010,Soybeans,2314.2499633789093,214,834.6840384568786,214
20177,2011,Soybeans,2379.2842590332057,214,499.9462439036579,214
20177,2012,Soybeans,2440.886117553714,214,372.50348422292154,214
20177,2013,Soybeans,2229.9429595947295,214,691.067433062708,214
20177,2014,Soybeans,2165.1235015869174,214,687.4265469731763,214
20177,2015,Soybeans,2236.1400604248083,214,947.7568074776791,214
20177,2016,Soybeans,2361.7924957275427,214,990.0100684619974,214
20177,2017,Soybeans,2218.249484252933,214,839.4353745847839,214
20177,2018,Soybeans,2315.8893615722686,214,621.6484320440213,214
20177,2019,Soybeans,2194.972613525394,214,1087.5958780596848,214
20177,2020,Soybeans,2101.6467834472687,214,699.945088449982,214
20177,2021,Soybeans,2252.587619018558,214,839.7032800088346,214
20177,2022,Soybeans,2243.627996826175,214,632.463000442629,214
20177,2023,Soybeans,2287.0469177246127,214,497.11226838194125,214
20197,2006,Soybeans,2127.375656127933,214,613.8563183293445,214
20197,2007,Soybeans,2220.40350646973,214,805.5801176019013,214
20197,2008,Soybeans,1972.9583160400425,214,774.5084190986236,214
20197,2009,Soybeans,1851.9881134033237,214,812.8719607235398,214
20197,2010,Soybeans,2262.257183837894,214,747.7927161094558,214
20197,2011,Soybeans,2354.1282257080106,214,499.90629841871123,214
20197,2012,Soybeans,2409.560726928714,214,401.9275945199188,214
20197,2013,Soybeans,2209.649685668948,214,735.4657912862021,214
20197,2014,Soybeans,2125.4818145751988,214,648.3680983120576,214
20197,2015,Soybeans,2196.7592010498083,214,858.2037160062464,214
20197,2016,Soybeans,2310.1357391357456,214,916.5838212023955,214
20197,2017,Soybeans,2166.222155761722,214,745.1748563102738,214
20197,2018,Soybeans,2292.614016723636,214,674.0121146147721,214
20197,2019,Soybeans,2160.9347503662143,214,1033.650580581976,214
20197,2020,Soybeans,2090.307305908206,214,608.1976547843369,214
20197,2021,Soybeans,2220.3635192871125,214,764.0853131533368,214
20197,2022,Soybeans,2205.1028808593783,214,651.9277228183346,214
20197,2023,Soybeans,2270.9687103271517,214,496.9737822136376,214
20209,2006,Soybeans,2177.747787475589,214,614.0003466652706,214
20209,2007,Soybeans,2314.0635040283237,214,823.0605317409791,214
20209,2008,Soybeans,2036.6463195800816,214,899.9280485396739,214
20209,2009,Soybeans,1929.3907623291052,214,892.5573324672928,214
20209,2010,Soybeans,2349.308633422855,214,949.084864195378,214
20209,2011,Soybeans,2416.5587158203152,214,563.5959547454358,214
20209,2012,Soybeans,2461.6263305664093,214,394.0124437743507,214
20209,2013,Soybeans,2256.6779571533234,214,726.6221572455834,214
20209,2014,Soybeans,2162.8031402587926,214,855.7903195754625,214
20209,2015,Soybeans,2250.868905639652,214,918.8649705772987,214
20209,2016,Soybeans,2350.0035858154333,214,938.1530650243221,214
20209,2017,Soybeans,2218.382363891605,214,1089.6847311235906,214
20209,2018,Soybeans,2353.5728912353547,214,691.0329410513805,214
20209,2019,Soybeans,2217.831390380863,214,994.599823121971,214
20209,2020,Soybeans,2099.9333312988315,214,656.2428517392837,214
20209,2021,Soybeans,2260.366699218753,214,859.1798317593639,214
20209,2022,Soybeans,2301.277017211917,214,592.9827990243211,214
20209,2023,Soybeans,2358.7915344238318,214,614.998779208865,214
20005,2006,Wheat,2785.7313934326226,273,484.0473133785126,273
20005,2007,Wheat,2697.662722778325,273,659.644561447727,273
20005,2008,Wheat,2330.5029296875045,274,747.0851459576224,274
20005,2009,Wheat,2492.1267456054734,273,679.9199114437797,273
20005,2010,Wheat,2492.74749450684,273,718.2418682753778,273
20005,2011,Wheat,2718.2629241943405,273,504.1221225326299,273
20005,2012,Wheat,3474.1013732910214,274,532.0034639302175,274
20005,2013,Wheat,2696.2209594726614,273,541.5976688418887,273
20005,2014,Wheat,2524.466052246098,273,573.1777213216992,273
20005,2015,Wheat,2597.2576873779344,273,807.971929596737,273
20005,2016,Wheat,2996.855258178716,274,630.3552848300897,274
20005,2017,Wheat,2875.86691589356,273,647.6275744301965,273
20005,2018,Wheat,2708.539389038091,273,476.65084595840017,273
20005,2019,Wheat,2316.4522949218795,273,1039.8203322701593,273
20005,2020,Wheat,2502.920343017583,274,680.9956231862961,274
20005,2021,Wheat,2519.601547241216,273,601.9598809740346,273
20005,2022,Wheat,2681.2678710937553,273,611.9587362211896,273
20005,2023,Wheat,2564.703710937505,273,503.7157942032791,273
20013,2006,Wheat,2716.6637634277395,273,456.90784907742636,273
20013,2007,Wheat,2620.921350097661,273,665.5979052581824,273
20013,2008,Wheat,2279.469628906254,274,722.1642132442212,274
20013,2009,Wheat,2428.5307830810593,273,664.0671296145883,273
20013,2010,Wheat,2419.822140502934,273,736.8975392177235,273
20013,2011,Wheat,2656.615209960942,273,491.1135626086034,273
20013,2012,Wheat,3384.2148651123102,274,509.59147361741634,274
20013,2013,Wheat,2638.008190917974,273,573.3410432398086,273
20013,2014,Wheat,2471.5621246337932,273,526.5459258042974,273
20013,2015,Wheat,2526.7056152343794,273,801.9810741888359,273
20013,2016,Wheat,2959.9737487793022,274,624.1662298953161,274
20013,2017,Wheat,2800.783822631841,273,585.0619953935384,273
20013,2018,Wheat,2641.968502807622,273,416.6183188492432,273
20013,2019,Wheat,2260.2555450439495,273,1072.5540008817916,273
20013,2020,Wheat,2413.5862426757863,274,612.2767239580862,274
20013,2021,Wheat,2471.1710052490284,273,573.4216912025586,273
20013,2022,Wheat,2640.8606384277396,273,633.3508502517361,273
20013,2023,Wheat,2513.438150024419,273,555.8067505151848,273
20045,2006,Wheat,2927.6101837158258,273,451.4330244366429,273
20045,2007,Wheat,2829.2652893066456,273,794.6466751673324,273
20045,2008,Wheat,2459.680770874028,274,810.5323669056779,274
20045,2009,Wheat,2641.256723022466,273,726.3180417146905,273
20045,2010,Wheat,2613.500942993169,273,755.4238288775086,273
20045,2011,Wheat,2847.952758789067,273,538.0026703779813,273
20045,2012,Wheat,3549.000961303717,274,558.8193473570282,274
20045,2013,Wheat,2765.2277587890676,273,566.2850927482723,273
20045,2014,Wheat,2630.7652130127,273,589.2021487294405,273
20045,2015,Wheat,2743.0389038085987,273,759.0723754074097,273
20045,2016,Wheat,3145.936920166021,274,728.4426086466046,274
20045,2017,Wheat,3113.5068298339897,273,684.3220382869258,273
20045,2018,Wheat,2941.261087036138,273,429.04934338627754,273
20045,2019,Wheat,2514.086050415044,273,1090.7781267997234,273
20045,2020,Wheat,2687.0645568847713,274,684.3275445220061,274
20045,2021,Wheat,2714.8909179687553,273,708.8487004542512,273
20045,2022,Wheat,2951.2523468017635,273,781.7575576089002,273
20045,2023,Wheat,2801.9230407714895,273,574.3246145638077,273
20061,2006,Wheat,2932.826855468755,273,401.67753042656113,273
20061,2007,Wheat,2732.483087158208,273,693.4828947352071,273
20061,2008,Wheat,2424.5137908935594,274,694.1361898477189,274
20061,2009,Wheat,2580.596145629888,273,538.0874803848565,273
20061,2010,Wheat,2474.8764801025436,273,639.4388912967115,273
20061,2011,Wheat,2777.8607208252,273,469.40860674125224,273
20061,2012,Wheat,3396.330233764654,274,550.2202755229614,274
20061,2013,Wheat,2723.9110992431692,273,461.9636187008,273
20061,2014,Wheat,2576.2225524902387,273,534.9661224816518,273
20061,2015,Wheat,2651.2414123535204,273,590.8826539069414,273
20061,2016,Wheat,3146.96506042481,274,658.8772908833344,274
20061,2017,Wheat,3082.7738098144587,273,658.0849379612482,273
20061,2018,Wheat,2926.52345886231,273,314.59377324342495,273
20061,2019,Wheat,2447.645141601567,273,966.9221838568337,273
20061,2020,Wheat,2612.753292846685,274,610.4301068334898,274
20061,2021,Wheat,2677.5883453369192,273,553.9178305699606,273
20061,2022,Wheat,2884.4936370849664,273,605.5812720417921,273
20061,2023,Wheat,2691.8646850585988,273,468.72993730707094,273
20085,2006,Wheat,2763.862899780279,273,458.88509527617134,273
20085,2007,Wheat,2663.843292236333,273,707.4171470729634,273
20085,2008,Wheat,2297.8228942871137,274,730.6489880229346,274
20085,2009,Wheat,2464.612606811528,273,651.7681261887774,273
20085,2010,Wheat,2437.350460815434,273,761.899888340733,273
20085,2011,Wheat,2708.1369995117234,273,481.12698222580366,273
20085,2012,Wheat,3430.1565032959043,274,526.651967458427,274
20085,2013,Wheat,2687.000195312505,273,505.76260003302014,273
20085,2014,Wheat,2494.018103027348,273,567.2639314781409,273
20085,2015,Wheat,2564.737246704106,273,791.5120080724591,273
20085,2016,Wheat,2988.194293212896,274,672.4340136139072,274
20085,2017,Wheat,2842.773150634771,273,652.6374436271144,273
20085,2018,Wheat,2689.0747772216846,273,430.3612854661187,273
20085,2019,Wheat,2290.6434295654344,273,1011.8143846142339,273
20085,2020,Wheat,2472.1457763671924,274,649.9973623431288,274
20085,2021,Wheat,2558.0917419433645,273,569.2857386593678,273
20085,2022,Wheat,2725.9967864990285,273,625.8973007297609,273
20085,2023,Wheat,2566.592578125005,273,494.17858048784547,273
20087,2006,Wheat,2831.6118591308646,273,491.0369743881747,273
20087,2007,Wheat,2734.531137084966,273,735.4203224710654,273
20087,2008,Wheat,2363.4412780761763,274,779.2519035453442,274
20087,2009,Wheat,2557.8494689941454,273,691.4691697101807,273
20087,2010,Wheat,2545.382321166997,273,751.07799470750615,273
20087,2011,Wheat,2769.4450927734424,273,521.1033433958655,273
20087,2012,Wheat,3500.0345428466853,274,540.7803538506269,274
20087,2013,Wheat,2727.818557739263,273,520.0598251565243,273
20087,2014,Wheat,2563.255926513676,273,588.976135390345,273
20087,2015,Wheat,2658.5670654296923,273,744.8344190717908,273
20087,2016,Wheat,3063.3952423095757,274,693.6665521664545,274
20087,2017,Wheat,3000.5248199462944,273,730.2111813912634,273
20087,2018,Wheat,2806.5506713867235,273,430.9744449654245,273
20087,2019,Wheat,2408.9483581543013,273,1028.689970449137,273
20087,2020,Wheat,2629.3637817382864,274,685.9086884704884,274
20087,2021,Wheat,2665.736883544927,273,639.2713093113271,273
20087,2022,Wheat,2859.8182098388725,273,712.4336981214001,273
20087,2023,Wheat,2723.533645629888,273,512.5796812347835,273
20091,2006,Wheat,2934.7826934814507,273,429.8235467655183,273
20091,2007,Wheat,2849.750769042974,273,834.6209458322264,273
20091,2008,Wheat,2500.014331054692,274,854.8757332360427,274
20091,2009,Wheat,2659.126724243169,273,763.4709669649601,273
20091,2010,Wheat,2626.3287139892627,273,862.359710527584,273
20091,2011,Wheat,2848.7246643066455,273,561.2051700155512,273
20091,2012,Wheat,3574.1211853027403,274,598.4530361450538,274
20091,2013,Wheat,2773.7372741699273,273,659.4300520696938,273
20091,2014,Wheat,2625.3227722168012,273,655.2680715641472,273
20091,2015,Wheat,2742.18347473145,273,806.6966124870814,273
20091,2016,Wheat,3149.9210937500056,274,763.7598598315176,274
20091,2017,Wheat,3125.1248901367244,273,686.4542889173608,273
20091,2018,Wheat,2932.1673095703177,273,420.7341328455301,273
20091,2019,Wheat,2525.8290771484426,273,1164.9236952690408,273
20091,2020,Wheat,2675.7155883789114,274,671.2700158961405,274
20091,2021,Wheat,2706.7251098632864,273,706.1439103379175,273
20091,2022,Wheat,2980.165530395513,273,733.9378951934724,273
20091,2023,Wheat,2871.374453735357,273,586.7388894429691,273
20103,2006,Wheat,2888.3789031982474,273,461.95709226833424,273
20103,2007,Wheat,2796.7478302002005,273,763.2239989420632,273
20103,2008,Wheat,2430.7893554687544,274,811.587075623218,274
20103,2009,Wheat,2605.87527160645,273,718.1709502134909,273
20103,2010,Wheat,2593.2050170898483,273,773.5311647327617,273
20103,2011,Wheat,2812.7918151855515,273,537.4101565112069,273
20103,2012,Wheat,3541.3722686767637,274,556.9693002696149,274
20103,2013,Wheat,2755.5543090820365,273,568.9414104282623,273
20103,2014,Wheat,2599.517858886723,273,605.1135443657404,273
20103,2015,Wheat,2693.3843444824265,273,788.3792936412501,273
20103,2016,Wheat,3087.985800170904,274,714.1339858807623,274
20103,2017,Wheat,3003.516687011724,273,702.847127127985,273
20103,2018,Wheat,2829.6367584228565,273,455.14966063111206,273
20103,2019,Wheat,2433.475805664067,273,1093.756583695911,273
20103,2020,Wheat,2631.339114379888,274,648.9843287261901,274
20103,2021,Wheat,2674.1328765869193,273,689.2859614793852,273
20103,2022,Wheat,2906.03957214356,273,745.4956658671144,273
20103,2023,Wheat,2806.8954467773488,273,552.7025334691934,273
20117,2006,Wheat,2676.9270751953177,273,380.84372590482235,273
20117,2007,Wheat,2552.122262573247,273,718.0762759754434,273
20117,2008,Wheat,2230.8239379882857,274,678.9047547886148,274
20117,2009,Wheat,2384.0052368164106,273,593.5096551850439,273
20117,2010,Wheat,2334.7906219482466,273,696.3644998390228,273
20117,2011,Wheat,2623.0099792480514,273,453.4691715352238,273
20117,2012,Wheat,3287.4057342529354,274,528.2646556571126,274
20117,2013,Wheat,2588.267810058599,273,529.8025361057371,273
20117,2014,Wheat,2403.1851684570356,273,532.7711343038827,273
20117,2015,Wheat,2463.3303741455125,273,696.2837881073356,273
20117,2016,Wheat,2889.4781829834037,274,645.0922166248783,274
20117,2017,Wheat,2658.96362304688,273,649.0835634432734,273
20117,2018,Wheat,2578.1029968261764,273,426.57963205594575,273
20117,2019,Wheat,2175.8133972168016,273,982.8919195039199,273
20117,2020,Wheat,2369.5875762939504,274,567.9790557213128,274
20117,2021,Wheat,2511.86147460938,273,519.5251818681137,273
20117,2022,Wheat,2673.469955444341,273,524.4148085191846,273
20117,2023,Wheat,2504.2136413574267,273,504.86840807646524,273
20127,2006,Wheat,2941.493963623052,273,435.09748442619457,273
20127,2007,Wheat,2721.1348663330127,273,678.8042708539579,273
20127,2008,Wheat,2429.9298370361375,274,700.063180512836,274
20127,2009,Wheat,2558.407699584966,273,540.1356656819116,273
20127,2010,Wheat,2467.1014831543016,273,577.0519990941684,273
20127,2011,Wheat,2806.1067626953172,273,453.50337897241116,273
20127,2012,Wheat,3399.827331542974,274,549.8144263424911,274
20127,2013,Wheat,2731.38290405274,273,448.0767122339457,273
20127,2014,Wheat,2580.224276733403,273,495.15379271036363,273
20127,2015,Wheat,2630.8626464843796,273,607.8598842445062,273
20127,2016,Wheat,3117.4803009033258,274,595.1726574149798,274
20127,2017,Wheat,3054.4344665527397,273,656.2501340215094,273
20127,2018,Wheat,2911.391787719732,273,328.13356643985026,273
20127,2019,Wheat,2426.2529296875045,273,984.7276766187279,273
20127,2020,Wheat,2570.7310516357475,274,543.6400886921256,274
20127,2021,Wheat,2620.2789031982475,273,581.63371555919,273
20127,2022,Wheat,2813.602117919927,273,630.4936267433732,273
20127,2023,Wheat,2591.418634033208,273,424.12335292925127,273
20131,2006,Wheat,2667.671551513677,273,418.79301726818085,273
20131,2007,Wheat,2571.7537017822315,273,679.8480155719444,273
20131,2008,Wheat,2234.4490814209025,274,709.0645525250584,274
20131,2009,Wheat,2385.6878723144578,273,615.8286218931316,273
20131,2010,Wheat,2354.3600982666057,273,740.6791575148382,273
20131,2011,Wheat,2616.811999511723,273,465.3193964797392,273
20131,2012,Wheat,3302.5861022949275,274,505.4430524730851,274
20131,2013,Wheat,2590.380566406255,273,569.8284365853615,273
20131,2014,Wheat,2415.9421722412153,273,527.2031631944701,273
20131,2015,Wheat,2467.720028686528,273,748.8832409362658,273
20131,2016,Wheat,2897.777182006841,274,627.2843430947833,274
20131,2017,Wheat,2704.986010742193,273,564.4763947633328,273
20131,2018,Wheat,2584.586453247075,273,394.70274875972245,273
20131,2019,Wheat,2201.0275573730514,273,989.7738515420642,273
20131,2020,Wheat,2377.101339721685,274,604.1545854363067,274
20131,2021,Wheat,2489.9789978027393,273,542.1658520759083,273
20131,2022,Wheat,2648.5168579101614,273,548.3308584514889,273
20131,2023,Wheat,2493.880462646489,273,523.5034894007258,273
20139,2006,Wheat,2905.76557617188,273,443.55101524524434,273
20139,2007,Wheat,2783.61193542481,273,803.1314501632787,273
20139,2008,Wheat,2444.162252807622,274,788.4469578135634,274
20139,2009,Wheat,2606.021548461919,273,724.6892419811338,273
20139,2010,Wheat,2568.9558898925825,273,744.7846310071509,273
20139,2011,Wheat,2827.8894134521533,273,512.1906064632349,273
20139,2012,Wheat,3481.6339599609432,274,556.1800772149909,274
20139,2013,Wheat,2727.6586212158254,273,542.3522577939511,273
20139,2014,Wheat,2615.6800933837935,273,559.3949834206142,273
20139,2015,Wheat,2741.9677673339893,273,802.5870552391607,273
20139,2016,Wheat,3184.3683929443414,274,829.8850653601949,274
20139,2017,Wheat,3156.917825317388,273,649.8563428194942,273
20139,2018,Wheat,2997.6692382812553,273,408.2558600029115,273
20139,2019,Wheat,2538.2905609130908,273,1022.6025349387601,273
20139,2020,Wheat,2721.251522827154,274,676.8191688497136,274
20139,2021,Wheat,2743.289736938482,273,745.7392019270919,273
20139,2022,Wheat,2962.3692962646537,273,778.9421877977438,273
20139,2023,Wheat,2806.642807006841,273,578.9541415617771,273
20149,2006,Wheat,2796.7928039550834,273,394.84181790156435,273
20149,2007,Wheat,2649.561322021489,273,726.1325443170499,273
20149,2008,Wheat,2320.733016967778,274,680.3418477675004,274
20149,2009,Wheat,2473.51992797852,273,599.9994323655883,273
20149,2010,Wheat,2420.0004333496136,273,728.3432488774779,273
20149,2011,Wheat,2714.985653686528,273,450.69774090044666,273
20149,2012,Wheat,3390.5932861328183,274,544.6600240236148,274
20149,2013,Wheat,2689.9300903320363,273,487.54962038410304,273
20149,2014,Wheat,2506.608422851567,273,556.621583906297,273
20149,2015,Wheat,2575.9277984619184,273,694.7833461681003,273
20149,2016,Wheat,3026.1658294677786,274,643.6851785316103,274
20149,2017,Wheat,2872.884313964849,273,626.7866586620512,273
20149,2018,Wheat,2745.579669189458,273,410.7183389383936,273
20149,2019,Wheat,2312.2478088378953,273,981.5873785783988,273
20149,2020,Wheat,2486.4119720459034,274,596.7868857319554,274
20149,2021,Wheat,2589.4673797607475,273,502.7268162483815,273
20149,2022,Wheat,2766.09096679688,273,618.6980311677326,273
20149,2023,Wheat,2593.1792175293017,273,472.1957271249121,273
20161,2006,Wheat,2903.4958770752005,273,383.1577346499471,273
20161,2007,Wheat,2737.5006713867238,273,701.3580686663154,273
20161,2008,Wheat,2401.848672485356,274,680.1205245603742,274
20161,2009,Wheat,2551.671484375005,273,541.4505338196395,273
20161,2010,Wheat,2448.682043457036,273,673.8306453261321,273
20161,2011,Wheat,2748.2753295898483,273,468.4437198919368,273
20161,2012,Wheat,3390.312936401373,274,549.0915794505636,274
20161,2013,Wheat,2712.455569458013,273,477.88408963263646,273
20161,2014,Wheat,2560.955444335942,273,548.637817065839,273
20161,2015,Wheat,2632.5983978271533,273,591.1066998788156,273
20161,2016,Wheat,3140.3521972656304,274,657.558407963872,274
20161,2017,Wheat,3054.4785949707084,273,601.2080112836484,273
20161,2018,Wheat,2894.082635498052,273,335.85371122069773,273
20161,2019,Wheat,2413.088360595708,273,961.7150673042161,273
20161,2020,Wheat,2544.792776489263,274,573.0674345501066,274
20161,2021,Wheat,2620.0007598877005,273,483.57502537512846,273
20161,2022,Wheat,2835.815692138677,273,610.2129290976263,273
20161,2023,Wheat,2664.294741821294,273,463.5690613021143,273
20177,2006,Wheat,2898.0861938476614,273,444.57619731873274,273
20177,2007,Wheat,2783.862094116216,273,762.6337515247433,273
20177,2008,Wheat,2438.1497070312544,274,754.6029060613364,274
20177,2009,Wheat,2612.0573638916067,273,687.1108221640461,273
20177,2010,Wheat,2557.311956787114,273,750.1567326815566,273
20177,2011,Wheat,2809.876068115239,273,477.4522488217335,273
20177,2012,Wheat,3483.222018432623,274,553.215634668828,274
20177,2013,Wheat,2742.292593383794,273,515.8805279065855,273
20177,2014,Wheat,2606.640859985356,273,556.9803994972026,273
20177,2015,Wheat,2716.805999755864,273,747.1127515216358,273
20177,2016,Wheat,3157.5639312744197,274,755.9028367268038,274
20177,2017,Wheat,3110.6375946044977,273,694.8961559208183,273
20177,2018,Wheat,2931.3136505127004,273,418.4840124651673,273
20177,2019,Wheat,2491.1954010009813,273,1002.8869948905776,273
20177,2020,Wheat,2667.2709503173883,274,634.0499646759708,274
20177,2021,Wheat,2698.7284912109426,273,651.3208051647525,273
20177,2022,Wheat,2906.2922943115286,273,726.1459061258938,273
20177,2023,Wheat,2747.117623901372,273,529.0880423838971,273
20197,2006,Wheat,2859.3506500244193,273,406.51916426513344,273
20197,2007,Wheat,2699.323126220708,273,732.676870242256,273
20197,2008,Wheat,2387.9126312255903,274,701.4623809142504,274
20197,2009,Wheat,2529.7403991699266,273,610.8397894068185,273
20197,2010,Wheat,2468.428692626958,273,691.9068440793199,273
20197,2011,Wheat,2771.245483398442,273,441.8298061636742,273
20197,2012,Wheat,3414.875711059576,274,560.151470707613,274
20197,2013,Wheat,2705.1079101562555,273,492.30769020936714,273
20197,2014,Wheat,2553.6297363281296,273,551.4366061348701,273
20197,2015,Wheat,2641.3479095459033,273,689.2975637393538,273
20197,2016,Wheat,3100.4271942138726,274,652.3776885801926,274
20197,2017,Wheat,3021.939959716802,273,697.3812986084085,273
20197,2018,Wheat,2882.4270507812553,273,379.04511925240513,273
20197,2019,Wheat,2422.439108276372,273,994.3930539607536,273
20197,2020,Wheat,2613.6299591064508,274,595.2772755933984,274
20197,2021,Wheat,2667.5733123779346,273,602.5827663511736,273
20197,2022,Wheat,2857.111996459966,273,651.445463560638,273
20197,2023,Wheat,2685.2124359130908,273,493.1807535664266,273
20209,2006,Wheat,2908.8550567627008,273,421.86968422911013,273
20209,2007,Wheat,2832.384359741216,273,822.177830202505,273
20209,2008,Wheat,2486.490814208989,274,830.5883493596339,274
20209,2009,Wheat,2641.8007415771535,273,756.6370193264447,273
20209,2010,Wheat,2617.608068847661,273,831.2524873155089,273
20209,2011,Wheat,2836.5376831054737,273,549.1319227362501,273
20209,2012,Wheat,3564.802749633795,274,568.1500282668858,274
20209,2013,Wheat,2759.9894317627004,273,641.0275263266476,273
20209,2014,Wheat,2630.5450317382856,273,642.3714025592271,273
20209,2015,Wheat,2743.615426635747,273,842.9457115146797,273
20209,2016,Wheat,3165.3157928466853,274,777.4921701377607,274
20209,2017,Wheat,3132.425106811529,273,643.1783845711034,273
20209,2018,Wheat,2912.235812377935,273,462.279439647682,273
20209,2019,Wheat,2521.922052001958,273,1126.5019750070983,273
20209,2020,Wheat,2673.45737304688,274,629.5390133512847,274
20209,2021,Wheat,2703.1140869140677,273,708.9598613991984,273
20209,2022,Wheat,2963.8989013671926,273,724.4665206709178,273
20209,2023,Wheat,2881.761904907232,273,541.123465834622,273
