"","FIPS","Year","crop","GDD","n_days"
"1","20005",2006,"Corn",2108.95177001953,214
"2","20005",2007,"Corn",2229.03870239258,214
"3","20005",2008,"Corn",1960.44885253907,214
"4","20005",2009,"Corn",1864.21670532227,214
"5","20005",2010,"Corn",2277.27368774414,214
"6","20005",2011,"Corn",2353.17951660157,214
"7","20005",2012,"Corn",2430.95024108887,214
"8","20005",2013,"Corn",2214.92956542969,214
"9","20005",2014,"Corn",2078.74776306153,214
"10","20005",2015,"Corn",2172.53395690918,214
"11","20005",2016,"Corn",2245.76622924805,214
"12","20005",2017,"Corn",2099.25593261719,214
"13","20005",2018,"Corn",2224.89566040039,214
"14","20005",2019,"Corn",2103.37262573243,214
"15","20005",2020,"Corn",2026.7352935791,214
"16","20005",2021,"Corn",2149.00249023438,214
"17","20005",2022,"Corn",2107.12514953614,214
"18","20005",2023,"Corn",2190.66011352539,214
"19","20005",2024,"Corn",2226.27669677735,214
"20","20005",2025,"Corn",2159.35773925782,214
"21","20013",2006,"Corn",2063.5746673584,214
"22","20013",2007,"Corn",2192.09411010742,214
"23","20013",2008,"Corn",1939.86835021973,214
"24","20013",2009,"Corn",1821.13902587891,214
"25","20013",2010,"Corn",2235.59353027344,214
"26","20013",2011,"Corn",2323.19875488282,214
"27","20013",2012,"Corn",2385.64321899414,214
"28","20013",2013,"Corn",2187.37040405274,214
"29","20013",2014,"Corn",2042.36878051758,214
"30","20013",2015,"Corn",2116.96753845215,214
"31","20013",2016,"Corn",2215.07557373047,214
"32","20013",2017,"Corn",2068.48670959473,214
"33","20013",2018,"Corn",2174.076171875,214
"34","20013",2019,"Corn",2066.22010498047,214
"35","20013",2020,"Corn",1984.80459289551,214
"36","20013",2021,"Corn",2144.88693542481,214
"37","20013",2022,"Corn",2090.60153808594,214
"38","20013",2023,"Corn",2181.14929809571,214
"39","20013",2024,"Corn",2213.01013183594,214
"40","20013",2025,"Corn",2131.1208190918,214
"41","20045",2006,"Corn",2178.03316955567,214
"42","20045",2007,"Corn",2292.79236450196,214
"43","20045",2008,"Corn",2028.2596862793,214
"44","20045",2009,"Corn",1932.01387634278,214
"45","20045",2010,"Corn",2336.53746337891,214
"46","20045",2011,"Corn",2398.90985717774,214
"47","20045",2012,"Corn",2449.47705688477,214
"48","20045",2013,"Corn",2241.16849975586,214
"49","20045",2014,"Corn",2176.71606140137,214
"50","20045",2015,"Corn",2244.91502380371,214
"51","20045",2016,"Corn",2350.34948120118,214
"52","20045",2017,"Corn",2203.10383605957,214
"53","20045",2018,"Corn",2317.18714294434,214
"54","20045",2019,"Corn",2192.00322875977,214
"55","20045",2020,"Corn",2091.46354370118,214
"56","20045",2021,"Corn",2252.89839477539,214
"57","20045",2022,"Corn",2249.63699340821,214
"58","20045",2023,"Corn",2314.5008392334,214
"59","20045",2024,"Corn",2353.4560333252,214
"60","20045",2025,"Corn",2253.66779479981,214
"61","20061",2006,"Corn",2160.0376953125,214
"62","20061",2007,"Corn",2241.01875915528,214
"63","20061",2008,"Corn",2008.93817749024,214
"64","20061",2009,"Corn",1868.47012329102,214
"65","20061",2010,"Corn",2271.01494140625,214
"66","20061",2011,"Corn",2345.83548583985,214
"67","20061",2012,"Corn",2392.99915161133,214
"68","20061",2013,"Corn",2214.76089172364,214
"69","20061",2014,"Corn",2153.89642639161,214
"70","20061",2015,"Corn",2218.66865539551,214
"71","20061",2016,"Corn",2355.87409973145,214
"72","20061",2017,"Corn",2207.4973022461,214
"73","20061",2018,"Corn",2302.06321411133,214
"74","20061",2019,"Corn",2180.65762023926,214
"75","20061",2020,"Corn",2084.03170166016,214
"76","20061",2021,"Corn",2228.27881469727,214
"77","20061",2022,"Corn",2228.92683410645,214
"78","20061",2023,"Corn",2286.1274383545,214
"79","20061",2024,"Corn",2323.98444213868,214
"80","20061",2025,"Corn",2252.66355285645,214
"81","20085",2006,"Corn",2086.46665344239,214
"82","20085",2007,"Corn",2204.0774383545,214
"83","20085",2008,"Corn",1939.3861907959,214
"84","20085",2009,"Corn",1832.98859558106,214
"85","20085",2010,"Corn",2241.81206359864,214
"86","20085",2011,"Corn",2344.49665222168,214
"87","20085",2012,"Corn",2412.2459564209,214
"88","20085",2013,"Corn",2205.25723571778,214
"89","20085",2014,"Corn",2057.86275634766,214
"90","20085",2015,"Corn",2156.01512756348,214
"91","20085",2016,"Corn",2239.5975189209,214
"92","20085",2017,"Corn",2080.45081481934,214
"93","20085",2018,"Corn",2196.89689025879,214
"94","20085",2019,"Corn",2083.42780456543,214
"95","20085",2020,"Corn",2023.75260620118,214
"96","20085",2021,"Corn",2176.9513092041,214
"97","20085",2022,"Corn",2143.91830749512,214
"98","20085",2023,"Corn",2195.20218811035,214
"99","20085",2024,"Corn",2241.52088623047,214
"100","20085",2025,"Corn",2166.26967163086,214
"101","20087",2006,"Corn",2126.08897094727,214
"102","20087",2007,"Corn",2238.32797851563,214
"103","20087",2008,"Corn",1969.35469970703,214
"104","20087",2009,"Corn",1902.2980834961,214
"105","20087",2010,"Corn",2296.78719787598,214
"106","20087",2011,"Corn",2367.31950378418,214
"107","20087",2012,"Corn",2436.14460449219,214
"108","20087",2013,"Corn",2222.39458618164,214
"109","20087",2014,"Corn",2111.24652709961,214
"110","20087",2015,"Corn",2200.98730163575,214
"111","20087",2016,"Corn",2299.04402465821,214
"112","20087",2017,"Corn",2147.33608398438,214
"113","20087",2018,"Corn",2270.18255615235,214
"114","20087",2019,"Corn",2153.08846435547,214
"115","20087",2020,"Corn",2088.66878356934,214
"116","20087",2021,"Corn",2222.09352722168,214
"117","20087",2022,"Corn",2204.51871643067,214
"118","20087",2023,"Corn",2264.07679138184,214
"119","20087",2024,"Corn",2303.45078735352,214
"120","20087",2025,"Corn",2230.90226135254,214
"121","20091",2006,"Corn",2182.96598815918,214
"122","20091",2007,"Corn",2309.08062438965,214
"123","20091",2008,"Corn",2039.8352722168,214
"124","20091",2009,"Corn",1939.13916320801,214
"125","20091",2010,"Corn",2332.74474792481,214
"126","20091",2011,"Corn",2410.76281433106,214
"127","20091",2012,"Corn",2451.62453308106,214
"128","20091",2013,"Corn",2244.32126464844,214
"129","20091",2014,"Corn",2147.10637512207,214
"130","20091",2015,"Corn",2228.80697937012,214
"131","20091",2016,"Corn",2344.69212341309,214
"132","20091",2017,"Corn",2202.26954040528,214
"133","20091",2018,"Corn",2335.69268493653,214
"134","20091",2019,"Corn",2189.0141204834,214
"135","20091",2020,"Corn",2079.95527038575,214
"136","20091",2021,"Corn",2248.40163879395,214
"137","20091",2022,"Corn",2279.07668762207,214
"138","20091",2023,"Corn",2341.54308166504,214
"139","20091",2024,"Corn",2376.0770477295,214
"140","20091",2025,"Corn",2311.7402130127,214
"141","20103",2006,"Corn",2165.6466217041,214
"142","20103",2007,"Corn",2283.59752197266,214
"143","20103",2008,"Corn",2010.33800048828,214
"144","20103",2009,"Corn",1922.82865600586,214
"145","20103",2010,"Corn",2329.27008056641,214
"146","20103",2011,"Corn",2393.45606689453,214
"147","20103",2012,"Corn",2447.16622314453,214
"148","20103",2013,"Corn",2242.03810119629,214
"149","20103",2014,"Corn",2134.93410644532,214
"150","20103",2015,"Corn",2215.40705261231,214
"151","20103",2016,"Corn",2299.86961364746,214
"152","20103",2017,"Corn",2144.08821716309,214
"153","20103",2018,"Corn",2292.30355834961,214
"154","20103",2019,"Corn",2152.96647949219,214
"155","20103",2020,"Corn",2077.42465820313,214
"156","20103",2021,"Corn",2237.55608520508,214
"157","20103",2022,"Corn",2249.07546997071,214
"158","20103",2023,"Corn",2305.35794982911,214
"159","20103",2024,"Corn",2335.18877868653,214
"160","20103",2025,"Corn",2272.81050109864,214
"161","20117",2006,"Corn",2029.96120605469,214
"162","20117",2007,"Corn",2151.06512145996,214
"163","20117",2008,"Corn",1903.01434936524,214
"164","20117",2009,"Corn",1763.60252685547,214
"165","20117",2010,"Corn",2180.52516174317,214
"166","20117",2011,"Corn",2289.4089263916,214
"167","20117",2012,"Corn",2345.56922912598,214
"168","20117",2013,"Corn",2161.85470581055,214
"169","20117",2014,"Corn",2007.20163574219,214
"170","20117",2015,"Corn",2075.72250671387,214
"171","20117",2016,"Corn",2136.28381652832,214
"172","20117",2017,"Corn",1985.26983032227,214
"173","20117",2018,"Corn",2095.23622131348,214
"174","20117",2019,"Corn",1992.13557128907,214
"175","20117",2020,"Corn",1959.77325744629,214
"176","20117",2021,"Corn",2131.60716552735,214
"177","20117",2022,"Corn",2084.55628356934,214
"178","20117",2023,"Corn",2154.28062133789,214
"179","20117",2024,"Corn",2178.37673034668,214
"180","20117",2025,"Corn",2105.15931701661,214
"181","20127",2006,"Corn",2171.32800292969,214
"182","20127",2007,"Corn",2233.5014038086,214
"183","20127",2008,"Corn",1997.51359863282,214
"184","20127",2009,"Corn",1846.94953308106,214
"185","20127",2010,"Corn",2269.80948791504,214
"186","20127",2011,"Corn",2360.85667419434,214
"187","20127",2012,"Corn",2409.64681396485,214
"188","20127",2013,"Corn",2214.96660461426,214
"189","20127",2014,"Corn",2150.05276184082,214
"190","20127",2015,"Corn",2196.76176757813,214
"191","20127",2016,"Corn",2327.41905822754,214
"192","20127",2017,"Corn",2189.04898986817,214
"193","20127",2018,"Corn",2295.9481414795,214
"194","20127",2019,"Corn",2153.53325195313,214
"195","20127",2020,"Corn",2042.46231079102,214
"196","20127",2021,"Corn",2177.06670227051,214
"197","20127",2022,"Corn",2181.66849060059,214
"198","20127",2023,"Corn",2226.05782165528,214
"199","20127",2024,"Corn",2282.34580078125,214
"200","20127",2025,"Corn",2198.21499633789,214
"201","20131",2006,"Corn",2033.4970703125,214
"202","20131",2007,"Corn",2163.56137084961,214
"203","20131",2008,"Corn",1915.01251525879,214
"204","20131",2009,"Corn",1777.31475830078,214
"205","20131",2010,"Corn",2189.05018615723,214
"206","20131",2011,"Corn",2295.46080932617,214
"207","20131",2012,"Corn",2349.61107788086,214
"208","20131",2013,"Corn",2163.59963989258,214
"209","20131",2014,"Corn",2007.31404724121,214
"210","20131",2015,"Corn",2078.99600830078,214
"211","20131",2016,"Corn",2158.62536315918,214
"212","20131",2017,"Corn",2013.66059265137,214
"213","20131",2018,"Corn",2117.44218444825,214
"214","20131",2019,"Corn",2017.42733459473,214
"215","20131",2020,"Corn",1965.05946655274,214
"216","20131",2021,"Corn",2140.33044128418,214
"217","20131",2022,"Corn",2089.82059020996,214
"218","20131",2023,"Corn",2160.56287231446,214
"219","20131",2024,"Corn",2197.95878601075,214
"220","20131",2025,"Corn",2121.02141723633,214
"221","20139",2006,"Corn",2161.87446289063,214
"222","20139",2007,"Corn",2259.29967651368,214
"223","20139",2008,"Corn",2011.09960021973,214
"224","20139",2009,"Corn",1900.8927734375,214
"225","20139",2010,"Corn",2316.86656494141,214
"226","20139",2011,"Corn",2384.14429016114,214
"227","20139",2012,"Corn",2433.51211242676,214
"228","20139",2013,"Corn",2219.52242736817,214
"229","20139",2014,"Corn",2177.24759826661,214
"230","20139",2015,"Corn",2250.87994384766,214
"231","20139",2016,"Corn",2380.69641418457,214
"232","20139",2017,"Corn",2244.05732421875,214
"233","20139",2018,"Corn",2342.4872833252,214
"234","20139",2019,"Corn",2215.67635803223,214
"235","20139",2020,"Corn",2116.69502258301,214
"236","20139",2021,"Corn",2266.87109985352,214
"237","20139",2022,"Corn",2259.18428649903,214
"238","20139",2023,"Corn",2316.93935852051,214
"239","20139",2024,"Corn",2329.2347442627,214
"240","20139",2025,"Corn",2255.63425292969,214
"241","20149",2006,"Corn",2094.99822387696,214
"242","20149",2007,"Corn",2200.70144958496,214
"243","20149",2008,"Corn",1944.63870239258,214
"244","20149",2009,"Corn",1824.47355041504,214
"245","20149",2010,"Corn",2238.99375,214
"246","20149",2011,"Corn",2335.31747436524,214
"247","20149",2012,"Corn",2396.08549499512,214
"248","20149",2013,"Corn",2207.60772399903,214
"249","20149",2014,"Corn",2087.64645080567,214
"250","20149",2015,"Corn",2162.82205810547,214
"251","20149",2016,"Corn",2250.23395080567,214
"252","20149",2017,"Corn",2098.63920288086,214
"253","20149",2018,"Corn",2200.38562011719,214
"254","20149",2019,"Corn",2086.78884887696,214
"255","20149",2020,"Corn",2027.63649902344,214
"256","20149",2021,"Corn",2184.17939453125,214
"257","20149",2022,"Corn",2153.61722717285,214
"258","20149",2023,"Corn",2218.4288482666,214
"259","20149",2024,"Corn",2233.89164123536,214
"260","20149",2025,"Corn",2148.53112792969,214
"261","20161",2006,"Corn",2153.9957611084,214
"262","20161",2007,"Corn",2249.79453125,214
"263","20161",2008,"Corn",1997.5844329834,214
"264","20161",2009,"Corn",1857.72100219727,214
"265","20161",2010,"Corn",2261.61921386719,214
"266","20161",2011,"Corn",2341.21592712403,214
"267","20161",2012,"Corn",2389.95462036133,214
"268","20161",2013,"Corn",2216.82485046387,214
"269","20161",2014,"Corn",2143.53514404297,214
"270","20161",2015,"Corn",2213.85345458985,214
"271","20161",2016,"Corn",2351.95921936035,214
"272","20161",2017,"Corn",2200.40522460938,214
"273","20161",2018,"Corn",2282.15041503907,214
"274","20161",2019,"Corn",2154.44489135743,214
"275","20161",2020,"Corn",2062.01513977051,214
"276","20161",2021,"Corn",2209.99129333496,214
"277","20161",2022,"Corn",2205.14976806641,214
"278","20161",2023,"Corn",2276.28933715821,214
"279","20161",2024,"Corn",2289.68025817871,214
"280","20161",2025,"Corn",2217.44271240235,214
"281","20177",2006,"Corn",2158.29406433106,214
"282","20177",2007,"Corn",2268.55808410645,214
"283","20177",2008,"Corn",2011.65219116211,214
"284","20177",2009,"Corn",1906.50286865235,214
"285","20177",2010,"Corn",2314.25119934082,214
"286","20177",2011,"Corn",2379.28529663086,214
"287","20177",2012,"Corn",2440.88706359864,214
"288","20177",2013,"Corn",2229.94392089844,214
"289","20177",2014,"Corn",2165.12499694825,214
"290","20177",2015,"Corn",2236.14115905762,214
"291","20177",2016,"Corn",2361.79371643067,214
"292","20177",2017,"Corn",2218.25084228516,214
"293","20177",2018,"Corn",2315.89039916992,214
"294","20177",2019,"Corn",2194.97388000489,214
"295","20177",2020,"Corn",2101.64779052735,214
"296","20177",2021,"Corn",2252.58888549805,214
"297","20177",2022,"Corn",2243.6289428711,214
"298","20177",2023,"Corn",2287.04800109864,214
"299","20177",2024,"Corn",2316.49849243164,214
"300","20177",2025,"Corn",2237.86821899414,214
"301","20197",2006,"Corn",2127.37651062012,214
"302","20197",2007,"Corn",2220.40448303223,214
"303","20197",2008,"Corn",1972.9594909668,214
"304","20197",2009,"Corn",1851.98886108399,214
"305","20197",2010,"Corn",2262.25806884766,214
"306","20197",2011,"Corn",2354.128805542,214
"307","20197",2012,"Corn",2409.56165771485,214
"308","20197",2013,"Corn",2209.65038757325,214
"309","20197",2014,"Corn",2125.4826538086,214
"310","20197",2015,"Corn",2196.76022338868,214
"311","20197",2016,"Corn",2310.13659362793,214
"312","20197",2017,"Corn",2166.22301025391,214
"313","20197",2018,"Corn",2292.6151763916,214
"314","20197",2019,"Corn",2160.93566589356,214
"315","20197",2020,"Corn",2090.3085723877,214
"316","20197",2021,"Corn",2220.36475524903,214
"317","20197",2022,"Corn",2205.10401000977,214
"318","20197",2023,"Corn",2270.96977844239,214
"319","20197",2024,"Corn",2298.93848571778,214
"320","20197",2025,"Corn",2207.2163269043,214
"321","20209",2006,"Corn",2177.74465942383,214
"322","20209",2007,"Corn",2314.06039123535,214
"323","20209",2008,"Corn",2036.6429473877,214
"324","20209",2009,"Corn",1929.38748168946,214
"325","20209",2010,"Corn",2349.30526123047,214
"326","20209",2011,"Corn",2416.55642700196,214
"327","20209",2012,"Corn",2461.62372131348,214
"328","20209",2013,"Corn",2256.67530212403,214
"329","20209",2014,"Corn",2162.79956970215,214
"330","20209",2015,"Corn",2250.86509094239,214
"331","20209",2016,"Corn",2349.99989318848,214
"332","20209",2017,"Corn",2218.37883911133,214
"333","20209",2018,"Corn",2353.56958007813,214
"334","20209",2019,"Corn",2217.82749938965,214
"335","20209",2020,"Corn",2099.93021850586,214
"336","20209",2021,"Corn",2260.3634185791,214
"337","20209",2022,"Corn",2301.2745300293,214
"338","20209",2023,"Corn",2358.78877258301,214
"339","20209",2024,"Corn",2390.56318664551,214
"340","20209",2025,"Corn",2334.92840881348,214
"341","20005",2006,"Soybeans",2108.95177001953,214
"342","20005",2007,"Soybeans",2229.03870239258,214
"343","20005",2008,"Soybeans",1960.44885253907,214
"344","20005",2009,"Soybeans",1864.21670532227,214
"345","20005",2010,"Soybeans",2277.27368774414,214
"346","20005",2011,"Soybeans",2353.17951660157,214
"347","20005",2012,"Soybeans",2430.95024108887,214
"348","20005",2013,"Soybeans",2214.92956542969,214
"349","20005",2014,"Soybeans",2078.74776306153,214
"350","20005",2015,"Soybeans",2172.53395690918,214
"351","20005",2016,"Soybeans",2245.76622924805,214
"352","20005",2017,"Soybeans",2099.25593261719,214
"353","20005",2018,"Soybeans",2224.89566040039,214
"354","20005",2019,"Soybeans",2103.37262573243,214
"355","20005",2020,"Soybeans",2026.7352935791,214
"356","20005",2021,"Soybeans",2149.00249023438,214
"357","20005",2022,"Soybeans",2107.12514953614,214
"358","20005",2023,"Soybeans",2190.66011352539,214
"359","20005",2024,"Soybeans",2226.27669677735,214
"360","20005",2025,"Soybeans",2159.35773925782,214
"361","20013",2006,"Soybeans",2063.5746673584,214
"362","20013",2007,"Soybeans",2192.09411010742,214
"363","20013",2008,"Soybeans",1939.86835021973,214
"364","20013",2009,"Soybeans",1821.13902587891,214
"365","20013",2010,"Soybeans",2235.59353027344,214
"366","20013",2011,"Soybeans",2323.19875488282,214
"367","20013",2012,"Soybeans",2385.64321899414,214
"368","20013",2013,"Soybeans",2187.37040405274,214
"369","20013",2014,"Soybeans",2042.36878051758,214
"370","20013",2015,"Soybeans",2116.96753845215,214
"371","20013",2016,"Soybeans",2215.07557373047,214
"372","20013",2017,"Soybeans",2068.48670959473,214
"373","20013",2018,"Soybeans",2174.076171875,214
"374","20013",2019,"Soybeans",2066.22010498047,214
"375","20013",2020,"Soybeans",1984.80459289551,214
"376","20013",2021,"Soybeans",2144.88693542481,214
"377","20013",2022,"Soybeans",2090.60153808594,214
"378","20013",2023,"Soybeans",2181.14929809571,214
"379","20013",2024,"Soybeans",2213.01013183594,214
"380","20013",2025,"Soybeans",2131.1208190918,214
"381","20045",2006,"Soybeans",2178.03316955567,214
"382","20045",2007,"Soybeans",2292.79236450196,214
"383","20045",2008,"Soybeans",2028.2596862793,214
"384","20045",2009,"Soybeans",1932.01387634278,214
"385","20045",2010,"Soybeans",2336.53746337891,214
"386","20045",2011,"Soybeans",2398.90985717774,214
"387","20045",2012,"Soybeans",2449.47705688477,214
"388","20045",2013,"Soybeans",2241.16849975586,214
"389","20045",2014,"Soybeans",2176.71606140137,214
"390","20045",2015,"Soybeans",2244.91502380371,214
"391","20045",2016,"Soybeans",2350.34948120118,214
"392","20045",2017,"Soybeans",2203.10383605957,214
"393","20045",2018,"Soybeans",2317.18714294434,214
"394","20045",2019,"Soybeans",2192.00322875977,214
"395","20045",2020,"Soybeans",2091.46354370118,214
"396","20045",2021,"Soybeans",2252.89839477539,214
"397","20045",2022,"Soybeans",2249.63699340821,214
"398","20045",2023,"Soybeans",2314.5008392334,214
"399","20045",2024,"Soybeans",2353.4560333252,214
"400","20045",2025,"Soybeans",2253.66779479981,214
"401","20061",2006,"Soybeans",2160.0376953125,214
"402","20061",2007,"Soybeans",2241.01875915528,214
"403","20061",2008,"Soybeans",2008.93817749024,214
"404","20061",2009,"Soybeans",1868.47012329102,214
"405","20061",2010,"Soybeans",2271.01494140625,214
"406","20061",2011,"Soybeans",2345.83548583985,214
"407","20061",2012,"Soybeans",2392.99915161133,214
"408","20061",2013,"Soybeans",2214.76089172364,214
"409","20061",2014,"Soybeans",2153.89642639161,214
"410","20061",2015,"Soybeans",2218.66865539551,214
"411","20061",2016,"Soybeans",2355.87409973145,214
"412","20061",2017,"Soybeans",2207.4973022461,214
"413","20061",2018,"Soybeans",2302.06321411133,214
"414","20061",2019,"Soybeans",2180.65762023926,214
"415","20061",2020,"Soybeans",2084.03170166016,214
"416","20061",2021,"Soybeans",2228.27881469727,214
"417","20061",2022,"Soybeans",2228.92683410645,214
"418","20061",2023,"Soybeans",2286.1274383545,214
"419","20061",2024,"Soybeans",2323.98444213868,214
"420","20061",2025,"Soybeans",2252.66355285645,214
"421","20085",2006,"Soybeans",2086.46665344239,214
"422","20085",2007,"Soybeans",2204.0774383545,214
"423","20085",2008,"Soybeans",1939.3861907959,214
"424","20085",2009,"Soybeans",1832.98859558106,214
"425","20085",2010,"Soybeans",2241.81206359864,214
"426","20085",2011,"Soybeans",2344.49665222168,214
"427","20085",2012,"Soybeans",2412.2459564209,214
"428","20085",2013,"Soybeans",2205.25723571778,214
"429","20085",2014,"Soybeans",2057.86275634766,214
"430","20085",2015,"Soybeans",2156.01512756348,214
"431","20085",2016,"Soybeans",2239.5975189209,214
"432","20085",2017,"Soybeans",2080.45081481934,214
"433","20085",2018,"Soybeans",2196.89689025879,214
"434","20085",2019,"Soybeans",2083.42780456543,214
"435","20085",2020,"Soybeans",2023.75260620118,214
"436","20085",2021,"Soybeans",2176.9513092041,214
"437","20085",2022,"Soybeans",2143.91830749512,214
"438","20085",2023,"Soybeans",2195.20218811035,214
"439","20085",2024,"Soybeans",2241.52088623047,214
"440","20085",2025,"Soybeans",2166.26967163086,214
"441","20087",2006,"Soybeans",2126.08897094727,214
"442","20087",2007,"Soybeans",2238.32797851563,214
"443","20087",2008,"Soybeans",1969.35469970703,214
"444","20087",2009,"Soybeans",1902.2980834961,214
"445","20087",2010,"Soybeans",2296.78719787598,214
"446","20087",2011,"Soybeans",2367.31950378418,214
"447","20087",2012,"Soybeans",2436.14460449219,214
"448","20087",2013,"Soybeans",2222.39458618164,214
"449","20087",2014,"Soybeans",2111.24652709961,214
"450","20087",2015,"Soybeans",2200.98730163575,214
"451","20087",2016,"Soybeans",2299.04402465821,214
"452","20087",2017,"Soybeans",2147.33608398438,214
"453","20087",2018,"Soybeans",2270.18255615235,214
"454","20087",2019,"Soybeans",2153.08846435547,214
"455","20087",2020,"Soybeans",2088.66878356934,214
"456","20087",2021,"Soybeans",2222.09352722168,214
"457","20087",2022,"Soybeans",2204.51871643067,214
"458","20087",2023,"Soybeans",2264.07679138184,214
"459","20087",2024,"Soybeans",2303.45078735352,214
"460","20087",2025,"Soybeans",2230.90226135254,214
"461","20091",2006,"Soybeans",2182.96598815918,214
"462","20091",2007,"Soybeans",2309.08062438965,214
"463","20091",2008,"Soybeans",2039.8352722168,214
"464","20091",2009,"Soybeans",1939.13916320801,214
"465","20091",2010,"Soybeans",2332.74474792481,214
"466","20091",2011,"Soybeans",2410.76281433106,214
"467","20091",2012,"Soybeans",2451.62453308106,214
"468","20091",2013,"Soybeans",2244.32126464844,214
"469","20091",2014,"Soybeans",2147.10637512207,214
"470","20091",2015,"Soybeans",2228.80697937012,214
"471","20091",2016,"Soybeans",2344.69212341309,214
"472","20091",2017,"Soybeans",2202.26954040528,214
"473","20091",2018,"Soybeans",2335.69268493653,214
"474","20091",2019,"Soybeans",2189.0141204834,214
"475","20091",2020,"Soybeans",2079.95527038575,214
"476","20091",2021,"Soybeans",2248.40163879395,214
"477","20091",2022,"Soybeans",2279.07668762207,214
"478","20091",2023,"Soybeans",2341.54308166504,214
"479","20091",2024,"Soybeans",2376.0770477295,214
"480","20091",2025,"Soybeans",2311.7402130127,214
"481","20103",2006,"Soybeans",2165.6466217041,214
"482","20103",2007,"Soybeans",2283.59752197266,214
"483","20103",2008,"Soybeans",2010.33800048828,214
"484","20103",2009,"Soybeans",1922.82865600586,214
"485","20103",2010,"Soybeans",2329.27008056641,214
"486","20103",2011,"Soybeans",2393.45606689453,214
"487","20103",2012,"Soybeans",2447.16622314453,214
"488","20103",2013,"Soybeans",2242.03810119629,214
"489","20103",2014,"Soybeans",2134.93410644532,214
"490","20103",2015,"Soybeans",2215.40705261231,214
"491","20103",2016,"Soybeans",2299.86961364746,214
"492","20103",2017,"Soybeans",2144.08821716309,214
"493","20103",2018,"Soybeans",2292.30355834961,214
"494","20103",2019,"Soybeans",2152.96647949219,214
"495","20103",2020,"Soybeans",2077.42465820313,214
"496","20103",2021,"Soybeans",2237.55608520508,214
"497","20103",2022,"Soybeans",2249.07546997071,214
"498","20103",2023,"Soybeans",2305.35794982911,214
"499","20103",2024,"Soybeans",2335.18877868653,214
"500","20103",2025,"Soybeans",2272.81050109864,214
"501","20117",2006,"Soybeans",2029.96120605469,214
"502","20117",2007,"Soybeans",2151.06512145996,214
"503","20117",2008,"Soybeans",1903.01434936524,214
"504","20117",2009,"Soybeans",1763.60252685547,214
"505","20117",2010,"Soybeans",2180.52516174317,214
"506","20117",2011,"Soybeans",2289.4089263916,214
"507","20117",2012,"Soybeans",2345.56922912598,214
"508","20117",2013,"Soybeans",2161.85470581055,214
"509","20117",2014,"Soybeans",2007.20163574219,214
"510","20117",2015,"Soybeans",2075.72250671387,214
"511","20117",2016,"Soybeans",2136.28381652832,214
"512","20117",2017,"Soybeans",1985.26983032227,214
"513","20117",2018,"Soybeans",2095.23622131348,214
"514","20117",2019,"Soybeans",1992.13557128907,214
"515","20117",2020,"Soybeans",1959.77325744629,214
"516","20117",2021,"Soybeans",2131.60716552735,214
"517","20117",2022,"Soybeans",2084.55628356934,214
"518","20117",2023,"Soybeans",2154.28062133789,214
"519","20117",2024,"Soybeans",2178.37673034668,214
"520","20117",2025,"Soybeans",2105.15931701661,214
"521","20127",2006,"Soybeans",2171.32800292969,214
"522","20127",2007,"Soybeans",2233.5014038086,214
"523","20127",2008,"Soybeans",1997.51359863282,214
"524","20127",2009,"Soybeans",1846.94953308106,214
"525","20127",2010,"Soybeans",2269.80948791504,214
"526","20127",2011,"Soybeans",2360.85667419434,214
"527","20127",2012,"Soybeans",2409.64681396485,214
"528","20127",2013,"Soybeans",2214.96660461426,214
"529","20127",2014,"Soybeans",2150.05276184082,214
"530","20127",2015,"Soybeans",2196.76176757813,214
"531","20127",2016,"Soybeans",2327.41905822754,214
"532","20127",2017,"Soybeans",2189.04898986817,214
"533","20127",2018,"Soybeans",2295.9481414795,214
"534","20127",2019,"Soybeans",2153.53325195313,214
"535","20127",2020,"Soybeans",2042.46231079102,214
"536","20127",2021,"Soybeans",2177.06670227051,214
"537","20127",2022,"Soybeans",2181.66849060059,214
"538","20127",2023,"Soybeans",2226.05782165528,214
"539","20127",2024,"Soybeans",2282.34580078125,214
"540","20127",2025,"Soybeans",2198.21499633789,214
"541","20131",2006,"Soybeans",2033.4970703125,214
"542","20131",2007,"Soybeans",2163.56137084961,214
"543","20131",2008,"Soybeans",1915.01251525879,214
"544","20131",2009,"Soybeans",1777.31475830078,214
"545","20131",2010,"Soybeans",2189.05018615723,214
"546","20131",2011,"Soybeans",2295.46080932617,214
"547","20131",2012,"Soybeans",2349.61107788086,214
"548","20131",2013,"Soybeans",2163.59963989258,214
"549","20131",2014,"Soybeans",2007.31404724121,214
"550","20131",2015,"Soybeans",2078.99600830078,214
"551","20131",2016,"Soybeans",2158.62536315918,214
"552","20131",2017,"Soybeans",2013.66059265137,214
"553","20131",2018,"Soybeans",2117.44218444825,214
"554","20131",2019,"Soybeans",2017.42733459473,214
"555","20131",2020,"Soybeans",1965.05946655274,214
"556","20131",2021,"Soybeans",2140.33044128418,214
"557","20131",2022,"Soybeans",2089.82059020996,214
"558","20131",2023,"Soybeans",2160.56287231446,214
"559","20131",2024,"Soybeans",2197.95878601075,214
"560","20131",2025,"Soybeans",2121.02141723633,214
"561","20139",2006,"Soybeans",2161.87446289063,214
"562","20139",2007,"Soybeans",2259.29967651368,214
"563","20139",2008,"Soybeans",2011.09960021973,214
"564","20139",2009,"Soybeans",1900.8927734375,214
"565","20139",2010,"Soybeans",2316.86656494141,214
"566","20139",2011,"Soybeans",2384.14429016114,214
"567","20139",2012,"Soybeans",2433.51211242676,214
"568","20139",2013,"Soybeans",2219.52242736817,214
"569","20139",2014,"Soybeans",2177.24759826661,214
"570","20139",2015,"Soybeans",2250.87994384766,214
"571","20139",2016,"Soybeans",2380.69641418457,214
"572","20139",2017,"Soybeans",2244.05732421875,214
"573","20139",2018,"Soybeans",2342.4872833252,214
"574","20139",2019,"Soybeans",2215.67635803223,214
"575","20139",2020,"Soybeans",2116.69502258301,214
"576","20139",2021,"Soybeans",2266.87109985352,214
"577","20139",2022,"Soybeans",2259.18428649903,214
"578","20139",2023,"Soybeans",2316.93935852051,214
"579","20139",2024,"Soybeans",2329.2347442627,214
"580","20139",2025,"Soybeans",2255.63425292969,214
"581","20149",2006,"Soybeans",2094.99822387696,214
"582","20149",2007,"Soybeans",2200.70144958496,214
"583","20149",2008,"Soybeans",1944.63870239258,214
"584","20149",2009,"Soybeans",1824.47355041504,214
"585","20149",2010,"Soybeans",2238.99375,214
"586","20149",2011,"Soybeans",2335.31747436524,214
"587","20149",2012,"Soybeans",2396.08549499512,214
"588","20149",2013,"Soybeans",2207.60772399903,214
"589","20149",2014,"Soybeans",2087.64645080567,214
"590","20149",2015,"Soybeans",2162.82205810547,214
"591","20149",2016,"Soybeans",2250.23395080567,214
"592","20149",2017,"Soybeans",2098.63920288086,214
"593","20149",2018,"Soybeans",2200.38562011719,214
"594","20149",2019,"Soybeans",2086.78884887696,214
"595","20149",2020,"Soybeans",2027.63649902344,214
"596","20149",2021,"Soybeans",2184.17939453125,214
"597","20149",2022,"Soybeans",2153.61722717285,214
"598","20149",2023,"Soybeans",2218.4288482666,214
"599","20149",2024,"Soybeans",2233.89164123536,214
"600","20149",2025,"Soybeans",2148.53112792969,214
"601","20161",2006,"Soybeans",2153.9957611084,214
"602","20161",2007,"Soybeans",2249.79453125,214
"603","20161",2008,"Soybeans",1997.5844329834,214
"604","20161",2009,"Soybeans",1857.72100219727,214
"605","20161",2010,"Soybeans",2261.61921386719,214
"606","20161",2011,"Soybeans",2341.21592712403,214
"607","20161",2012,"Soybeans",2389.95462036133,214
"608","20161",2013,"Soybeans",2216.82485046387,214
"609","20161",2014,"Soybeans",2143.53514404297,214
"610","20161",2015,"Soybeans",2213.85345458985,214
"611","20161",2016,"Soybeans",2351.95921936035,214
"612","20161",2017,"Soybeans",2200.40522460938,214
"613","20161",2018,"Soybeans",2282.15041503907,214
"614","20161",2019,"Soybeans",2154.44489135743,214
"615","20161",2020,"Soybeans",2062.01513977051,214
"616","20161",2021,"Soybeans",2209.99129333496,214
"617","20161",2022,"Soybeans",2205.14976806641,214
"618","20161",2023,"Soybeans",2276.28933715821,214
"619","20161",2024,"Soybeans",2289.68025817871,214
"620","20161",2025,"Soybeans",2217.44271240235,214
"621","20177",2006,"Soybeans",2158.29406433106,214
"622","20177",2007,"Soybeans",2268.55808410645,214
"623","20177",2008,"Soybeans",2011.65219116211,214
"624","20177",2009,"Soybeans",1906.50286865235,214
"625","20177",2010,"Soybeans",2314.25119934082,214
"626","20177",2011,"Soybeans",2379.28529663086,214
"627","20177",2012,"Soybeans",2440.88706359864,214
"628","20177",2013,"Soybeans",2229.94392089844,214
"629","20177",2014,"Soybeans",2165.12499694825,214
"630","20177",2015,"Soybeans",2236.14115905762,214
"631","20177",2016,"Soybeans",2361.79371643067,214
"632","20177",2017,"Soybeans",2218.25084228516,214
"633","20177",2018,"Soybeans",2315.89039916992,214
"634","20177",2019,"Soybeans",2194.97388000489,214
"635","20177",2020,"Soybeans",2101.64779052735,214
"636","20177",2021,"Soybeans",2252.58888549805,214
"637","20177",2022,"Soybeans",2243.6289428711,214
"638","20177",2023,"Soybeans",2287.04800109864,214
"639","20177",2024,"Soybeans",2316.49849243164,214
"640","20177",2025,"Soybeans",2237.86821899414,214
"641","20197",2006,"Soybeans",2127.37651062012,214
"642","20197",2007,"Soybeans",2220.40448303223,214
"643","20197",2008,"Soybeans",1972.9594909668,214
"644","20197",2009,"Soybeans",1851.98886108399,214
"645","20197",2010,"Soybeans",2262.25806884766,214
"646","20197",2011,"Soybeans",2354.128805542,214
"647","20197",2012,"Soybeans",2409.56165771485,214
"648","20197",2013,"Soybeans",2209.65038757325,214
"649","20197",2014,"Soybeans",2125.4826538086,214
"650","20197",2015,"Soybeans",2196.76022338868,214
"651","20197",2016,"Soybeans",2310.13659362793,214
"652","20197",2017,"Soybeans",2166.22301025391,214
"653","20197",2018,"Soybeans",2292.6151763916,214
"654","20197",2019,"Soybeans",2160.93566589356,214
"655","20197",2020,"Soybeans",2090.3085723877,214
"656","20197",2021,"Soybeans",2220.36475524903,214
"657","20197",2022,"Soybeans",2205.10401000977,214
"658","20197",2023,"Soybeans",2270.96977844239,214
"659","20197",2024,"Soybeans",2298.93848571778,214
"660","20197",2025,"Soybeans",2207.2163269043,214
"661","20209",2006,"Soybeans",2177.74465942383,214
"662","20209",2007,"Soybeans",2314.06039123535,214
"663","20209",2008,"Soybeans",2036.6429473877,214
"664","20209",2009,"Soybeans",1929.38748168946,214
"665","20209",2010,"Soybeans",2349.30526123047,214
"666","20209",2011,"Soybeans",2416.55642700196,214
"667","20209",2012,"Soybeans",2461.62372131348,214
"668","20209",2013,"Soybeans",2256.67530212403,214
"669","20209",2014,"Soybeans",2162.79956970215,214
"670","20209",2015,"Soybeans",2250.86509094239,214
"671","20209",2016,"Soybeans",2349.99989318848,214
"672","20209",2017,"Soybeans",2218.37883911133,214
"673","20209",2018,"Soybeans",2353.56958007813,214
"674","20209",2019,"Soybeans",2217.82749938965,214
"675","20209",2020,"Soybeans",2099.93021850586,214
"676","20209",2021,"Soybeans",2260.3634185791,214
"677","20209",2022,"Soybeans",2301.2745300293,214
"678","20209",2023,"Soybeans",2358.78877258301,214
"679","20209",2024,"Soybeans",2390.56318664551,214
"680","20209",2025,"Soybeans",2334.92840881348,214
"681","20005",2006,"Sorghum",2108.95177001953,214
"682","20005",2007,"Sorghum",2229.03870239258,214
"683","20005",2008,"Sorghum",1960.44885253907,214
"684","20005",2009,"Sorghum",1864.21670532227,214
"685","20005",2010,"Sorghum",2277.27368774414,214
"686","20005",2011,"Sorghum",2353.17951660157,214
"687","20005",2012,"Sorghum",2430.95024108887,214
"688","20005",2013,"Sorghum",2214.92956542969,214
"689","20005",2014,"Sorghum",2078.74776306153,214
"690","20005",2015,"Sorghum",2172.53395690918,214
"691","20005",2016,"Sorghum",2245.76622924805,214
"692","20005",2017,"Sorghum",2099.25593261719,214
"693","20005",2018,"Sorghum",2224.89566040039,214
"694","20005",2019,"Sorghum",2103.37262573243,214
"695","20005",2020,"Sorghum",2026.7352935791,214
"696","20005",2021,"Sorghum",2149.00249023438,214
"697","20005",2022,"Sorghum",2107.12514953614,214
"698","20005",2023,"Sorghum",2190.66011352539,214
"699","20005",2024,"Sorghum",2226.27669677735,214
"700","20005",2025,"Sorghum",2159.35773925782,214
"701","20013",2006,"Sorghum",2063.5746673584,214
"702","20013",2007,"Sorghum",2192.09411010742,214
"703","20013",2008,"Sorghum",1939.86835021973,214
"704","20013",2009,"Sorghum",1821.13902587891,214
"705","20013",2010,"Sorghum",2235.59353027344,214
"706","20013",2011,"Sorghum",2323.19875488282,214
"707","20013",2012,"Sorghum",2385.64321899414,214
"708","20013",2013,"Sorghum",2187.37040405274,214
"709","20013",2014,"Sorghum",2042.36878051758,214
"710","20013",2015,"Sorghum",2116.96753845215,214
"711","20013",2016,"Sorghum",2215.07557373047,214
"712","20013",2017,"Sorghum",2068.48670959473,214
"713","20013",2018,"Sorghum",2174.076171875,214
"714","20013",2019,"Sorghum",2066.22010498047,214
"715","20013",2020,"Sorghum",1984.80459289551,214
"716","20013",2021,"Sorghum",2144.88693542481,214
"717","20013",2022,"Sorghum",2090.60153808594,214
"718","20013",2023,"Sorghum",2181.14929809571,214
"719","20013",2024,"Sorghum",2213.01013183594,214
"720","20013",2025,"Sorghum",2131.1208190918,214
"721","20045",2006,"Sorghum",2178.03316955567,214
"722","20045",2007,"Sorghum",2292.79236450196,214
"723","20045",2008,"Sorghum",2028.2596862793,214
"724","20045",2009,"Sorghum",1932.01387634278,214
"725","20045",2010,"Sorghum",2336.53746337891,214
"726","20045",2011,"Sorghum",2398.90985717774,214
"727","20045",2012,"Sorghum",2449.47705688477,214
"728","20045",2013,"Sorghum",2241.16849975586,214
"729","20045",2014,"Sorghum",2176.71606140137,214
"730","20045",2015,"Sorghum",2244.91502380371,214
"731","20045",2016,"Sorghum",2350.34948120118,214
"732","20045",2017,"Sorghum",2203.10383605957,214
"733","20045",2018,"Sorghum",2317.18714294434,214
"734","20045",2019,"Sorghum",2192.00322875977,214
"735","20045",2020,"Sorghum",2091.46354370118,214
"736","20045",2021,"Sorghum",2252.89839477539,214
"737","20045",2022,"Sorghum",2249.63699340821,214
"738","20045",2023,"Sorghum",2314.5008392334,214
"739","20045",2024,"Sorghum",2353.4560333252,214
"740","20045",2025,"Sorghum",2253.66779479981,214
"741","20061",2006,"Sorghum",2160.0376953125,214
"742","20061",2007,"Sorghum",2241.01875915528,214
"743","20061",2008,"Sorghum",2008.93817749024,214
"744","20061",2009,"Sorghum",1868.47012329102,214
"745","20061",2010,"Sorghum",2271.01494140625,214
"746","20061",2011,"Sorghum",2345.83548583985,214
"747","20061",2012,"Sorghum",2392.99915161133,214
"748","20061",2013,"Sorghum",2214.76089172364,214
"749","20061",2014,"Sorghum",2153.89642639161,214
"750","20061",2015,"Sorghum",2218.66865539551,214
"751","20061",2016,"Sorghum",2355.87409973145,214
"752","20061",2017,"Sorghum",2207.4973022461,214
"753","20061",2018,"Sorghum",2302.06321411133,214
"754","20061",2019,"Sorghum",2180.65762023926,214
"755","20061",2020,"Sorghum",2084.03170166016,214
"756","20061",2021,"Sorghum",2228.27881469727,214
"757","20061",2022,"Sorghum",2228.92683410645,214
"758","20061",2023,"Sorghum",2286.1274383545,214
"759","20061",2024,"Sorghum",2323.98444213868,214
"760","20061",2025,"Sorghum",2252.66355285645,214
"761","20085",2006,"Sorghum",2086.46665344239,214
"762","20085",2007,"Sorghum",2204.0774383545,214
"763","20085",2008,"Sorghum",1939.3861907959,214
"764","20085",2009,"Sorghum",1832.98859558106,214
"765","20085",2010,"Sorghum",2241.81206359864,214
"766","20085",2011,"Sorghum",2344.49665222168,214
"767","20085",2012,"Sorghum",2412.2459564209,214
"768","20085",2013,"Sorghum",2205.25723571778,214
"769","20085",2014,"Sorghum",2057.86275634766,214
"770","20085",2015,"Sorghum",2156.01512756348,214
"771","20085",2016,"Sorghum",2239.5975189209,214
"772","20085",2017,"Sorghum",2080.45081481934,214
"773","20085",2018,"Sorghum",2196.89689025879,214
"774","20085",2019,"Sorghum",2083.42780456543,214
"775","20085",2020,"Sorghum",2023.75260620118,214
"776","20085",2021,"Sorghum",2176.9513092041,214
"777","20085",2022,"Sorghum",2143.91830749512,214
"778","20085",2023,"Sorghum",2195.20218811035,214
"779","20085",2024,"Sorghum",2241.52088623047,214
"780","20085",2025,"Sorghum",2166.26967163086,214
"781","20087",2006,"Sorghum",2126.08897094727,214
"782","20087",2007,"Sorghum",2238.32797851563,214
"783","20087",2008,"Sorghum",1969.35469970703,214
"784","20087",2009,"Sorghum",1902.2980834961,214
"785","20087",2010,"Sorghum",2296.78719787598,214
"786","20087",2011,"Sorghum",2367.31950378418,214
"787","20087",2012,"Sorghum",2436.14460449219,214
"788","20087",2013,"Sorghum",2222.39458618164,214
"789","20087",2014,"Sorghum",2111.24652709961,214
"790","20087",2015,"Sorghum",2200.98730163575,214
"791","20087",2016,"Sorghum",2299.04402465821,214
"792","20087",2017,"Sorghum",2147.33608398438,214
"793","20087",2018,"Sorghum",2270.18255615235,214
"794","20087",2019,"Sorghum",2153.08846435547,214
"795","20087",2020,"Sorghum",2088.66878356934,214
"796","20087",2021,"Sorghum",2222.09352722168,214
"797","20087",2022,"Sorghum",2204.51871643067,214
"798","20087",2023,"Sorghum",2264.07679138184,214
"799","20087",2024,"Sorghum",2303.45078735352,214
"800","20087",2025,"Sorghum",2230.90226135254,214
"801","20091",2006,"Sorghum",2182.96598815918,214
"802","20091",2007,"Sorghum",2309.08062438965,214
"803","20091",2008,"Sorghum",2039.8352722168,214
"804","20091",2009,"Sorghum",1939.13916320801,214
"805","20091",2010,"Sorghum",2332.74474792481,214
"806","20091",2011,"Sorghum",2410.76281433106,214
"807","20091",2012,"Sorghum",2451.62453308106,214
"808","20091",2013,"Sorghum",2244.32126464844,214
"809","20091",2014,"Sorghum",2147.10637512207,214
"810","20091",2015,"Sorghum",2228.80697937012,214
"811","20091",2016,"Sorghum",2344.69212341309,214
"812","20091",2017,"Sorghum",2202.26954040528,214
"813","20091",2018,"Sorghum",2335.69268493653,214
"814","20091",2019,"Sorghum",2189.0141204834,214
"815","20091",2020,"Sorghum",2079.95527038575,214
"816","20091",2021,"Sorghum",2248.40163879395,214
"817","20091",2022,"Sorghum",2279.07668762207,214
"818","20091",2023,"Sorghum",2341.54308166504,214
"819","20091",2024,"Sorghum",2376.0770477295,214
"820","20091",2025,"Sorghum",2311.7402130127,214
"821","20103",2006,"Sorghum",2165.6466217041,214
"822","20103",2007,"Sorghum",2283.59752197266,214
"823","20103",2008,"Sorghum",2010.33800048828,214
"824","20103",2009,"Sorghum",1922.82865600586,214
"825","20103",2010,"Sorghum",2329.27008056641,214
"826","20103",2011,"Sorghum",2393.45606689453,214
"827","20103",2012,"Sorghum",2447.16622314453,214
"828","20103",2013,"Sorghum",2242.03810119629,214
"829","20103",2014,"Sorghum",2134.93410644532,214
"830","20103",2015,"Sorghum",2215.40705261231,214
"831","20103",2016,"Sorghum",2299.86961364746,214
"832","20103",2017,"Sorghum",2144.08821716309,214
"833","20103",2018,"Sorghum",2292.30355834961,214
"834","20103",2019,"Sorghum",2152.96647949219,214
"835","20103",2020,"Sorghum",2077.42465820313,214
"836","20103",2021,"Sorghum",2237.55608520508,214
"837","20103",2022,"Sorghum",2249.07546997071,214
"838","20103",2023,"Sorghum",2305.35794982911,214
"839","20103",2024,"Sorghum",2335.18877868653,214
"840","20103",2025,"Sorghum",2272.81050109864,214
"841","20117",2006,"Sorghum",2029.96120605469,214
"842","20117",2007,"Sorghum",2151.06512145996,214
"843","20117",2008,"Sorghum",1903.01434936524,214
"844","20117",2009,"Sorghum",1763.60252685547,214
"845","20117",2010,"Sorghum",2180.52516174317,214
"846","20117",2011,"Sorghum",2289.4089263916,214
"847","20117",2012,"Sorghum",2345.56922912598,214
"848","20117",2013,"Sorghum",2161.85470581055,214
"849","20117",2014,"Sorghum",2007.20163574219,214
"850","20117",2015,"Sorghum",2075.72250671387,214
"851","20117",2016,"Sorghum",2136.28381652832,214
"852","20117",2017,"Sorghum",1985.26983032227,214
"853","20117",2018,"Sorghum",2095.23622131348,214
"854","20117",2019,"Sorghum",1992.13557128907,214
"855","20117",2020,"Sorghum",1959.77325744629,214
"856","20117",2021,"Sorghum",2131.60716552735,214
"857","20117",2022,"Sorghum",2084.55628356934,214
"858","20117",2023,"Sorghum",2154.28062133789,214
"859","20117",2024,"Sorghum",2178.37673034668,214
"860","20117",2025,"Sorghum",2105.15931701661,214
"861","20127",2006,"Sorghum",2171.32800292969,214
"862","20127",2007,"Sorghum",2233.5014038086,214
"863","20127",2008,"Sorghum",1997.51359863282,214
"864","20127",2009,"Sorghum",1846.94953308106,214
"865","20127",2010,"Sorghum",2269.80948791504,214
"866","20127",2011,"Sorghum",2360.85667419434,214
"867","20127",2012,"Sorghum",2409.64681396485,214
"868","20127",2013,"Sorghum",2214.96660461426,214
"869","20127",2014,"Sorghum",2150.05276184082,214
"870","20127",2015,"Sorghum",2196.76176757813,214
"871","20127",2016,"Sorghum",2327.41905822754,214
"872","20127",2017,"Sorghum",2189.04898986817,214
"873","20127",2018,"Sorghum",2295.9481414795,214
"874","20127",2019,"Sorghum",2153.53325195313,214
"875","20127",2020,"Sorghum",2042.46231079102,214
"876","20127",2021,"Sorghum",2177.06670227051,214
"877","20127",2022,"Sorghum",2181.66849060059,214
"878","20127",2023,"Sorghum",2226.05782165528,214
"879","20127",2024,"Sorghum",2282.34580078125,214
"880","20127",2025,"Sorghum",2198.21499633789,214
"881","20131",2006,"Sorghum",2033.4970703125,214
"882","20131",2007,"Sorghum",2163.56137084961,214
"883","20131",2008,"Sorghum",1915.01251525879,214
"884","20131",2009,"Sorghum",1777.31475830078,214
"885","20131",2010,"Sorghum",2189.05018615723,214
"886","20131",2011,"Sorghum",2295.46080932617,214
"887","20131",2012,"Sorghum",2349.61107788086,214
"888","20131",2013,"Sorghum",2163.59963989258,214
"889","20131",2014,"Sorghum",2007.31404724121,214
"890","20131",2015,"Sorghum",2078.99600830078,214
"891","20131",2016,"Sorghum",2158.62536315918,214
"892","20131",2017,"Sorghum",2013.66059265137,214
"893","20131",2018,"Sorghum",2117.44218444825,214
"894","20131",2019,"Sorghum",2017.42733459473,214
"895","20131",2020,"Sorghum",1965.05946655274,214
"896","20131",2021,"Sorghum",2140.33044128418,214
"897","20131",2022,"Sorghum",2089.82059020996,214
"898","20131",2023,"Sorghum",2160.56287231446,214
"899","20131",2024,"Sorghum",2197.95878601075,214
"900","20131",2025,"Sorghum",2121.02141723633,214
"901","20139",2006,"Sorghum",2161.87446289063,214
"902","20139",2007,"Sorghum",2259.29967651368,214
"903","20139",2008,"Sorghum",2011.09960021973,214
"904","20139",2009,"Sorghum",1900.8927734375,214
"905","20139",2010,"Sorghum",2316.86656494141,214
"906","20139",2011,"Sorghum",2384.14429016114,214
"907","20139",2012,"Sorghum",2433.51211242676,214
"908","20139",2013,"Sorghum",2219.52242736817,214
"909","20139",2014,"Sorghum",2177.24759826661,214
"910","20139",2015,"Sorghum",2250.87994384766,214
"911","20139",2016,"Sorghum",2380.69641418457,214
"912","20139",2017,"Sorghum",2244.05732421875,214
"913","20139",2018,"Sorghum",2342.4872833252,214
"914","20139",2019,"Sorghum",2215.67635803223,214
"915","20139",2020,"Sorghum",2116.69502258301,214
"916","20139",2021,"Sorghum",2266.87109985352,214
"917","20139",2022,"Sorghum",2259.18428649903,214
"918","20139",2023,"Sorghum",2316.93935852051,214
"919","20139",2024,"Sorghum",2329.2347442627,214
"920","20139",2025,"Sorghum",2255.63425292969,214
"921","20149",2006,"Sorghum",2094.99822387696,214
"922","20149",2007,"Sorghum",2200.70144958496,214
"923","20149",2008,"Sorghum",1944.63870239258,214
"924","20149",2009,"Sorghum",1824.47355041504,214
"925","20149",2010,"Sorghum",2238.99375,214
"926","20149",2011,"Sorghum",2335.31747436524,214
"927","20149",2012,"Sorghum",2396.08549499512,214
"928","20149",2013,"Sorghum",2207.60772399903,214
"929","20149",2014,"Sorghum",2087.64645080567,214
"930","20149",2015,"Sorghum",2162.82205810547,214
"931","20149",2016,"Sorghum",2250.23395080567,214
"932","20149",2017,"Sorghum",2098.63920288086,214
"933","20149",2018,"Sorghum",2200.38562011719,214
"934","20149",2019,"Sorghum",2086.78884887696,214
"935","20149",2020,"Sorghum",2027.63649902344,214
"936","20149",2021,"Sorghum",2184.17939453125,214
"937","20149",2022,"Sorghum",2153.61722717285,214
"938","20149",2023,"Sorghum",2218.4288482666,214
"939","20149",2024,"Sorghum",2233.89164123536,214
"940","20149",2025,"Sorghum",2148.53112792969,214
"941","20161",2006,"Sorghum",2153.9957611084,214
"942","20161",2007,"Sorghum",2249.79453125,214
"943","20161",2008,"Sorghum",1997.5844329834,214
"944","20161",2009,"Sorghum",1857.72100219727,214
"945","20161",2010,"Sorghum",2261.61921386719,214
"946","20161",2011,"Sorghum",2341.21592712403,214
"947","20161",2012,"Sorghum",2389.95462036133,214
"948","20161",2013,"Sorghum",2216.82485046387,214
"949","20161",2014,"Sorghum",2143.53514404297,214
"950","20161",2015,"Sorghum",2213.85345458985,214
"951","20161",2016,"Sorghum",2351.95921936035,214
"952","20161",2017,"Sorghum",2200.40522460938,214
"953","20161",2018,"Sorghum",2282.15041503907,214
"954","20161",2019,"Sorghum",2154.44489135743,214
"955","20161",2020,"Sorghum",2062.01513977051,214
"956","20161",2021,"Sorghum",2209.99129333496,214
"957","20161",2022,"Sorghum",2205.14976806641,214
"958","20161",2023,"Sorghum",2276.28933715821,214
"959","20161",2024,"Sorghum",2289.68025817871,214
"960","20161",2025,"Sorghum",2217.44271240235,214
"961","20177",2006,"Sorghum",2158.29406433106,214
"962","20177",2007,"Sorghum",2268.55808410645,214
"963","20177",2008,"Sorghum",2011.65219116211,214
"964","20177",2009,"Sorghum",1906.50286865235,214
"965","20177",2010,"Sorghum",2314.25119934082,214
"966","20177",2011,"Sorghum",2379.28529663086,214
"967","20177",2012,"Sorghum",2440.88706359864,214
"968","20177",2013,"Sorghum",2229.94392089844,214
"969","20177",2014,"Sorghum",2165.12499694825,214
"970","20177",2015,"Sorghum",2236.14115905762,214
"971","20177",2016,"Sorghum",2361.79371643067,214
"972","20177",2017,"Sorghum",2218.25084228516,214
"973","20177",2018,"Sorghum",2315.89039916992,214
"974","20177",2019,"Sorghum",2194.97388000489,214
"975","20177",2020,"Sorghum",2101.64779052735,214
"976","20177",2021,"Sorghum",2252.58888549805,214
"977","20177",2022,"Sorghum",2243.6289428711,214
"978","20177",2023,"Sorghum",2287.04800109864,214
"979","20177",2024,"Sorghum",2316.49849243164,214
"980","20177",2025,"Sorghum",2237.86821899414,214
"981","20197",2006,"Sorghum",2127.37651062012,214
"982","20197",2007,"Sorghum",2220.40448303223,214
"983","20197",2008,"Sorghum",1972.9594909668,214
"984","20197",2009,"Sorghum",1851.98886108399,214
"985","20197",2010,"Sorghum",2262.25806884766,214
"986","20197",2011,"Sorghum",2354.128805542,214
"987","20197",2012,"Sorghum",2409.56165771485,214
"988","20197",2013,"Sorghum",2209.65038757325,214
"989","20197",2014,"Sorghum",2125.4826538086,214
"990","20197",2015,"Sorghum",2196.76022338868,214
"991","20197",2016,"Sorghum",2310.13659362793,214
"992","20197",2017,"Sorghum",2166.22301025391,214
"993","20197",2018,"Sorghum",2292.6151763916,214
"994","20197",2019,"Sorghum",2160.93566589356,214
"995","20197",2020,"Sorghum",2090.3085723877,214
"996","20197",2021,"Sorghum",2220.36475524903,214
"997","20197",2022,"Sorghum",2205.10401000977,214
"998","20197",2023,"Sorghum",2270.96977844239,214
"999","20197",2024,"Sorghum",2298.93848571778,214
"1000","20197",2025,"Sorghum",2207.2163269043,214
"1001","20209",2006,"Sorghum",2177.74465942383,214
"1002","20209",2007,"Sorghum",2314.06039123535,214
"1003","20209",2008,"Sorghum",2036.6429473877,214
"1004","20209",2009,"Sorghum",1929.38748168946,214
"1005","20209",2010,"Sorghum",2349.30526123047,214
"1006","20209",2011,"Sorghum",2416.55642700196,214
"1007","20209",2012,"Sorghum",2461.62372131348,214
"1008","20209",2013,"Sorghum",2256.67530212403,214
"1009","20209",2014,"Sorghum",2162.79956970215,214
"1010","20209",2015,"Sorghum",2250.86509094239,214
"1011","20209",2016,"Sorghum",2349.99989318848,214
"1012","20209",2017,"Sorghum",2218.37883911133,214
"1013","20209",2018,"Sorghum",2353.56958007813,214
"1014","20209",2019,"Sorghum",2217.82749938965,214
"1015","20209",2020,"Sorghum",2099.93021850586,214
"1016","20209",2021,"Sorghum",2260.3634185791,214
"1017","20209",2022,"Sorghum",2301.2745300293,214
"1018","20209",2023,"Sorghum",2358.78877258301,214
"1019","20209",2024,"Sorghum",2390.56318664551,214
"1020","20209",2025,"Sorghum",2334.92840881348,214
"1021","20005",2006,"Wheat",4017.88844909668,214
"1022","20005",2007,"Wheat",4127.75065917969,214
"1023","20005",2008,"Wheat",3850.52610473633,214
"1024","20005",2009,"Wheat",3746.39902038575,214
"1025","20005",2010,"Wheat",4215.4071258545,214
"1026","20005",2011,"Wheat",4208.3501953125,214
"1027","20005",2012,"Wheat",4327.48246154785,214
"1028","20005",2013,"Wheat",4058.46424255371,214
"1029","20005",2014,"Wheat",3974.1982788086,214
"1030","20005",2015,"Wheat",4123.84633789063,214
"1031","20005",2016,"Wheat",4187.15532531739,214
"1032","20005",2017,"Wheat",4021.82107849121,214
"1033","20005",2018,"Wheat",4032.6609954834,214
"1034","20005",2019,"Wheat",3979.35915222168,214
"1035","20005",2020,"Wheat",3848.78565673829,214
"1036","20005",2021,"Wheat",4041.29963378907,214
"1037","20005",2022,"Wheat",3944.11814880371,214
"1038","20005",2023,"Wheat",4077.21330871582,214
"1039","20005",2024,"Wheat",4143.16002197266,214
"1040","20005",2025,"Wheat",4103.71276550293,214
"1041","20013",2006,"Wheat",3961.29291381836,214
"1042","20013",2007,"Wheat",4084.11619262696,214
"1043","20013",2008,"Wheat",3815.65538024903,214
"1044","20013",2009,"Wheat",3687.9433380127,214
"1045","20013",2010,"Wheat",4151.89929504395,214
"1046","20013",2011,"Wheat",4162.165914917,214
"1047","20013",2012,"Wheat",4269.82533874512,214
"1048","20013",2013,"Wheat",4011.39588317871,214
"1049","20013",2014,"Wheat",3918.15678100586,214
"1050","20013",2015,"Wheat",4052.93685302735,214
"1051","20013",2016,"Wheat",4149.09781188965,214
"1052","20013",2017,"Wheat",3976.22618408204,214
"1053","20013",2018,"Wheat",3974.06380615235,214
"1054","20013",2019,"Wheat",3934.58562316895,214
"1055","20013",2020,"Wheat",3789.45069274903,214
"1056","20013",2021,"Wheat",4013.79577636719,214
"1057","20013",2022,"Wheat",3903.248046875,214
"1058","20013",2023,"Wheat",4052.8862487793,214
"1059","20013",2024,"Wheat",4125.82398071289,214
"1060","20013",2025,"Wheat",4068.28127136231,214
"1061","20045",2006,"Wheat",4098.29778442383,214
"1062","20045",2007,"Wheat",4203.42800903321,214
"1063","20045",2008,"Wheat",3939.99649963379,214
"1064","20045",2009,"Wheat",3839.00137634278,214
"1065","20045",2010,"Wheat",4288.55442504883,214
"1066","20045",2011,"Wheat",4266.37132263184,214
"1067","20045",2012,"Wheat",4355.95619506836,214
"1068","20045",2013,"Wheat",4100.06432495117,214
"1069","20045",2014,"Wheat",4081.49564514161,214
"1070","20045",2015,"Wheat",4211.08199462891,214
"1071","20045",2016,"Wheat",4309.34797668457,214
"1072","20045",2017,"Wheat",4162.39135742188,214
"1073","20045",2018,"Wheat",4160.40979919434,214
"1074","20045",2019,"Wheat",4099.46321411133,214
"1075","20045",2020,"Wheat",3948.7096282959,214
"1076","20045",2021,"Wheat",4180.98251037598,214
"1077","20045",2022,"Wheat",4132.16755371094,214
"1078","20045",2023,"Wheat",4218.1509185791,214
"1079","20045",2024,"Wheat",4286.64754028321,214
"1080","20045",2025,"Wheat",4213.11224670411,214
"1081","20061",2006,"Wheat",4060.49489135743,214
"1082","20061",2007,"Wheat",4138.96739196778,214
"1083","20061",2008,"Wheat",3894.52272338868,214
"1084","20061",2009,"Wheat",3732.39869995118,214
"1085","20061",2010,"Wheat",4189.38099365235,214
"1086","20061",2011,"Wheat",4198.35599365235,214
"1087","20061",2012,"Wheat",4287.26643981934,214
"1088","20061",2013,"Wheat",4044.9143157959,214
"1089","20061",2014,"Wheat",4034.32314453125,214
"1090","20061",2015,"Wheat",4160.49426879883,214
"1091","20061",2016,"Wheat",4315.76662902832,214
"1092","20061",2017,"Wheat",4136.81875915528,214
"1093","20061",2018,"Wheat",4131.39497375489,214
"1094","20061",2019,"Wheat",4057.97205810547,214
"1095","20061",2020,"Wheat",3911.01389770508,214
"1096","20061",2021,"Wheat",4124.73937683106,214
"1097","20061",2022,"Wheat",4099.2572052002,214
"1098","20061",2023,"Wheat",4167.71015014649,214
"1099","20061",2024,"Wheat",4256.71437072754,214
"1100","20061",2025,"Wheat",4205.96402282715,214
"1101","20085",2006,"Wheat",3978.58140563965,214
"1102","20085",2007,"Wheat",4091.25597229004,214
"1103","20085",2008,"Wheat",3812.14318847657,214
"1104","20085",2009,"Wheat",3700.83509521485,214
"1105","20085",2010,"Wheat",4156.79239807129,214
"1106","20085",2011,"Wheat",4189.78812561035,214
"1107","20085",2012,"Wheat",4301.22962341309,214
"1108","20085",2013,"Wheat",4036.80158691407,214
"1109","20085",2014,"Wheat",3931.59822692871,214
"1110","20085",2015,"Wheat",4092.55944824219,214
"1111","20085",2016,"Wheat",4171.97879638672,214
"1112","20085",2017,"Wheat",3989.97631225586,214
"1113","20085",2018,"Wheat",3999.65646667481,214
"1114","20085",2019,"Wheat",3950.47644348145,214
"1115","20085",2020,"Wheat",3841.1957397461,214
"1116","20085",2021,"Wheat",4062.26409606934,214
"1117","20085",2022,"Wheat",3974.20259399414,214
"1118","20085",2023,"Wheat",4073.9981414795,214
"1119","20085",2024,"Wheat",4164.65693664551,214
"1120","20085",2025,"Wheat",4110.99567565918,214
"1121","20087",2006,"Wheat",4038.36100158692,214
"1122","20087",2007,"Wheat",4139.82880859375,214
"1123","20087",2008,"Wheat",3865.54971923829,214
"1124","20087",2009,"Wheat",3794.97398986817,214
"1125","20087",2010,"Wheat",4235.59997558594,214
"1126","20087",2011,"Wheat",4230.84172973633,214
"1127","20087",2012,"Wheat",4339.03572998047,214
"1128","20087",2013,"Wheat",4073.31329345703,214
"1129","20087",2014,"Wheat",4009.0879486084,214
"1130","20087",2015,"Wheat",4160.71075439453,214
"1131","20087",2016,"Wheat",4247.27465209961,214
"1132","20087",2017,"Wheat",4087.44981689454,214
"1133","20087",2018,"Wheat",4093.46295166016,214
"1134","20087",2019,"Wheat",4042.84622802735,214
"1135","20087",2020,"Wheat",3932.42645874024,214
"1136","20087",2021,"Wheat",4144.74366149903,214
"1137","20087",2022,"Wheat",4073.12878723145,214
"1138","20087",2023,"Wheat",4164.02630920411,214
"1139","20087",2024,"Wheat",4235.43998413086,214
"1140","20087",2025,"Wheat",4187.42346496582,214
"1141","20091",2006,"Wheat",4111.33644104004,214
"1142","20091",2007,"Wheat",4225.84044189453,214
"1143","20091",2008,"Wheat",3962.87131652832,214
"1144","20091",2009,"Wheat",3856.98131103516,214
"1145","20091",2010,"Wheat",4295.89955444336,214
"1146","20091",2011,"Wheat",4283.68098144532,214
"1147","20091",2012,"Wheat",4363.27485351563,214
"1148","20091",2013,"Wheat",4110.82010192871,214
"1149","20091",2014,"Wheat",4075.62937622071,214
"1150","20091",2015,"Wheat",4209.10260925293,214
"1151","20091",2016,"Wheat",4322.11500854493,214
"1152","20091",2017,"Wheat",4165.61904602051,214
"1153","20091",2018,"Wheat",4184.05889282227,214
"1154","20091",2019,"Wheat",4104.76212768555,214
"1155","20091",2020,"Wheat",3936.34077758789,214
"1156","20091",2021,"Wheat",4176.74978942871,214
"1157","20091",2022,"Wheat",4176.92537841797,214
"1158","20091",2023,"Wheat",4258.5265411377,214
"1159","20091",2024,"Wheat",4336.09094848633,214
"1160","20091",2025,"Wheat",4283.14549255371,214
"1161","20103",2006,"Wheat",4084.57912597657,214
"1162","20103",2007,"Wheat",4190.08235473633,214
"1163","20103",2008,"Wheat",3918.453805542,214
"1164","20103",2009,"Wheat",3826.25541381836,214
"1165","20103",2010,"Wheat",4281.1073425293,214
"1166","20103",2011,"Wheat",4260.42950439453,214
"1167","20103",2012,"Wheat",4352.70999450684,214
"1168","20103",2013,"Wheat",4099.22969055176,214
"1169","20103",2014,"Wheat",4046.67067260743,214
"1170","20103",2015,"Wheat",4185.52086181641,214
"1171","20103",2016,"Wheat",4258.22334594727,214
"1172","20103",2017,"Wheat",4087.59720764161,214
"1173","20103",2018,"Wheat",4119.61904907227,214
"1174","20103",2019,"Wheat",4048.67795104981,214
"1175","20103",2020,"Wheat",3924.69132080078,214
"1176","20103",2021,"Wheat",4160.38157653809,214
"1177","20103",2022,"Wheat",4132.34463195801,214
"1178","20103",2023,"Wheat",4221.39895935059,214
"1179","20103",2024,"Wheat",4271.59708862305,214
"1180","20103",2025,"Wheat",4232.38040771485,214
"1181","20117",2006,"Wheat",3911.64930114746,214
"1182","20117",2007,"Wheat",4034.76380310059,214
"1183","20117",2008,"Wheat",3764.18131103516,214
"1184","20117",2009,"Wheat",3617.1878112793,214
"1185","20117",2010,"Wheat",4084.34563293457,214
"1186","20117",2011,"Wheat",4124.76151428223,214
"1187","20117",2012,"Wheat",4226.79696044922,214
"1188","20117",2013,"Wheat",3977.96966857911,214
"1189","20117",2014,"Wheat",3852.46698608399,214
"1190","20117",2015,"Wheat",4008.31667175293,214
"1191","20117",2016,"Wheat",4048.48444213868,214
"1192","20117",2017,"Wheat",3863.02925415039,214
"1193","20117",2018,"Wheat",3890.0266998291,214
"1194","20117",2019,"Wheat",3856.20961303711,214
"1195","20117",2020,"Wheat",3767.29889831543,214
"1196","20117",2021,"Wheat",4012.52440185547,214
"1197","20117",2022,"Wheat",3918.84487915039,214
"1198","20117",2023,"Wheat",4036.13621826172,214
"1199","20117",2024,"Wheat",4100.47668762207,214
"1200","20117",2025,"Wheat",4039.58663024903,214
"1201","20127",2006,"Wheat",4069.98817443848,214
"1202","20127",2007,"Wheat",4129.76237487793,214
"1203","20127",2008,"Wheat",3882.75135498047,214
"1204","20127",2009,"Wheat",3706.74855957032,214
"1205","20127",2010,"Wheat",4189.72619934082,214
"1206","20127",2011,"Wheat",4222.48991699219,214
"1207","20127",2012,"Wheat",4311.58322753907,214
"1208","20127",2013,"Wheat",4047.02154846192,214
"1209","20127",2014,"Wheat",4032.20221862793,214
"1210","20127",2015,"Wheat",4138.65951843262,214
"1211","20127",2016,"Wheat",4283.14633178711,214
"1212","20127",2017,"Wheat",4117.64666137696,214
"1213","20127",2018,"Wheat",4125.67811279297,214
"1214","20127",2019,"Wheat",4030.31632995606,214
"1215","20127",2020,"Wheat",3861.77469787598,214
"1216","20127",2021,"Wheat",4071.30736389161,214
"1217","20127",2022,"Wheat",4046.27506408692,214
"1218","20127",2023,"Wheat",4102.46094360352,214
"1219","20127",2024,"Wheat",4208.82944641114,214
"1220","20127",2025,"Wheat",4152.48606567383,214
"1221","20131",2006,"Wheat",3915.8547821045,214
"1222","20131",2007,"Wheat",4046.92339172364,214
"1223","20131",2008,"Wheat",3776.96651611329,214
"1224","20131",2009,"Wheat",3637.75827331543,214
"1225","20131",2010,"Wheat",4095.85286254883,214
"1226","20131",2011,"Wheat",4128.64862365723,214
"1227","20131",2012,"Wheat",4229.10644226075,214
"1228","20131",2013,"Wheat",3980.36109008789,214
"1229","20131",2014,"Wheat",3865.97586975098,214
"1230","20131",2015,"Wheat",4010.60630187989,214
"1231","20131",2016,"Wheat",4078.44934692383,214
"1232","20131",2017,"Wheat",3902.59840087891,214
"1233","20131",2018,"Wheat",3915.63844299317,214
"1234","20131",2019,"Wheat",3881.04492797852,214
"1235","20131",2020,"Wheat",3771.5172241211,214
"1236","20131",2021,"Wheat",4012.23118896485,214
"1237","20131",2022,"Wheat",3907.65042419434,214
"1238","20131",2023,"Wheat",4036.35480041504,214
"1239","20131",2024,"Wheat",4118.35849609375,214
"1240","20131",2025,"Wheat",4055.85971069336,214
"1241","20139",2006,"Wheat",4074.87138671875,214
"1242","20139",2007,"Wheat",4167.24327392578,214
"1243","20139",2008,"Wheat",3914.90676574707,214
"1244","20139",2009,"Wheat",3792.66634826661,214
"1245","20139",2010,"Wheat",4256.56839294434,214
"1246","20139",2011,"Wheat",4249.11044311524,214
"1247","20139",2012,"Wheat",4336.82958374024,214
"1248","20139",2013,"Wheat",4070.3473815918,214
"1249","20139",2014,"Wheat",4072.99403076172,214
"1250","20139",2015,"Wheat",4206.72320556641,214
"1251","20139",2016,"Wheat",4334.88991699219,214
"1252","20139",2017,"Wheat",4199.63279418946,214
"1253","20139",2018,"Wheat",4188.55936279297,214
"1254","20139",2019,"Wheat",4118.17760620118,214
"1255","20139",2020,"Wheat",3971.24571228028,214
"1256","20139",2021,"Wheat",4187.03269042969,214
"1257","20139",2022,"Wheat",4139.05218811036,214
"1258","20139",2023,"Wheat",4211.53463134766,214
"1259","20139",2024,"Wheat",4273.975680542,214
"1260","20139",2025,"Wheat",4223.18987426758,214
"1261","20149",2006,"Wheat",3986.903024292,214
"1262","20149",2007,"Wheat",4089.46712951661,214
"1263","20149",2008,"Wheat",3816.59353027344,214
"1264","20149",2009,"Wheat",3682.20551757813,214
"1265","20149",2010,"Wheat",4147.36364746094,214
"1266","20149",2011,"Wheat",4179.83299560547,214
"1267","20149",2012,"Wheat",4283.88639221192,214
"1268","20149",2013,"Wheat",4033.01040039063,214
"1269","20149",2014,"Wheat",3951.5841583252,214
"1270","20149",2015,"Wheat",4096.63939819336,214
"1271","20149",2016,"Wheat",4183.13801269532,214
"1272","20149",2017,"Wheat",4005.50602722168,214
"1273","20149",2018,"Wheat",4009.84719543457,214
"1274","20149",2019,"Wheat",3956.26636352539,214
"1275","20149",2020,"Wheat",3843.91666870118,214
"1276","20149",2021,"Wheat",4069.87818603516,214
"1277","20149",2022,"Wheat",3994.91819763184,214
"1278","20149",2023,"Wheat",4097.5111114502,214
"1279","20149",2024,"Wheat",4152.99535522461,214
"1280","20149",2025,"Wheat",4087.34352722168,214
"1281","20161",2006,"Wheat",4050.86073608399,214
"1282","20161",2007,"Wheat",4143.54194335938,214
"1283","20161",2008,"Wheat",3873.28274841309,214
"1284","20161",2009,"Wheat",3714.75707092286,214
"1285","20161",2010,"Wheat",4165.10851135254,214
"1286","20161",2011,"Wheat",4187.04266052246,214
"1287","20161",2012,"Wheat",4279.64996643067,214
"1288","20161",2013,"Wheat",4041.82570495606,214
"1289","20161",2014,"Wheat",4011.83119201661,214
"1290","20161",2015,"Wheat",4145.96561584473,214
"1291","20161",2016,"Wheat",4309.33878173828,214
"1292","20161",2017,"Wheat",4129.98869018555,214
"1293","20161",2018,"Wheat",4108.71076049805,214
"1294","20161",2019,"Wheat",4033.68153686524,214
"1295","20161",2020,"Wheat",3884.30621337891,214
"1296","20161",2021,"Wheat",4102.47153930664,214
"1297","20161",2022,"Wheat",4071.50963745118,214
"1298","20161",2023,"Wheat",4157.40770263672,214
"1299","20161",2024,"Wheat",4214.61503601075,214
"1300","20161",2025,"Wheat",4167.36681518555,214
"1301","20177",2006,"Wheat",4069.16265869141,214
"1302","20177",2007,"Wheat",4170.9512084961,214
"1303","20177",2008,"Wheat",3912.51593017579,214
"1304","20177",2009,"Wheat",3794.49783630371,214
"1305","20177",2010,"Wheat",4247.08014831543,214
"1306","20177",2011,"Wheat",4240.27053222657,214
"1307","20177",2012,"Wheat",4341.92951049805,214
"1308","20177",2013,"Wheat",4075.19970092774,214
"1309","20177",2014,"Wheat",4055.48458251953,214
"1310","20177",2015,"Wheat",4187.51640014649,214
"1311","20177",2016,"Wheat",4318.84045104981,214
"1312","20177",2017,"Wheat",4168.73434143067,214
"1313","20177",2018,"Wheat",4151.48364257813,214
"1314","20177",2019,"Wheat",4091.35877380371,214
"1315","20177",2020,"Wheat",3945.92538452149,214
"1316","20177",2021,"Wheat",4160.47177124024,214
"1317","20177",2022,"Wheat",4105.4330078125,214
"1318","20177",2023,"Wheat",4171.39715270996,214
"1319","20177",2024,"Wheat",4240.13354187012,214
"1320","20177",2025,"Wheat",4189.24794006348,214
"1321","20197",2006,"Wheat",4027.14243164063,214
"1322","20197",2007,"Wheat",4116.77508544922,214
"1323","20197",2008,"Wheat",3860.51056823731,214
"1324","20197",2009,"Wheat",3718.46869506836,214
"1325","20197",2010,"Wheat",4192.73182983399,214
"1326","20197",2011,"Wheat",4206.78488769532,214
"1327","20197",2012,"Wheat",4304.43707275391,214
"1328","20197",2013,"Wheat",4045.06825256348,214
"1329","20197",2014,"Wheat",4013.47989196778,214
"1330","20197",2015,"Wheat",4139.14664306641,214
"1331","20197",2016,"Wheat",4262.98865356446,214
"1332","20197",2017,"Wheat",4100.19441223145,214
"1333","20197",2018,"Wheat",4118.94122619629,214
"1334","20197",2019,"Wheat",4038.02718811036,214
"1335","20197",2020,"Wheat",3922.49932556153,214
"1336","20197",2021,"Wheat",4124.57051696778,214
"1337","20197",2022,"Wheat",4067.90236206055,214
"1338","20197",2023,"Wheat",4153.9487701416,214
"1339","20197",2024,"Wheat",4227.92815551758,214
"1340","20197",2025,"Wheat",4158.76453552246,214
"1341","20209",2006,"Wheat",4106.56850585938,214
"1342","20209",2007,"Wheat",4228.98570861817,214
"1343","20209",2008,"Wheat",3960.62447509766,214
"1344","20209",2009,"Wheat",3844.39561462403,214
"1345","20209",2010,"Wheat",4315.90339965821,214
"1346","20209",2011,"Wheat",4292.2490020752,214
"1347","20209",2012,"Wheat",4374.44533996582,214
"1348","20209",2013,"Wheat",4124.74944458008,214
"1349","20209",2014,"Wheat",4099.35054626465,214
"1350","20209",2015,"Wheat",4234.97790527344,214
"1351","20209",2016,"Wheat",4325.11380615235,214
"1352","20209",2017,"Wheat",4177.6035736084,214
"1353","20209",2018,"Wheat",4195.49782714844,214
"1354","20209",2019,"Wheat",4127.1942352295,214
"1355","20209",2020,"Wheat",3957.03237304688,214
"1356","20209",2021,"Wheat",4187.79804992676,214
"1357","20209",2022,"Wheat",4201.89700927735,214
"1358","20209",2023,"Wheat",4288.88230285645,214
"1359","20209",2024,"Wheat",4360.14822692871,214
"1360","20209",2025,"Wheat",4313.56634216309,214
